grid_position,qualifying_position,qualifying_grid_gap,recent_avg_finish,recent_finish_std,recent_avg_qualifying,recent_avg_qualifying_to_finish,recent_avg_constructor_finish,recent_avg_constructor_qualifying,driver_circuit_history,circuit_avg_position_change,driver_circuit_avg_position_change,recent_avg_position_change,position_change,season,round,race_id,driver
14,14.0,0.0,11.333333333333334,3.0550504633038913,11.333333333333334,0.3333333333333333,11.291666666666668,11.333333333333334,10.0,0.0,0.0,0.3333333333333333,1,2022,1,2022_1,Alexander Albon
3,3.0,0.0,11.333333333333334,3.0550504633038913,11.333333333333334,0.3333333333333333,11.291666666666668,11.333333333333334,10.0,0.0,0.0,0.3333333333333333,1,2022,1,2022_1,Carlos Sainz
1,1.0,0.0,11.333333333333334,3.0550504633038913,11.333333333333334,0.3333333333333333,11.291666666666668,11.333333333333334,10.0,0.0,0.0,0.3333333333333333,0,2022,1,2022_1,Charles Leclerc
18,18.0,0.0,11.333333333333334,3.0550504633038913,11.333333333333334,0.3333333333333333,11.291666666666668,11.333333333333334,10.0,0.0,0.0,0.3333333333333333,4,2022,1,2022_1,Daniel Ricciardo
11,11.0,0.0,11.333333333333334,3.0550504633038913,11.333333333333334,0.3333333333333333,11.291666666666668,11.333333333333334,10.0,0.0,0.0,0.3333333333333333,4,2022,1,2022_1,Esteban Ocon
8,8.0,0.0,11.333333333333334,3.0550504633038913,11.333333333333334,0.3333333333333333,11.291666666666668,11.333333333333334,10.0,0.0,0.0,0.3333333333333333,-1,2022,1,2022_1,Fernando Alonso
9,9.0,0.0,11.333333333333334,3.0550504633038913,11.333333333333334,0.3333333333333333,11.291666666666668,11.333333333333334,10.0,0.0,0.0,0.3333333333333333,5,2022,1,2022_1,George Russell
15,15.0,0.0,11.333333333333334,3.0550504633038913,11.333333333333334,0.3333333333333333,11.291666666666668,11.333333333333334,10.0,0.0,0.0,0.3333333333333333,5,2022,1,2022_1,Guanyu Zhou
7,7.0,0.0,11.333333333333334,3.0550504633038913,11.333333333333334,0.3333333333333333,11.291666666666668,11.333333333333334,10.0,0.0,0.0,0.3333333333333333,2,2022,1,2022_1,Kevin Magnussen
19,19.0,0.0,11.333333333333334,3.0550504633038913,11.333333333333334,0.3333333333333333,11.291666666666668,11.333333333333334,10.0,0.0,0.0,0.3333333333333333,7,2022,1,2022_1,Lance Stroll
13,13.0,0.0,11.333333333333334,3.0550504633038913,11.333333333333334,0.3333333333333333,11.291666666666668,11.333333333333334,10.0,0.0,0.0,0.3333333333333333,-2,2022,1,2022_1,Lando Norris
5,5.0,0.0,11.333333333333334,3.0550504633038913,11.333333333333334,0.3333333333333333,11.291666666666668,11.333333333333334,10.0,0.0,0.0,0.3333333333333333,2,2022,1,2022_1,Lewis Hamilton
2,2.0,0.0,11.333333333333334,3.0550504633038913,11.333333333333334,0.3333333333333333,11.291666666666668,11.333333333333334,10.0,0.0,0.0,0.3333333333333333,-17,2022,1,2022_1,Max Verstappen
12,12.0,0.0,11.333333333333334,3.0550504633038913,11.333333333333334,0.3333333333333333,11.291666666666668,11.333333333333334,10.0,0.0,0.0,0.3333333333333333,1,2022,1,2022_1,Mick Schumacher
20,20.0,0.0,11.333333333333334,3.0550504633038913,11.333333333333334,0.3333333333333333,11.291666666666668,11.333333333333334,10.0,0.0,0.0,0.3333333333333333,4,2022,1,2022_1,Nicholas Latifi
17,17.0,0.0,11.333333333333334,3.0550504633038913,11.333333333333334,0.3333333333333333,11.291666666666668,11.333333333333334,10.0,0.0,0.0,0.3333333333333333,0,2022,1,2022_1,Nico Hülkenberg
10,10.0,0.0,11.333333333333334,3.0550504633038913,11.333333333333334,0.3333333333333333,11.291666666666668,11.333333333333334,10.0,0.0,0.0,0.3333333333333333,-10,2022,1,2022_1,Pierre Gasly
4,4.0,0.0,11.333333333333334,3.0550504633038913,11.333333333333334,0.3333333333333333,11.291666666666668,11.333333333333334,10.0,0.0,0.0,0.3333333333333333,-14,2022,1,2022_1,Sergio Pérez
6,6.0,0.0,11.333333333333334,3.0550504633038913,11.333333333333334,0.3333333333333333,11.291666666666668,11.333333333333334,10.0,0.0,0.0,0.3333333333333333,0,2022,1,2022_1,Valtteri Bottas
16,16.0,0.0,11.333333333333334,3.0550504633038913,11.333333333333334,0.3333333333333333,11.291666666666668,11.333333333333334,10.0,0.0,0.0,0.3333333333333333,8,2022,1,2022_1,Yuki Tsunoda
16,17.0,-1.0,13.0,3.0550504633038913,14.0,1.0,14.5,17.0,10.0,0.0,0.0,1.0,2,2022,2,2022_2,Alexander Albon
3,3.0,0.0,2.0,3.0550504633038913,3.0,1.0,1.5,2.0,10.0,0.0,0.0,1.0,0,2022,2,2022_2,Carlos Sainz
2,2.0,0.0,1.0,3.0550504633038913,1.0,0.0,1.5,2.0,10.0,0.0,0.0,0.0,0,2022,2,2022_2,Charles Leclerc
14,12.0,2.0,14.0,3.0550504633038913,18.0,4.0,14.5,15.5,10.0,0.0,0.0,4.0,-3,2022,2,2022_2,Daniel Ricciardo
5,5.0,0.0,7.0,3.0550504633038913,11.0,4.0,8.0,9.5,10.0,0.0,0.0,4.0,-1,2022,2,2022_2,Esteban Ocon
7,7.0,0.0,9.0,3.0550504633038913,8.0,-1.0,8.0,9.5,10.0,0.0,0.0,-1.0,-9,2022,2,2022_2,Fernando Alonso
6,6.0,0.0,4.0,3.0550504633038913,9.0,5.0,3.5,7.0,10.0,0.0,0.0,5.0,1,2022,2,2022_2,George Russell
12,13.0,-1.0,10.0,3.0550504633038913,15.0,5.0,8.0,10.5,10.0,0.0,0.0,5.0,1,2022,2,2022_2,Guanyu Zhou
10,10.0,0.0,5.0,3.0550504633038913,7.0,2.0,8.0,9.5,10.0,0.0,0.0,2.0,1,2022,2,2022_2,Kevin Magnussen
13,15.0,-2.0,12.0,3.0550504633038913,19.0,7.0,14.5,18.0,10.0,0.0,0.0,7.0,0,2022,2,2022_2,Lance Stroll
11,11.0,0.0,15.0,3.0550504633038913,13.0,-2.0,14.5,15.5,10.0,0.0,0.0,-2.0,4,2022,2,2022_2,Lando Norris
15,16.0,-1.0,3.0,3.0550504633038913,5.0,2.0,3.5,7.0,10.0,0.0,0.0,2.0,5,2022,2,2022_2,Lewis Hamilton
4,4.0,0.0,19.0,3.0550504633038913,2.0,-17.0,18.5,3.0,10.0,0.0,0.0,-17.0,3,2022,2,2022_2,Max Verstappen
0,14.0,-14.0,11.0,3.0550504633038913,12.0,1.0,8.0,9.5,10.0,0.0,0.0,1.0,-20,2022,2,2022_2,Mick Schumacher
18,19.0,-1.0,16.0,3.0550504633038913,20.0,4.0,14.5,17.0,10.0,0.0,0.0,4.0,0,2022,2,2022_2,Nicholas Latifi
17,18.0,-1.0,17.0,3.0550504633038913,17.0,0.0,14.5,18.0,10.0,0.0,0.0,0.0,5,2022,2,2022_2,Nico Hülkenberg
9,9.0,0.0,20.0,3.0550504633038913,10.0,-10.0,14.0,13.0,10.0,0.0,0.0,-10.0,1,2022,2,2022_2,Pierre Gasly
1,1.0,0.0,18.0,3.0550504633038913,4.0,-14.0,18.5,3.0,10.0,0.0,0.0,-14.0,-3,2022,2,2022_2,Sergio Pérez
8,8.0,0.0,6.0,3.0550504633038913,6.0,0.0,8.0,10.5,10.0,0.0,0.0,0.0,-7,2022,2,2022_2,Valtteri Bottas
19,20.0,-1.0,8.0,3.0550504633038913,16.0,8.0,14.0,13.0,10.0,0.0,0.0,8.0,0,2022,2,2022_2,Yuki Tsunoda
20,16.0,4.0,13.5,0.7071067811865476,15.5,2.0,15.25,17.5,10.0,0.0,0.0,1.5,10,2022,3,2022_3,Alexander Albon
9,9.0,0.0,2.5,0.7071067811865476,3.0,0.5,2.0,2.25,10.0,0.0,0.0,0.5,-11,2022,3,2022_3,Carlos Sainz
1,1.0,0.0,1.5,0.7071067811865476,1.5,0.0,2.0,2.25,10.0,0.0,0.0,0.0,0,2022,3,2022_3,Charles Leclerc
7,7.0,0.0,15.5,2.1213203435596424,15.0,-0.5,13.25,13.5,10.0,0.0,0.0,0.5,1,2022,3,2022_3,Daniel Ricciardo
8,8.0,0.0,6.5,0.7071067811865476,8.0,1.5,9.5,7.75,10.0,0.0,0.0,1.5,1,2022,3,2022_3,Esteban Ocon
10,10.0,0.0,12.5,4.949747468305833,7.5,-5.0,9.5,7.75,10.0,0.0,0.0,-5.0,-7,2022,3,2022_3,Fernando Alonso
6,6.0,0.0,4.5,0.7071067811865476,7.5,3.0,5.5,9.0,10.0,0.0,0.0,3.0,3,2022,3,2022_3,George Russell
14,14.0,0.0,10.5,0.7071067811865476,14.0,3.5,10.5,10.5,10.0,0.0,0.0,3.0,3,2022,3,2022_3,Guanyu Zhou
16,17.0,-1.0,7.0,2.8284271247461903,8.5,1.5,11.25,10.75,10.0,0.0,0.0,1.5,2,2022,3,2022_3,Kevin Magnussen
19,20.0,-1.0,12.5,0.7071067811865476,17.0,4.5,13.5,17.25,10.0,0.0,0.0,3.5,7,2022,3,2022_3,Lance Stroll
4,4.0,0.0,11.0,5.656854249492381,12.0,1.0,13.25,13.5,10.0,0.0,0.0,1.0,-1,2022,3,2022_3,Lando Norris
5,5.0,0.0,6.5,4.949747468305833,10.5,4.0,5.5,9.0,10.0,0.0,0.0,3.5,1,2022,3,2022_3,Lewis Hamilton
2,2.0,0.0,10.0,12.727922061357855,3.0,-7.0,10.5,2.75,10.0,0.0,0.0,-7.0,-16,2022,3,2022_3,Max Verstappen
15,15.0,0.0,15.5,6.363961030678928,13.0,-2.5,11.25,10.75,10.0,0.0,0.0,-9.5,2,2022,3,2022_3,Mick Schumacher
18,19.0,-1.0,17.0,1.4142135623730951,19.5,2.5,15.25,17.5,10.0,0.0,0.0,2.0,2,2022,3,2022_3,Nicholas Latifi
11,11.0,0.0,14.0,8.48528137423857,9.5,-4.5,13.75,13.75,10.0,0.0,0.0,-4.5,2,2022,3,2022_3,Pierre Gasly
17,18.0,-1.0,11.333333333333334,3.0550504633038913,11.333333333333334,0.3333333333333333,13.5,17.25,10.0,0.0,0.0,0.3333333333333333,-2,2022,3,2022_3,Sebastian Vettel
3,3.0,0.0,11.0,9.899494936611665,2.5,-8.5,10.5,2.75,10.0,0.0,0.0,-8.5,1,2022,3,2022_3,Sergio Pérez
12,12.0,0.0,10.5,6.363961030678928,7.0,-3.5,10.5,10.5,10.0,0.0,0.0,-3.5,4,2022,3,2022_3,Valtteri Bottas
13,13.0,0.0,13.5,7.7781745930520225,18.0,4.5,13.75,13.75,10.0,0.0,0.0,4.0,-2,2022,3,2022_3,Yuki Tsunoda
18,20.0,-2.0,12.333333333333334,2.081665999466133,15.666666666666666,3.3333333333333335,14.5,17.5,10.0,0.0,0.0,4.333333333333333,7,2022,4,2022_4,Alexander Albon
4,10.0,-6.0,8.333333333333334,10.115993936995679,5.0,-3.3333333333333335,4.833333333333333,3.1666666666666665,10.0,0.0,0.0,-3.3333333333333335,-16,2022,4,2022_4,Carlos Sainz
2,2.0,0.0,1.3333333333333333,0.5773502691896257,1.3333333333333333,0.0,4.833333333333333,3.1666666666666665,10.0,0.0,0.0,0.0,-4,2022,4,2022_4,Charles Leclerc
6,6.0,0.0,12.333333333333334,5.686240703077327,12.333333333333334,0.0,10.666666666666666,10.833333333333334,10.0,0.0,0.0,0.6666666666666666,-12,2022,4,2022_4,Daniel Ricciardo
16,19.0,-3.0,6.666666666666667,0.5773502691896257,8.0,1.3333333333333333,10.333333333333334,8.166666666666666,10.0,0.0,0.0,1.3333333333333333,2,2022,4,2022_4,Esteban Ocon
9,5.0,4.0,14.0,4.358898943540674,8.333333333333334,-5.666666666666667,10.333333333333334,8.166666666666666,10.0,0.0,0.0,-5.666666666666667,-10,2022,4,2022_4,Fernando Alonso
11,11.0,0.0,4.0,1.0,7.0,3.0,4.833333333333333,7.833333333333333,10.0,0.0,0.0,3.0,7,2022,4,2022_4,George Russell
0,14.0,-14.0,10.666666666666666,0.5773502691896258,14.0,3.3333333333333335,10.166666666666666,11.333333333333334,10.0,0.0,0.0,3.0,-15,2022,4,2022_4,Guanyu Zhou
8,4.0,4.0,9.333333333333334,4.509249752822894,11.333333333333334,2.0,12.0,12.5,10.0,0.0,0.0,1.6666666666666667,-1,2022,4,2022_4,Kevin Magnussen
15,15.0,0.0,12.333333333333334,0.5773502691896258,18.0,5.666666666666667,14.166666666666666,17.833333333333332,10.0,0.0,0.0,4.666666666666667,5,2022,4,2022_4,Lance Stroll
5,3.0,2.0,9.0,5.291502622129181,9.333333333333334,0.3333333333333333,10.666666666666666,10.833333333333334,10.0,0.0,0.0,0.3333333333333333,2,2022,4,2022_4,Lando Norris
14,13.0,1.0,5.666666666666667,3.7859388972001824,8.666666666666666,3.0,4.833333333333333,7.833333333333333,10.0,0.0,0.0,2.6666666666666665,1,2022,4,2022_4,Lewis Hamilton
1,1.0,0.0,12.666666666666666,10.115993936995679,2.6666666666666665,-10.0,10.333333333333334,2.6666666666666665,10.0,0.0,0.0,-10.0,0,2022,4,2022_4,Max Verstappen
10,12.0,-2.0,14.666666666666666,4.725815626252608,13.666666666666666,-1.0,12.0,12.5,10.0,0.0,0.0,-5.666666666666667,-7,2022,4,2022_4,Mick Schumacher
19,18.0,1.0,16.666666666666668,1.1547005383792517,19.333333333333332,2.6666666666666665,14.5,17.5,10.0,0.0,0.0,2.0,3,2022,4,2022_4,Nicholas Latifi
17,17.0,0.0,12.333333333333334,6.658328118479393,10.0,-2.3333333333333335,13.166666666666666,13.166666666666666,10.0,0.0,0.0,-2.3333333333333335,5,2022,4,2022_4,Pierre Gasly
13,9.0,4.0,19.0,3.0550504633038913,18.0,-1.0,14.166666666666666,17.833333333333332,10.0,0.0,0.0,-2.0,5,2022,4,2022_4,Sebastian Vettel
3,7.0,-4.0,8.0,8.717797887081348,2.6666666666666665,-5.333333333333333,10.333333333333334,2.6666666666666665,10.0,0.0,0.0,-5.333333333333333,1,2022,4,2022_4,Sergio Pérez
7,8.0,-1.0,9.666666666666666,4.725815626252608,8.666666666666666,-1.0,10.166666666666666,11.333333333333334,10.0,0.0,0.0,-1.0,2,2022,4,2022_4,Valtteri Bottas
12,16.0,-4.0,14.0,5.5677643628300215,16.333333333333332,2.3333333333333335,13.166666666666666,13.166666666666666,10.0,0.0,0.0,2.0,5,2022,4,2022_4,Yuki Tsunoda
18,18.0,0.0,11.666666666666666,2.081665999466133,17.666666666666668,6.0,14.166666666666666,18.166666666666668,10.0,0.0,0.0,6.333333333333333,9,2022,5,2022_5,Alexander Albon
2,2.0,0.0,14.333333333333334,9.81495457622364,7.333333333333333,-7.0,8.666666666666666,4.5,10.0,0.0,0.0,-9.0,-1,2022,5,2022_5,Carlos Sainz
1,1.0,0.0,3.0,2.6457513110645907,1.6666666666666667,-1.3333333333333333,8.666666666666666,4.5,10.0,0.0,0.0,-1.3333333333333333,-1,2022,5,2022_5,Charles Leclerc
14,14.0,0.0,13.666666666666666,6.658328118479393,8.333333333333334,-5.333333333333333,9.333333333333334,7.166666666666667,10.0,0.0,0.0,-4.666666666666667,1,2022,5,2022_5,Daniel Ricciardo
20,20.0,0.0,9.0,4.358898943540674,10.666666666666666,1.6666666666666667,13.166666666666666,9.0,10.0,0.0,0.0,0.6666666666666666,12,2022,5,2022_5,Esteban Ocon
11,11.0,0.0,17.333333333333332,1.5275252316519472,7.333333333333333,-10.0,13.166666666666666,9.0,10.0,0.0,0.0,-8.666666666666666,0,2022,5,2022_5,Fernando Alonso
12,12.0,0.0,4.0,1.0,7.666666666666667,3.6666666666666665,6.5,9.5,10.0,0.0,0.0,3.6666666666666665,7,2022,5,2022_5,George Russell
17,17.0,0.0,12.333333333333334,2.309401076758503,13.666666666666666,1.3333333333333333,10.833333333333334,11.5,10.0,0.0,0.0,-3.6666666666666665,-3,2022,5,2022_5,Guanyu Zhou
16,16.0,0.0,10.666666666666666,2.886751345948128,10.333333333333334,-0.3333333333333333,13.666666666666666,12.0,10.0,0.0,0.0,0.6666666666666666,0,2022,5,2022_5,Kevin Magnussen
0,10.0,-10.0,11.666666666666666,1.5275252316519465,16.666666666666668,5.0,12.333333333333334,15.833333333333334,10.0,0.0,0.0,4.0,-10,2022,5,2022_5,Lance Stroll
8,8.0,0.0,5.0,2.0,6.0,1.0,9.333333333333334,7.166666666666667,10.0,0.0,0.0,1.6666666666666667,-11,2022,5,2022_5,Lando Norris
6,6.0,0.0,9.0,4.58257569495584,11.333333333333334,2.3333333333333335,6.5,9.5,10.0,0.0,0.0,2.3333333333333335,0,2022,5,2022_5,Lewis Hamilton
3,3.0,0.0,6.666666666666667,9.814954576223638,2.3333333333333335,-4.333333333333333,4.666666666666667,3.0,10.0,0.0,0.0,-4.333333333333333,2,2022,5,2022_5,Max Verstappen
15,15.0,0.0,16.666666666666668,3.511884584284246,13.666666666666666,-3.0,13.666666666666666,12.0,10.0,0.0,0.0,-8.333333333333334,0,2022,5,2022_5,Mick Schumacher
19,19.0,0.0,16.666666666666668,1.1547005383792517,18.666666666666668,2.0,14.166666666666666,18.166666666666668,10.0,0.0,0.0,1.6666666666666667,5,2022,5,2022_5,Nicholas Latifi
7,7.0,0.0,9.666666666666666,2.0816659994661344,12.333333333333334,2.6666666666666665,11.666666666666666,14.333333333333334,10.0,0.0,0.0,2.6666666666666665,-11,2022,5,2022_5,Pierre Gasly
0,13.0,-13.0,13.5,7.7781745930520225,13.5,0.0,12.333333333333334,15.833333333333334,10.0,0.0,0.0,1.5,-17,2022,5,2022_5,Sebastian Vettel
4,4.0,0.0,2.6666666666666665,1.1547005383792515,3.6666666666666665,1.0,4.666666666666667,3.0,10.0,0.0,0.0,-0.3333333333333333,0,2022,5,2022_5,Sergio Pérez
5,5.0,0.0,9.333333333333334,5.131601439446884,9.333333333333334,0.0,10.833333333333334,11.5,10.0,0.0,0.0,-0.3333333333333333,-2,2022,5,2022_5,Valtteri Bottas
9,9.0,0.0,13.666666666666666,6.110100926607786,16.333333333333332,2.6666666666666665,11.666666666666666,14.333333333333334,10.0,0.0,0.0,1.0,-3,2022,5,2022_5,Yuki Tsunoda
18,19.0,-1.0,10.0,1.0,18.0,8.0,12.666666666666666,18.333333333333332,10.0,0.0,0.0,8.666666666666666,0,2022,6,2022_6,Alexander Albon
3,3.0,0.0,14.333333333333334,9.814954576223638,7.0,-7.333333333333333,8.666666666666666,4.166666666666667,10.0,0.0,0.0,-9.333333333333334,-1,2022,6,2022_6,Carlos Sainz
1,1.0,0.0,3.0,2.6457513110645907,1.3333333333333333,-1.6666666666666667,8.666666666666666,4.166666666666667,10.0,0.0,0.0,-1.6666666666666667,-19,2022,6,2022_6,Charles Leclerc
9,9.0,0.0,12.333333333333334,6.027713773341709,9.0,-3.3333333333333335,10.666666666666666,7.0,10.0,0.0,0.0,-3.3333333333333335,-3,2022,6,2022_6,Daniel Ricciardo
12,12.0,0.0,9.666666666666666,3.7859388972001824,15.666666666666666,6.0,12.666666666666666,12.166666666666666,10.0,0.0,0.0,5.0,5,2022,6,2022_6,Esteban Ocon
20,17.0,3.0,15.666666666666666,4.163331998932266,8.666666666666666,-7.0,12.666666666666666,12.166666666666666,10.0,0.0,0.0,-5.666666666666667,11,2022,6,2022_6,Fernando Alonso
4,4.0,0.0,4.0,1.0,9.666666666666666,5.666666666666667,5.833333333333333,8.833333333333334,10.0,0.0,0.0,5.666666666666667,1,2022,6,2022_6,George Russell
15,15.0,0.0,15.333333333333334,4.509249752822893,15.0,-0.3333333333333333,11.0,11.666666666666666,10.0,0.0,0.0,-5.0,-4,2022,6,2022_6,Guanyu Zhou
8,8.0,0.0,13.0,3.6055512754639887,12.333333333333334,-0.6666666666666666,14.0,13.166666666666666,10.0,0.0,0.0,0.3333333333333333,-9,2022,6,2022_6,Kevin Magnussen
17,18.0,-1.0,10.666666666666666,1.1547005383792508,15.0,4.333333333333333,12.666666666666666,14.166666666666666,10.0,0.0,0.0,0.6666666666666666,2,2022,6,2022_6,Lance Stroll
11,11.0,0.0,9.0,8.717797887081348,5.0,-4.0,10.666666666666666,7.0,10.0,0.0,0.0,-3.3333333333333335,3,2022,6,2022_6,Lando Norris
6,6.0,0.0,7.666666666666667,4.725815626252609,8.0,0.3333333333333333,5.833333333333333,8.833333333333334,10.0,0.0,0.0,0.6666666666666666,1,2022,6,2022_6,Lewis Hamilton
2,2.0,0.0,6.666666666666667,9.814954576223638,2.0,-4.666666666666667,4.666666666666667,3.3333333333333335,10.0,0.0,0.0,-4.666666666666667,1,2022,6,2022_6,Max Verstappen
10,10.0,0.0,15.0,2.0000000000000013,14.0,-1.0,14.0,13.166666666666666,10.0,0.0,0.0,-1.6666666666666667,-4,2022,6,2022_6,Mick Schumacher
19,20.0,-1.0,15.333333333333334,1.1547005383792517,18.666666666666668,3.3333333333333335,12.666666666666666,18.333333333333332,10.0,0.0,0.0,3.3333333333333335,3,2022,6,2022_6,Nicholas Latifi
14,14.0,0.0,13.0,4.582575694955841,11.666666666666666,-1.3333333333333333,12.166666666666666,12.166666666666666,10.0,0.0,0.0,-1.3333333333333333,1,2022,6,2022_6,Pierre Gasly
16,16.0,0.0,14.666666666666666,5.8594652770823155,13.333333333333334,-1.3333333333333333,12.666666666666666,14.166666666666666,10.0,0.0,0.0,-4.666666666666667,5,2022,6,2022_6,Sebastian Vettel
5,5.0,0.0,2.6666666666666665,1.1547005383792517,4.666666666666667,2.0,4.666666666666667,3.3333333333333335,10.0,0.0,0.0,0.6666666666666666,3,2022,6,2022_6,Sergio Pérez
7,7.0,0.0,6.666666666666667,1.5275252316519476,8.333333333333334,1.6666666666666667,11.0,11.666666666666666,10.0,0.0,0.0,1.3333333333333333,1,2022,6,2022_6,Valtteri Bottas
13,13.0,0.0,11.333333333333334,4.04145188432738,12.666666666666666,1.3333333333333333,12.166666666666666,12.166666666666666,10.0,0.0,0.0,0.0,3,2022,6,2022_6,Yuki Tsunoda
16,16.0,0.0,12.666666666666666,4.725815626252609,19.0,6.333333333333333,14.0,19.0,10.0,0.0,0.0,5.333333333333333,-2,2022,7,2022_7,Alexander Albon
2,2.0,0.0,9.0,9.539392014169454,5.0,-4.0,9.166666666666666,3.1666666666666665,10.0,0.0,0.0,-6.0,0,2022,7,2022_7,Carlos Sainz
1,1.0,0.0,9.333333333333334,9.451631252505218,1.3333333333333333,-8.0,9.166666666666666,3.1666666666666665,10.0,0.0,0.0,-8.0,-3,2022,7,2022_7,Charles Leclerc
14,14.0,0.0,14.333333333333334,3.2145502536643193,9.666666666666666,-4.666666666666667,12.166666666666666,8.5,10.0,0.0,0.0,-4.666666666666667,1,2022,7,2022_7,Daniel Ricciardo
10,10.0,0.0,9.666666666666666,3.7859388972001824,17.0,7.333333333333333,11.333333333333334,14.0,10.0,0.0,0.0,6.333333333333333,-2,2022,7,2022_7,Esteban Ocon
7,7.0,0.0,13.0,5.291502622129181,11.0,-2.0,11.333333333333334,14.0,10.0,0.0,0.0,0.3333333333333333,0,2022,7,2022_7,Fernando Alonso
6,6.0,0.0,4.0,1.0,9.0,5.0,6.0,8.666666666666666,10.0,0.0,0.0,5.0,1,2022,7,2022_7,George Russell
20,20.0,0.0,18.0,2.6457513110645894,15.333333333333334,-2.6666666666666665,12.0,11.0,10.0,0.0,0.0,-7.333333333333333,4,2022,7,2022_7,Guanyu Zhou
13,13.0,0.0,14.0,4.358898943540673,9.333333333333334,-4.666666666666667,14.666666666666666,10.833333333333334,10.0,0.0,0.0,-3.3333333333333335,-7,2022,7,2022_7,Kevin Magnussen
18,18.0,0.0,11.666666666666666,2.886751345948129,14.333333333333334,2.6666666666666665,11.833333333333334,13.5,10.0,0.0,0.0,-1.0,4,2022,7,2022_7,Lance Stroll
5,5.0,0.0,10.0,8.18535277187245,7.333333333333333,-2.6666666666666665,12.166666666666666,8.5,10.0,0.0,0.0,-2.0,-1,2022,7,2022_7,Lando Norris
8,8.0,0.0,8.0,4.358898943540674,8.333333333333334,0.3333333333333333,6.0,8.666666666666666,10.0,0.0,0.0,0.6666666666666666,0,2022,7,2022_7,Lewis Hamilton
4,4.0,0.0,1.0,0.0,2.0,1.0,1.8333333333333333,3.6666666666666665,10.0,0.0,0.0,1.0,1,2022,7,2022_7,Max Verstappen
15,15.0,0.0,15.333333333333334,1.527525231651948,12.333333333333334,-3.0,14.666666666666666,10.833333333333334,10.0,0.0,0.0,-3.6666666666666665,-4,2022,7,2022_7,Mick Schumacher
19,19.0,0.0,15.333333333333334,1.1547005383792517,19.0,3.6666666666666665,14.0,19.0,10.0,0.0,0.0,3.6666666666666665,4,2022,7,2022_7,Nicholas Latifi
17,17.0,0.0,14.333333333333334,3.2145502536643193,12.666666666666666,-1.6666666666666667,12.0,12.666666666666666,10.0,0.0,0.0,-1.6666666666666667,6,2022,7,2022_7,Pierre Gasly
9,9.0,0.0,12.0,4.58257569495584,12.666666666666666,0.6666666666666666,11.833333333333334,13.5,10.0,0.0,0.0,-2.3333333333333335,-1,2022,7,2022_7,Sebastian Vettel
3,3.0,0.0,2.6666666666666665,1.1547005383792517,5.333333333333333,2.6666666666666665,1.8333333333333333,3.6666666666666665,10.0,0.0,0.0,1.3333333333333333,2,2022,7,2022_7,Sergio Pérez
12,12.0,0.0,6.0,1.0000000000000018,6.666666666666667,0.6666666666666666,12.0,11.0,10.0,0.0,0.0,0.3333333333333333,3,2022,7,2022_7,Valtteri Bottas
11,11.0,0.0,9.666666666666666,2.516611478423582,12.666666666666666,3.0,12.0,12.666666666666666,10.0,0.0,0.0,1.6666666666666667,-6,2022,7,2022_7,Yuki Tsunoda
17,17.0,0.0,15.0,5.196152422706632,17.666666666666668,2.6666666666666665,15.0,18.5,10.0,0.0,0.0,2.3333333333333335,5,2022,8,2022_8,Alexander Albon
4,4.0,0.0,3.0,0.9999999999999702,2.3333333333333335,-0.6666666666666666,5.833333333333333,1.6666666666666667,10.0,0.0,0.0,-0.6666666666666666,-16,2022,8,2022_8,Carlos Sainz
1,1.0,0.0,8.666666666666666,9.865765724632496,1.0,-7.666666666666667,5.833333333333333,1.6666666666666667,10.0,0.0,0.0,-7.666666666666667,-18,2022,8,2022_8,Charles Leclerc
12,12.0,0.0,12.666666666666666,0.5773502691896336,12.333333333333334,-0.3333333333333333,11.833333333333334,10.166666666666666,10.0,0.0,0.0,-0.3333333333333333,4,2022,8,2022_8,Daniel Ricciardo
13,13.0,0.0,9.0,2.64575131106459,14.0,5.0,9.0,12.833333333333334,10.0,0.0,0.0,5.0,3,2022,8,2022_8,Esteban Ocon
10,10.0,0.0,9.0,2.0,11.666666666666666,2.6666666666666665,9.0,12.833333333333334,10.0,0.0,0.0,3.6666666666666665,3,2022,8,2022_8,Fernando Alonso
5,5.0,0.0,4.333333333333333,1.1547005383792517,7.333333333333333,3.0,5.333333333333333,7.0,10.0,0.0,0.0,3.0,2,2022,8,2022_8,George Russell
14,14.0,0.0,18.333333333333332,2.0816659994661304,17.333333333333332,-1.0,12.833333333333334,12.666666666666666,10.0,0.0,0.0,-1.0,-4,2022,8,2022_8,Guanyu Zhou
16,16.0,0.0,17.666666666666668,2.0816659994661313,12.333333333333334,-5.333333333333333,16.833333333333332,12.833333333333334,10.0,0.0,0.0,-5.333333333333333,-1,2022,8,2022_8,Kevin Magnussen
19,19.0,0.0,13.0,2.645751311064591,15.333333333333334,2.3333333333333335,12.833333333333334,14.0,10.0,0.0,0.0,-1.3333333333333333,3,2022,8,2022_8,Lance Stroll
11,11.0,0.0,11.0,7.0,8.0,-3.0,11.833333333333334,10.166666666666666,10.0,0.0,0.0,-3.0,2,2022,8,2022_8,Lando Norris
7,7.0,0.0,6.333333333333333,1.5275252316519468,6.666666666666667,0.3333333333333333,5.333333333333333,7.0,10.0,0.0,0.0,0.3333333333333333,3,2022,8,2022_8,Lewis Hamilton
3,3.0,0.0,1.6666666666666667,1.1547005383792517,3.0,1.3333333333333333,2.0,3.5,10.0,0.0,0.0,1.3333333333333333,2,2022,8,2022_8,Max Verstappen
20,20.0,0.0,16.0,2.64575131106459,13.333333333333334,-2.6666666666666665,16.833333333333332,12.833333333333334,10.0,0.0,0.0,-2.6666666666666665,6,2022,8,2022_8,Mick Schumacher
18,18.0,0.0,15.0,1.0000000000000004,19.333333333333332,4.333333333333333,15.0,18.5,10.0,0.0,0.0,4.0,3,2022,8,2022_8,Nicholas Latifi
6,6.0,0.0,14.0,3.6055512754639905,12.666666666666666,-1.3333333333333333,13.5,11.833333333333334,10.0,0.0,0.0,-1.3333333333333333,1,2022,8,2022_8,Pierre Gasly
9,9.0,0.0,12.666666666666666,3.7859388972001824,12.666666666666666,0.0,12.833333333333334,14.0,10.0,0.0,0.0,-4.333333333333333,3,2022,8,2022_8,Sebastian Vettel
2,2.0,0.0,2.3333333333333335,1.5275252316519468,4.0,1.6666666666666667,2.0,3.5,10.0,0.0,0.0,1.6666666666666667,0,2022,8,2022_8,Sergio Pérez
15,15.0,0.0,7.333333333333333,1.527525231651948,8.0,0.6666666666666666,12.833333333333334,12.666666666666666,10.0,0.0,0.0,0.6666666666666666,4,2022,8,2022_8,Valtteri Bottas
8,8.0,0.0,13.0,3.6055512754639887,11.0,-2.0,13.5,11.833333333333334,10.0,0.0,0.0,-2.0,-5,2022,8,2022_8,Yuki Tsunoda
12,12.0,0.0,16.0,3.4641016151377544,17.333333333333332,1.3333333333333333,15.666666666666666,18.166666666666668,10.0,0.0,0.0,1.0,-1,2022,9,2022_9,Alexander Albon
3,3.0,0.0,8.666666666666666,9.865765724632494,3.0,-5.666666666666667,11.5,2.0,10.0,0.0,0.0,-5.666666666666667,1,2022,9,2022_9,Carlos Sainz
19,15.0,4.0,14.333333333333334,8.962886439832502,1.0,-13.333333333333334,11.5,2.0,10.0,0.0,0.0,-13.333333333333334,14,2022,9,2022_9,Charles Leclerc
9,9.0,0.0,11.0,2.645751311064592,11.666666666666666,0.6666666666666666,9.333333333333334,10.333333333333334,10.0,0.0,0.0,0.6666666666666666,-2,2022,9,2022_9,Daniel Ricciardo
7,7.0,0.0,9.666666666666666,2.5166114784235827,11.666666666666666,2.0,8.666666666666666,11.5,10.0,0.0,0.0,2.0,1,2022,9,2022_9,Esteban Ocon
2,2.0,0.0,7.666666666666667,1.1547005383792517,11.333333333333334,3.6666666666666665,8.666666666666666,11.5,10.0,0.0,0.0,4.666666666666667,-7,2022,9,2022_9,Fernando Alonso
8,8.0,0.0,3.6666666666666665,1.1547005383792512,5.0,1.3333333333333333,4.666666666666667,6.0,10.0,0.0,0.0,1.3333333333333333,4,2022,9,2022_9,George Russell
10,10.0,0.0,17.666666666666668,1.527525231651943,16.333333333333332,-1.3333333333333333,13.166666666666666,13.833333333333334,10.0,0.0,0.0,-1.3333333333333333,2,2022,9,2022_9,Guanyu Zhou
5,5.0,0.0,18.0,1.7320508075688752,12.333333333333334,-5.666666666666667,16.833333333333332,13.666666666666666,10.0,0.0,0.0,-5.666666666666667,-12,2022,9,2022_9,Kevin Magnussen
17,18.0,-1.0,15.0,1.0000000000000018,18.333333333333332,3.3333333333333335,12.0,14.833333333333334,10.0,0.0,0.0,3.0,7,2022,9,2022_9,Lance Stroll
14,14.0,0.0,7.666666666666667,1.5275252316519465,9.0,1.3333333333333333,9.333333333333334,10.333333333333334,10.0,0.0,0.0,1.3333333333333333,-1,2022,9,2022_9,Lando Norris
4,4.0,0.0,5.666666666666667,2.081665999466133,7.0,1.3333333333333333,4.666666666666667,6.0,10.0,0.0,0.0,1.3333333333333333,1,2022,9,2022_9,Lewis Hamilton
1,1.0,0.0,1.6666666666666667,1.1547005383792517,3.0,1.3333333333333333,1.6666666666666667,3.1666666666666665,10.0,0.0,0.0,1.3333333333333333,0,2022,9,2022_9,Max Verstappen
6,6.0,0.0,15.666666666666666,2.886751345948129,15.0,-0.6666666666666666,16.833333333333332,13.666666666666666,10.0,0.0,0.0,-0.6666666666666666,-13,2022,9,2022_9,Mick Schumacher
18,19.0,-1.0,15.333333333333334,0.5773502691896266,19.0,3.6666666666666665,15.666666666666666,18.166666666666668,10.0,0.0,0.0,3.3333333333333335,2,2022,9,2022_9,Nicholas Latifi
15,16.0,-1.0,9.666666666666666,4.163331998932266,12.333333333333334,2.6666666666666665,11.5,11.5,10.0,0.0,0.0,2.6666666666666665,1,2022,9,2022_9,Pierre Gasly
16,17.0,-1.0,9.0,2.64575131106459,11.333333333333334,2.3333333333333335,12.0,14.833333333333334,10.0,0.0,0.0,2.3333333333333335,4,2022,9,2022_9,Sebastian Vettel
13,13.0,0.0,1.6666666666666667,0.5773502691896265,3.3333333333333335,1.6666666666666667,1.6666666666666667,3.1666666666666665,10.0,0.0,0.0,1.6666666666666667,-7,2022,9,2022_9,Sergio Pérez
11,11.0,0.0,8.666666666666666,2.516611478423584,11.333333333333334,2.6666666666666665,13.166666666666666,13.833333333333334,10.0,0.0,0.0,2.6666666666666665,4,2022,9,2022_9,Valtteri Bottas
20,20.0,0.0,13.333333333333334,3.5118845842842457,10.666666666666666,-2.6666666666666665,11.5,11.5,10.0,0.0,0.0,-2.6666666666666665,2,2022,9,2022_9,Yuki Tsunoda
16,16.0,0.0,14.333333333333334,3.2145502536643185,15.0,0.6666666666666666,14.833333333333334,16.833333333333332,10.0,0.0,0.0,0.6666666666666666,-4,2022,10,2022_10,Alexander Albon
1,1.0,0.0,8.0,10.392304845413262,3.0,-5.0,8.666666666666666,4.333333333333333,10.0,0.0,0.0,-5.0,0,2022,10,2022_10,Carlos Sainz
3,3.0,0.0,9.333333333333334,8.386497083606084,5.666666666666667,-3.6666666666666665,8.666666666666666,4.333333333333333,10.0,0.0,0.0,-2.3333333333333335,-1,2022,10,2022_10,Charles Leclerc
14,14.0,0.0,10.666666666666666,2.516611478423585,11.666666666666666,1.0,10.333333333333334,10.833333333333334,10.0,0.0,0.0,1.0,1,2022,10,2022_10,Daniel Ricciardo
15,15.0,0.0,9.333333333333334,3.0550504633038935,10.0,0.6666666666666666,8.5,8.166666666666666,10.0,0.0,0.0,0.6666666666666666,0,2022,10,2022_10,Esteban Ocon
7,7.0,0.0,7.666666666666667,1.1547005383792515,6.333333333333333,-1.3333333333333333,8.5,8.166666666666666,10.0,0.0,0.0,-1.3333333333333333,2,2022,10,2022_10,Fernando Alonso
8,8.0,0.0,4.0,0.9999999999999998,6.333333333333333,2.3333333333333335,4.5,6.333333333333333,10.0,0.0,0.0,2.3333333333333335,-10,2022,10,2022_10,George Russell
9,9.0,0.0,14.0,5.2915026221291805,14.666666666666666,0.6666666666666666,11.5,13.666666666666666,10.0,0.0,0.0,0.6666666666666666,-10,2022,10,2022_10,Guanyu Zhou
17,17.0,0.0,18.0,1.7320508075688752,11.333333333333334,-6.666666666666667,17.666666666666668,12.5,10.0,0.0,0.0,-6.666666666666667,7,2022,10,2022_10,Kevin Magnussen
20,20.0,0.0,13.333333333333334,3.0550504633038944,18.333333333333332,5.0,11.333333333333334,15.0,10.0,0.0,0.0,4.666666666666667,9,2022,10,2022_10,Lance Stroll
6,6.0,0.0,10.0,4.58257569495584,10.0,0.0,10.333333333333334,10.833333333333334,10.0,0.0,0.0,0.0,0,2022,10,2022_10,Lando Norris
5,5.0,0.0,5.0,2.6457513110645907,6.333333333333333,1.3333333333333333,4.5,6.333333333333333,10.0,0.0,0.0,1.3333333333333333,2,2022,10,2022_10,Lewis Hamilton
2,2.0,0.0,1.6666666666666667,1.1547005383792517,2.6666666666666665,1.0,4.666666666666667,4.333333333333333,10.0,0.0,0.0,1.0,-5,2022,10,2022_10,Max Verstappen
19,19.0,0.0,17.333333333333332,2.886751345948125,13.666666666666666,-3.6666666666666665,17.666666666666668,12.5,10.0,0.0,0.0,-3.6666666666666665,11,2022,10,2022_10,Mick Schumacher
10,10.0,0.0,15.333333333333334,0.5773502691896255,18.666666666666668,3.3333333333333335,14.833333333333334,16.833333333333332,10.0,0.0,0.0,3.0,-2,2022,10,2022_10,Nicholas Latifi
11,11.0,0.0,10.0,4.582575694955841,13.0,3.0,13.0,13.0,10.0,0.0,0.0,2.6666666666666665,-5,2022,10,2022_10,Pierre Gasly
18,18.0,0.0,9.333333333333334,3.0550504633038926,11.666666666666666,2.3333333333333335,11.333333333333334,15.0,10.0,0.0,0.0,2.0,9,2022,10,2022_10,Sebastian Vettel
4,4.0,0.0,7.666666666666667,10.692676621563626,6.0,-1.6666666666666667,4.666666666666667,4.333333333333333,10.0,0.0,0.0,-1.6666666666666667,2,2022,10,2022_10,Sergio Pérez
12,12.0,0.0,9.0,2.0000000000000013,12.666666666666666,3.6666666666666665,11.5,13.666666666666666,10.0,0.0,0.0,3.6666666666666665,-5,2022,10,2022_10,Valtteri Bottas
13,13.0,0.0,16.0,2.6457513110645894,13.0,-3.0,13.0,13.0,10.0,0.0,0.0,-3.0,-1,2022,10,2022_10,Yuki Tsunoda
15,11.0,4.0,15.0,4.358898943540674,15.0,0.0,14.666666666666666,15.333333333333334,10.0,0.0,0.0,0.0,3,2022,11,2022_11,Alexander Albon
3,3.0,0.0,7.666666666666667,10.692676621563626,2.6666666666666665,-5.0,8.5,4.5,10.0,0.0,0.0,-5.0,-15,2022,11,2022_11,Carlos Sainz
2,2.0,0.0,9.333333333333334,8.386497083606084,6.333333333333333,-3.0,8.5,4.5,10.0,0.0,0.0,-1.6666666666666667,1,2022,11,2022_11,Charles Leclerc
11,16.0,-5.0,10.666666666666666,2.516611478423585,11.666666666666666,1.0,10.333333333333334,11.0,10.0,0.0,0.0,1.0,2,2022,11,2022_11,Daniel Ricciardo
6,5.0,1.0,10.333333333333334,4.509249752822894,11.666666666666666,1.3333333333333333,8.666666666666666,9.0,10.0,0.0,0.0,1.3333333333333333,1,2022,11,2022_11,Esteban Ocon
19,8.0,11.0,7.0,1.9999999999999998,6.333333333333333,-0.6666666666666666,8.666666666666666,9.0,10.0,0.0,0.0,-0.6666666666666666,9,2022,11,2022_11,Fernando Alonso
4,4.0,0.0,8.333333333333334,8.386497083606084,7.0,-1.3333333333333333,5.833333333333333,6.166666666666667,10.0,0.0,0.0,-1.3333333333333333,0,2022,11,2022_11,George Russell
13,18.0,-5.0,15.0,6.0827625302982185,11.0,-4.0,13.333333333333334,11.833333333333334,10.0,0.0,0.0,-4.0,-1,2022,11,2022_11,Guanyu Zhou
7,6.0,1.0,14.666666666666666,4.041451884327381,12.666666666666666,-2.0,14.166666666666666,13.833333333333334,10.0,0.0,0.0,-2.0,-1,2022,11,2022_11,Kevin Magnussen
12,17.0,-5.0,12.333333333333334,3.2145502536643193,19.0,6.666666666666667,10.666666666666666,16.833333333333332,10.0,0.0,0.0,6.333333333333333,-1,2022,11,2022_11,Lance Stroll
10,15.0,-5.0,10.0,4.58257569495584,10.333333333333334,0.3333333333333333,10.333333333333334,11.0,10.0,0.0,0.0,0.3333333333333333,3,2022,11,2022_11,Lando Norris
8,9.0,-1.0,3.3333333333333335,0.5773502691896273,5.333333333333333,2.0,5.833333333333333,6.166666666666667,10.0,0.0,0.0,2.0,5,2022,11,2022_11,Lewis Hamilton
1,1.0,0.0,3.0,3.4641016151377544,2.0,-1.0,5.5,4.166666666666667,10.0,0.0,0.0,-1.0,-1,2022,11,2022_11,Max Verstappen
9,7.0,2.0,13.666666666666666,5.507570547286105,15.0,1.3333333333333333,14.166666666666666,13.833333333333334,10.0,0.0,0.0,1.3333333333333333,3,2022,11,2022_11,Mick Schumacher
17,19.0,-2.0,14.333333333333334,2.081665999466133,15.666666666666666,1.3333333333333333,14.666666666666666,15.333333333333334,10.0,0.0,0.0,1.0,-2,2022,11,2022_11,Nicholas Latifi
14,10.0,4.0,11.666666666666666,5.859465277082316,11.0,-0.6666666666666666,13.333333333333334,12.333333333333334,10.0,0.0,0.0,-1.0,-1,2022,11,2022_11,Pierre Gasly
18,20.0,-2.0,9.0,2.9999999999999996,14.666666666666666,5.666666666666667,10.666666666666666,16.833333333333332,10.0,0.0,0.0,5.333333333333333,1,2022,11,2022_11,Sebastian Vettel
5,13.0,-8.0,8.0,10.392304845413264,6.333333333333333,-1.6666666666666667,5.5,4.166666666666667,10.0,0.0,0.0,-1.6666666666666667,-15,2022,11,2022_11,Sergio Pérez
0,12.0,-12.0,11.666666666666666,5.033222956847167,12.666666666666666,1.0,13.333333333333334,11.833333333333334,10.0,0.0,0.0,1.0,-11,2022,11,2022_11,Valtteri Bottas
16,14.0,2.0,15.0,2.6457513110645894,13.666666666666666,-1.3333333333333333,13.333333333333334,12.333333333333334,10.0,0.0,0.0,-1.3333333333333333,0,2022,11,2022_11,Yuki Tsunoda
13,15.0,-2.0,15.0,4.358898943540674,13.0,-2.0,15.333333333333334,14.5,10.0,0.0,0.0,-0.6666666666666666,0,2022,12,2022_12,Alexander Albon
19,9.0,10.0,7.0,9.539392014169456,2.3333333333333335,-4.666666666666667,5.166666666666667,4.5,10.0,0.0,0.0,-4.666666666666667,14,2022,12,2022_12,Carlos Sainz
1,1.0,0.0,3.3333333333333335,2.0816659994661366,6.666666666666667,3.3333333333333335,5.166666666666667,4.5,10.0,0.0,0.0,4.666666666666667,-18,2022,12,2022_12,Charles Leclerc
9,11.0,-2.0,11.0,2.0000000000000027,13.0,2.0,10.166666666666666,12.333333333333334,10.0,0.0,0.0,0.3333333333333333,0,2022,12,2022_12,Daniel Ricciardo
10,12.0,-2.0,8.666666666666666,5.507570547286102,9.0,0.3333333333333333,8.333333333333334,7.333333333333333,10.0,0.0,0.0,0.6666666666666666,2,2022,12,2022_12,Esteban Ocon
7,7.0,0.0,8.0,2.6457513110645907,5.666666666666667,-2.3333333333333335,8.333333333333334,7.333333333333333,10.0,0.0,0.0,1.3333333333333333,1,2022,12,2022_12,Fernando Alonso
6,6.0,0.0,8.666666666666666,8.082903768654761,6.666666666666667,-2.0,5.833333333333333,6.333333333333333,10.0,0.0,0.0,-2.0,3,2022,12,2022_12,George Russell
16,18.0,-2.0,13.666666666666666,5.5075705472861,12.333333333333334,-1.3333333333333333,12.666666666666666,12.0,10.0,0.0,0.0,-3.0,0,2022,12,2022_12,Guanyu Zhou
20,10.0,10.0,11.666666666666666,4.725815626252608,9.333333333333334,-2.3333333333333335,11.333333333333334,10.0,10.0,0.0,0.0,-2.0,2,2022,12,2022_12,Kevin Magnussen
15,17.0,-2.0,11.333333333333334,1.5275252316519494,18.333333333333332,7.0,12.0,18.333333333333332,10.0,0.0,0.0,5.0,5,2022,12,2022_12,Lance Stroll
5,5.0,0.0,9.333333333333334,4.932882862316248,11.666666666666666,2.3333333333333335,10.166666666666666,12.333333333333334,10.0,0.0,0.0,0.6666666666666666,-2,2022,12,2022_12,Lando Norris
4,4.0,0.0,3.0,0.0,6.0,3.0,5.833333333333333,6.333333333333333,10.0,0.0,0.0,2.6666666666666665,2,2022,12,2022_12,Lewis Hamilton
2,2.0,0.0,3.3333333333333335,3.2145502536643185,1.3333333333333333,-2.0,8.666666666666666,5.666666666666667,10.0,0.0,0.0,-2.0,1,2022,12,2022_12,Max Verstappen
17,19.0,-2.0,11.0,7.000000000000005,10.666666666666666,-0.3333333333333333,11.333333333333334,10.0,10.0,0.0,0.0,0.3333333333333333,2,2022,12,2022_12,Mick Schumacher
18,20.0,-2.0,15.666666666666666,3.5118845842842465,16.0,0.3333333333333333,15.333333333333334,14.5,10.0,0.0,0.0,-0.6666666666666666,1,2022,12,2022_12,Nicholas Latifi
14,16.0,-2.0,15.0,1.000000000000007,12.333333333333334,-2.6666666666666665,15.5,14.0,10.0,0.0,0.0,-1.6666666666666667,2,2022,12,2022_12,Pierre Gasly
12,14.0,-2.0,12.666666666666666,4.041451884327381,18.333333333333332,5.666666666666667,12.0,18.333333333333332,10.0,0.0,0.0,4.666666666666667,1,2022,12,2022_12,Sebastian Vettel
3,3.0,0.0,14.0,10.392304845413264,10.0,-4.0,8.666666666666666,5.666666666666667,10.0,0.0,0.0,-6.666666666666667,-1,2022,12,2022_12,Sergio Pérez
11,13.0,-2.0,11.666666666666666,5.033222956847167,11.666666666666666,0.0,12.666666666666666,12.0,10.0,0.0,0.0,-4.0,-3,2022,12,2022_12,Valtteri Bottas
8,8.0,0.0,16.0,1.9999999999999982,15.666666666666666,-0.3333333333333333,15.5,14.0,10.0,0.0,0.0,0.3333333333333333,-12,2022,12,2022_12,Yuki Tsunoda
17,17.0,0.0,15.0,4.358898943540674,14.0,-1.0,15.5,15.166666666666666,10.0,0.0,0.0,-0.3333333333333333,0,2022,13,2022_13,Alexander Albon
2,2.0,0.0,8.0,8.888194417315589,4.333333333333333,-3.6666666666666665,8.0,3.1666666666666665,10.0,0.0,0.0,-0.3333333333333333,-2,2022,13,2022_13,Carlos Sainz
3,3.0,0.0,8.0,9.643650760992955,2.0,-6.0,8.0,3.1666666666666665,10.0,0.0,0.0,-6.0,-3,2022,13,2022_13,Charles Leclerc
9,9.0,0.0,10.333333333333334,2.3094010767585056,13.666666666666666,3.3333333333333335,8.5,11.166666666666666,10.0,0.0,0.0,1.0,-6,2022,13,2022_13,Daniel Ricciardo
5,5.0,0.0,9.333333333333334,5.131601439446884,10.666666666666666,1.3333333333333333,8.166666666666666,9.0,10.0,0.0,0.0,1.0,-4,2022,13,2022_13,Esteban Ocon
6,6.0,0.0,7.0,2.6457513110645907,7.333333333333333,0.3333333333333333,8.166666666666666,9.0,10.0,0.0,0.0,4.0,-2,2022,13,2022_13,Fernando Alonso
1,1.0,0.0,8.333333333333334,8.386497083606084,6.0,-2.3333333333333335,5.5,6.0,10.0,0.0,0.0,-2.3333333333333335,-2,2022,13,2022_13,George Russell
12,12.0,0.0,16.333333333333332,2.5166114784235805,15.0,-1.3333333333333333,15.166666666666666,13.666666666666666,10.0,0.0,0.0,-3.6666666666666665,-1,2022,13,2022_13,Guanyu Zhou
13,13.0,0.0,12.0,5.2915026221291805,11.0,-1.0,10.833333333333334,13.0,10.0,0.0,0.0,2.6666666666666665,-3,2022,13,2022_13,Kevin Magnussen
14,14.0,0.0,11.333333333333334,1.5275252316519494,18.0,6.666666666666667,11.833333333333334,17.666666666666668,10.0,0.0,0.0,4.333333333333333,3,2022,13,2022_13,Lance Stroll
4,4.0,0.0,6.666666666666667,0.5773502691896286,8.666666666666666,2.0,8.5,11.166666666666666,10.0,0.0,0.0,0.3333333333333333,-3,2022,13,2022_13,Lando Norris
7,7.0,0.0,2.6666666666666665,0.5773502691896257,6.0,3.3333333333333335,5.5,6.0,10.0,0.0,0.0,3.0,5,2022,13,2022_13,Lewis Hamilton
10,10.0,0.0,3.3333333333333335,3.214550253664318,1.6666666666666667,-1.6666666666666667,6.0,4.166666666666667,10.0,0.0,0.0,-1.6666666666666667,9,2022,13,2022_13,Max Verstappen
15,15.0,0.0,9.666666666666666,4.725815626252618,15.0,5.333333333333333,10.833333333333334,13.0,10.0,0.0,0.0,5.333333333333333,1,2022,13,2022_13,Mick Schumacher
19,20.0,-1.0,16.0,3.6055512754639896,16.333333333333332,0.3333333333333333,15.5,15.166666666666666,10.0,0.0,0.0,-1.0,1,2022,13,2022_13,Nicholas Latifi
0,19.0,-19.0,14.333333333333334,2.081665999466136,12.333333333333334,-2.0,15.5,12.0,10.0,0.0,0.0,-1.3333333333333333,-12,2022,13,2022_13,Pierre Gasly
18,18.0,0.0,12.333333333333334,4.163331998932266,17.333333333333332,5.0,11.833333333333334,17.666666666666668,10.0,0.0,0.0,3.6666666666666665,8,2022,13,2022_13,Sebastian Vettel
11,11.0,0.0,8.666666666666666,9.865765724632494,6.666666666666667,-2.0,6.0,4.166666666666667,10.0,0.0,0.0,-4.666666666666667,6,2022,13,2022_13,Sergio Pérez
8,8.0,0.0,14.0,3.0000000000000018,12.333333333333334,-1.6666666666666667,15.166666666666666,13.666666666666666,10.0,0.0,0.0,-6.333333333333333,-12,2022,13,2022_13,Valtteri Bottas
16,16.0,0.0,16.666666666666668,3.0550504633038917,11.666666666666666,-5.0,15.5,12.0,10.0,0.0,0.0,-4.333333333333333,-3,2022,13,2022_13,Yuki Tsunoda
6,9.0,-3.0,14.0,2.6457513110645907,14.333333333333334,0.3333333333333333,16.0,17.0,10.0,0.0,0.0,1.0,-4,2022,14,2022_14,Alexander Albon
1,2.0,-1.0,9.0,7.810249675906654,4.666666666666667,-4.333333333333333,8.833333333333334,3.3333333333333335,10.0,0.0,0.0,-1.0,-2,2022,14,2022_14,Carlos Sainz
15,4.0,11.0,8.666666666666666,9.29157324317757,2.0,-6.666666666666667,8.833333333333334,3.3333333333333335,10.0,0.0,0.0,-6.666666666666667,9,2022,14,2022_14,Charles Leclerc
7,11.0,-4.0,11.0,3.4641016151377544,12.0,1.0,9.0,10.0,10.0,0.0,0.0,-1.3333333333333333,-8,2022,14,2022_14,Daniel Ricciardo
16,5.0,11.0,7.333333333333333,2.0816659994661335,7.333333333333333,0.0,7.666666666666667,7.166666666666667,10.0,0.0,0.0,-0.3333333333333333,9,2022,14,2022_14,Esteban Ocon
3,6.0,-3.0,8.0,2.0,7.0,-1.0,7.666666666666667,7.166666666666667,10.0,0.0,0.0,2.6666666666666665,-2,2022,14,2022_14,Fernando Alonso
5,8.0,-3.0,3.3333333333333335,0.5773502691896384,3.6666666666666665,0.3333333333333333,2.8333333333333335,5.166666666666667,10.0,0.0,0.0,0.3333333333333333,1,2022,14,2022_14,George Russell
18,13.0,5.0,14.333333333333334,1.5275252316519397,16.0,1.6666666666666667,14.666666666666666,13.5,10.0,0.0,0.0,-0.6666666666666666,4,2022,14,2022_14,Guanyu Zhou
12,18.0,-6.0,14.0,5.2915026221291805,9.666666666666666,-4.333333333333333,12.833333333333334,11.666666666666666,10.0,0.0,0.0,-0.6666666666666666,-4,2022,14,2022_14,Kevin Magnussen
9,14.0,-5.0,11.333333333333334,1.5275252316519494,16.0,4.666666666666667,12.0,16.666666666666668,10.0,0.0,0.0,2.3333333333333335,-2,2022,14,2022_14,Lance Stroll
17,10.0,7.0,7.0,0.0,8.0,1.0,9.0,10.0,10.0,0.0,0.0,-0.6666666666666666,5,2022,14,2022_14,Lando Norris
4,7.0,-3.0,2.3333333333333335,0.5773502691896257,6.666666666666667,4.333333333333333,2.8333333333333335,5.166666666666667,10.0,0.0,0.0,4.0,-16,2022,14,2022_14,Lewis Hamilton
14,1.0,13.0,1.3333333333333333,0.5773502691896241,4.333333333333333,3.0,5.5,6.666666666666667,10.0,0.0,0.0,3.0,13,2022,14,2022_14,Max Verstappen
19,15.0,4.0,11.666666666666666,4.932882862316253,13.666666666666666,2.0,12.833333333333334,11.666666666666666,10.0,0.0,0.0,2.0,2,2022,14,2022_14,Mick Schumacher
11,17.0,-6.0,18.0,1.0000000000000009,19.666666666666668,1.6666666666666667,16.0,17.0,10.0,0.0,0.0,0.0,-7,2022,14,2022_14,Nicholas Latifi
0,12.0,-12.0,13.0,1.7320508075688819,15.0,2.0,15.666666666666666,13.833333333333334,10.0,0.0,0.0,-3.6666666666666665,-9,2022,14,2022_14,Pierre Gasly
10,16.0,-6.0,12.666666666666666,3.7859388972001824,17.333333333333332,4.666666666666667,12.0,16.666666666666668,10.0,0.0,0.0,3.3333333333333335,2,2022,14,2022_14,Sebastian Vettel
2,3.0,-1.0,9.666666666666666,8.962886439832502,9.0,-0.6666666666666666,5.5,6.666666666666667,10.0,0.0,0.0,-3.3333333333333335,0,2022,14,2022_14,Sergio Pérez
13,20.0,-7.0,15.0,4.582575694955842,11.0,-4.0,14.666666666666666,13.5,10.0,0.0,0.0,-8.666666666666666,-6,2022,14,2022_14,Valtteri Bottas
0,19.0,-19.0,18.333333333333332,2.08166599946613,12.666666666666666,-5.666666666666667,15.666666666666666,13.833333333333334,10.0,0.0,0.0,-5.0,-13,2022,14,2022_14,Yuki Tsunoda
15,15.0,0.0,13.333333333333334,3.5118845842842465,13.666666666666666,0.3333333333333333,15.5,16.333333333333332,10.0,0.0,0.0,-1.3333333333333333,3,2022,15,2022_15,Alexander Albon
3,3.0,0.0,4.0,0.9999999999999845,4.333333333333333,0.3333333333333333,7.166666666666667,3.5,10.0,0.0,0.0,3.3333333333333335,-5,2022,15,2022_15,Carlos Sainz
2,2.0,0.0,10.333333333333334,7.505553499465136,2.6666666666666665,-7.666666666666667,7.166666666666667,3.5,10.0,0.0,0.0,-4.0,-1,2022,15,2022_15,Charles Leclerc
17,17.0,0.0,13.0,3.4641016151377544,10.333333333333334,-2.6666666666666665,10.833333333333334,8.333333333333334,10.0,0.0,0.0,-4.666666666666667,0,2022,15,2022_15,Daniel Ricciardo
12,12.0,0.0,8.0,1.0000000000000009,7.333333333333333,-0.6666666666666666,7.166666666666667,6.833333333333333,10.0,0.0,0.0,2.3333333333333335,3,2022,15,2022_15,Esteban Ocon
13,13.0,0.0,6.333333333333333,1.5275252316519465,6.333333333333333,0.0,7.166666666666667,6.833333333333333,10.0,0.0,0.0,-1.0,7,2022,15,2022_15,Fernando Alonso
6,6.0,0.0,3.3333333333333335,0.5773502691896257,5.0,1.6666666666666667,5.666666666666667,5.5,10.0,0.0,0.0,0.6666666666666666,4,2022,15,2022_15,George Russell
14,14.0,0.0,14.333333333333334,1.5275252316519397,14.333333333333334,0.0,16.0,14.0,10.0,0.0,0.0,1.0,-2,2022,15,2022_15,Guanyu Zhou
18,18.0,0.0,16.666666666666668,1.1547005383792488,13.666666666666666,-3.0,16.0,15.0,10.0,0.0,0.0,-1.6666666666666667,3,2022,15,2022_15,Kevin Magnussen
10,10.0,0.0,10.666666666666666,0.5773502691896336,15.0,4.333333333333333,10.166666666666666,15.5,10.0,0.0,0.0,2.0,0,2022,15,2022_15,Lance Stroll
7,7.0,0.0,8.666666666666666,2.886751345948129,6.333333333333333,-2.3333333333333335,10.833333333333334,8.333333333333334,10.0,0.0,0.0,0.0,0,2022,15,2022_15,Lando Norris
4,4.0,0.0,8.0,10.392304845413264,6.0,-2.0,5.666666666666667,5.5,10.0,0.0,0.0,-3.0,0,2022,15,2022_15,Lewis Hamilton
1,1.0,0.0,1.0,0.0,4.333333333333333,3.3333333333333335,2.3333333333333335,5.0,10.0,0.0,0.0,7.666666666666667,0,2022,15,2022_15,Max Verstappen
8,8.0,0.0,15.333333333333334,1.527525231651949,16.333333333333332,1.0,16.0,15.0,10.0,0.0,0.0,1.6666666666666667,-5,2022,15,2022_15,Mick Schumacher
20,20.0,0.0,17.666666666666668,0.5773502691896271,19.0,1.3333333333333333,15.5,16.333333333333332,10.0,0.0,0.0,-1.6666666666666667,2,2022,15,2022_15,Nicholas Latifi
11,11.0,0.0,11.0,1.7320508075688772,15.666666666666666,4.666666666666667,14.166666666666666,15.0,10.0,0.0,0.0,-6.333333333333333,0,2022,15,2022_15,Pierre Gasly
19,19.0,0.0,9.666666666666666,1.5275252316519452,16.0,6.333333333333333,10.166666666666666,15.5,10.0,0.0,0.0,3.6666666666666665,5,2022,15,2022_15,Sebastian Vettel
5,5.0,0.0,3.6666666666666665,1.5275252316519414,5.666666666666667,2.0,2.3333333333333335,5.0,10.0,0.0,0.0,1.6666666666666667,0,2022,15,2022_15,Sergio Pérez
16,16.0,0.0,17.666666666666668,3.21455025366432,13.666666666666666,-4.0,16.0,14.0,10.0,0.0,0.0,-7.0,-3,2022,15,2022_15,Valtteri Bottas
9,9.0,0.0,17.333333333333332,3.78593889720018,14.333333333333334,-3.0,14.166666666666666,15.0,10.0,0.0,0.0,-9.333333333333334,-11,2022,15,2022_15,Yuki Tsunoda
18,3.0,15.0,5.0,2.645751311064586,2.3333333333333335,-2.6666666666666665,5.0,2.6666666666666665,10.0,0.0,0.0,-3.0,14,2022,16,2022_16,Carlos Sainz
1,1.0,0.0,5.0,1.7320508075688772,3.0,-2.0,5.0,2.6666666666666665,10.0,0.0,0.0,1.6666666666666667,-1,2022,16,2022_16,Charles Leclerc
4,8.0,-4.0,15.666666666666666,1.1547005383792517,12.333333333333334,-3.3333333333333335,12.166666666666666,9.666666666666666,10.0,0.0,0.0,-4.666666666666667,-13,2022,16,2022_16,Daniel Ricciardo
14,11.0,3.0,8.333333333333334,1.1547005383792521,7.333333333333333,-1.0,7.333333333333333,7.833333333333333,10.0,0.0,0.0,2.6666666666666665,3,2022,16,2022_16,Esteban Ocon
6,10.0,-4.0,6.333333333333333,1.5275252316519465,8.333333333333334,2.0,7.333333333333333,7.833333333333333,10.0,0.0,0.0,1.0,-13,2022,16,2022_16,Fernando Alonso
2,6.0,-4.0,3.0,0.9999999999999999,5.0,2.0,5.833333333333333,5.5,10.0,0.0,0.0,1.0,-1,2022,16,2022_16,George Russell
9,14.0,-5.0,14.333333333333334,1.5275252316519397,13.0,-1.3333333333333333,16.833333333333332,13.833333333333334,10.0,0.0,0.0,0.3333333333333333,-1,2022,16,2022_16,Guanyu Zhou
16,19.0,-3.0,15.666666666666666,0.5773502691896255,16.333333333333332,0.6666666666666666,15.166666666666666,14.5,10.0,0.0,0.0,-1.3333333333333333,0,2022,16,2022_16,Kevin Magnussen
12,18.0,-6.0,10.666666666666666,0.5773502691896255,12.666666666666666,2.0,10.666666666666666,15.166666666666666,10.0,0.0,0.0,0.3333333333333333,-6,2022,16,2022_16,Lance Stroll
3,7.0,-4.0,8.666666666666666,2.886751345948129,7.0,-1.6666666666666667,12.166666666666666,9.666666666666666,10.0,0.0,0.0,0.6666666666666666,-4,2022,16,2022_16,Lando Norris
19,5.0,14.0,8.666666666666666,9.865765724632494,6.0,-2.6666666666666665,5.833333333333333,5.5,10.0,0.0,0.0,-3.6666666666666665,14,2022,16,2022_16,Lewis Hamilton
7,2.0,5.0,1.0,0.0,4.0,3.0,2.5,5.166666666666667,10.0,0.0,0.0,7.333333333333333,6,2022,16,2022_16,Max Verstappen
17,20.0,-3.0,14.666666666666666,2.0816659994661366,12.666666666666666,-2.0,15.166666666666666,14.5,10.0,0.0,0.0,-0.6666666666666666,5,2022,16,2022_16,Mick Schumacher
10,16.0,-6.0,18.0,0.0,19.0,1.0,15.5,16.333333333333332,10.0,0.0,0.0,-1.3333333333333333,-5,2022,16,2022_16,Nicholas Latifi
8,13.0,-5.0,11.333333333333334,3.0550504633038913,11.333333333333334,0.3333333333333333,15.5,16.333333333333332,10.0,0.0,0.0,0.3333333333333333,-1,2022,16,2022_16,Nyck de Vries
5,9.0,-4.0,10.666666666666666,1.5275252316519468,14.0,3.3333333333333335,14.0,14.333333333333334,10.0,0.0,0.0,-7.0,-3,2022,16,2022_16,Pierre Gasly
11,17.0,-6.0,10.666666666666666,3.055050463303893,17.666666666666668,7.0,10.666666666666666,15.166666666666666,10.0,0.0,0.0,5.0,-9,2022,16,2022_16,Sebastian Vettel
13,4.0,9.0,4.0,1.732050807568873,6.333333333333333,2.3333333333333335,2.5,5.166666666666667,10.0,0.0,0.0,2.0,7,2022,16,2022_16,Sergio Pérez
15,12.0,3.0,19.333333333333332,0.5773502691896316,14.666666666666666,-4.666666666666667,16.833333333333332,13.833333333333334,10.0,0.0,0.0,-7.0,2,2022,16,2022_16,Valtteri Bottas
20,15.0,5.0,17.333333333333332,3.78593889720018,14.666666666666666,-2.6666666666666665,14.0,14.333333333333334,10.0,0.0,0.0,-9.0,6,2022,16,2022_16,Yuki Tsunoda
18,19.0,-1.0,13.0,3.6055512754639896,13.666666666666666,0.6666666666666666,13.666666666666666,15.0,10.0,0.0,0.0,-0.3333333333333333,1,2022,17,2022_17,Alexander Albon
4,4.0,0.0,5.0,2.645751311064586,2.6666666666666665,-2.3333333333333335,4.333333333333333,2.5,10.0,0.0,0.0,2.3333333333333335,1,2022,17,2022_17,Carlos Sainz
1,1.0,0.0,3.6666666666666665,2.0816659994661326,2.3333333333333335,-1.3333333333333333,4.333333333333333,2.5,10.0,0.0,0.0,2.3333333333333335,-1,2022,17,2022_17,Charles Leclerc
16,17.0,-1.0,16.333333333333332,1.1547005383792521,12.0,-4.333333333333333,12.5,10.0,10.0,0.0,0.0,-7.0,11,2022,17,2022_17,Daniel Ricciardo
17,18.0,-1.0,9.0,2.0000000000000004,9.333333333333334,0.3333333333333333,9.5,9.5,10.0,0.0,0.0,5.0,1,2022,17,2022_17,Esteban Ocon
5,5.0,0.0,10.0,7.810249675906654,9.666666666666666,-0.3333333333333333,9.5,9.5,10.0,0.0,0.0,-2.6666666666666665,-13,2022,17,2022_17,Fernando Alonso
0,11.0,-11.0,3.0,0.9999999999999999,6.666666666666667,3.6666666666666665,6.333333333333333,6.0,10.0,0.0,0.0,1.3333333333333333,-14,2022,17,2022_17,George Russell
14,15.0,-1.0,13.333333333333334,3.055050463303889,13.666666666666666,0.3333333333333333,15.166666666666666,14.833333333333334,10.0,0.0,0.0,0.3333333333333333,-6,2022,17,2022_17,Guanyu Zhou
9,9.0,0.0,15.666666666666666,0.5773502691896255,18.333333333333332,2.6666666666666665,14.833333333333334,16.333333333333332,10.0,0.0,0.0,-0.3333333333333333,-3,2022,17,2022_17,Kevin Magnussen
11,12.0,-1.0,13.0,4.358898943540674,14.0,1.0,13.5,15.666666666666666,10.0,0.0,0.0,-2.6666666666666665,5,2022,17,2022_17,Lance Stroll
6,6.0,0.0,8.666666666666666,2.886751345948129,8.0,-0.6666666666666666,12.5,10.0,10.0,0.0,0.0,0.3333333333333333,2,2022,17,2022_17,Lando Norris
3,3.0,0.0,9.666666666666666,8.962886439832502,5.333333333333333,-4.333333333333333,6.333333333333333,6.0,10.0,0.0,0.0,-0.6666666666666666,-6,2022,17,2022_17,Lewis Hamilton
8,8.0,0.0,1.0,0.0,1.3333333333333333,0.3333333333333333,2.6666666666666665,2.6666666666666665,10.0,0.0,0.0,6.333333333333333,1,2022,17,2022_17,Max Verstappen
12,13.0,-1.0,14.0,2.6457513110645956,14.333333333333334,0.3333333333333333,14.833333333333334,16.333333333333332,10.0,0.0,0.0,0.6666666666666666,-1,2022,17,2022_17,Mick Schumacher
19,20.0,-1.0,17.0,1.7320508075688772,17.666666666666668,0.6666666666666666,13.666666666666666,15.0,10.0,0.0,0.0,-3.3333333333333335,0,2022,17,2022_17,Nicholas Latifi
7,7.0,0.0,9.333333333333334,1.5275252316519468,10.666666666666666,1.3333333333333333,12.5,12.5,10.0,0.0,0.0,-4.0,-3,2022,17,2022_17,Pierre Gasly
13,14.0,-1.0,14.0,6.0,17.333333333333332,3.3333333333333335,13.5,15.666666666666666,10.0,0.0,0.0,-0.6666666666666666,5,2022,17,2022_17,Sebastian Vettel
2,2.0,0.0,4.333333333333333,2.081665999466129,4.0,-0.3333333333333333,2.6666666666666665,2.6666666666666665,10.0,0.0,0.0,2.3333333333333335,1,2022,17,2022_17,Sergio Pérez
15,16.0,-1.0,17.0,3.4641016151377544,16.0,-1.0,15.166666666666666,14.833333333333334,10.0,0.0,0.0,-2.3333333333333335,4,2022,17,2022_17,Valtteri Bottas
10,10.0,0.0,15.666666666666666,3.7859388972001797,14.333333333333334,-1.3333333333333333,12.5,12.5,10.0,0.0,0.0,-6.0,-5,2022,17,2022_17,Yuki Tsunoda
16,16.0,0.0,13.0,3.6055512754639896,14.333333333333334,1.3333333333333333,15.0,17.166666666666668,10.0,0.0,0.0,0.0,-4,2022,18,2022_18,Alexander Albon
3,3.0,0.0,5.0,2.645751311064586,3.3333333333333335,-1.6666666666666667,3.6666666666666665,2.3333333333333335,10.0,0.0,0.0,3.3333333333333335,-16,2022,18,2022_18,Carlos Sainz
2,2.0,0.0,2.3333333333333335,0.5773502691896251,1.3333333333333333,-1.0,3.6666666666666665,2.3333333333333335,10.0,0.0,0.0,-1.0,-1,2022,18,2022_18,Charles Leclerc
11,11.0,0.0,13.0,6.928203230275509,14.0,1.0,9.5,10.333333333333334,10.0,0.0,0.0,-0.6666666666666666,0,2022,18,2022_18,Daniel Ricciardo
5,5.0,0.0,12.0,3.6055512754639896,13.666666666666666,1.6666666666666667,13.166666666666666,11.5,10.0,0.0,0.0,2.3333333333333335,1,2022,18,2022_18,Esteban Ocon
7,7.0,0.0,14.333333333333334,7.234178138070234,9.333333333333334,-5.0,13.166666666666666,11.5,10.0,0.0,0.0,-6.333333333333333,0,2022,18,2022_18,Fernando Alonso
8,8.0,0.0,6.333333333333333,6.6583281184793925,7.666666666666667,1.3333333333333333,6.166666666666667,5.833333333333333,10.0,0.0,0.0,-3.6666666666666665,0,2022,18,2022_18,George Russell
14,14.0,0.0,15.333333333333334,5.0332229568471645,14.333333333333334,-1.0,14.833333333333334,14.5,10.0,0.0,0.0,-3.0,-2,2022,18,2022_18,Guanyu Zhou
18,18.0,0.0,14.333333333333334,2.081665999466133,15.333333333333334,1.0,13.5,14.5,10.0,0.0,0.0,0.0,4,2022,18,2022_18,Kevin Magnussen
19,19.0,0.0,11.333333333333334,6.110100926607787,13.333333333333334,2.0,12.666666666666666,15.0,10.0,0.0,0.0,-0.3333333333333333,7,2022,18,2022_18,Lance Stroll
10,10.0,0.0,6.0,1.7320508075688772,6.666666666666667,0.6666666666666666,9.5,10.333333333333334,10.0,0.0,0.0,-0.6666666666666666,0,2022,18,2022_18,Lando Norris
6,6.0,0.0,6.0,2.6457513110645885,4.0,-2.0,6.166666666666667,5.833333333333333,10.0,0.0,0.0,2.6666666666666665,1,2022,18,2022_18,Lewis Hamilton
1,1.0,0.0,3.0,3.4641016151377544,3.6666666666666665,0.6666666666666666,3.5,3.6666666666666665,10.0,0.0,0.0,2.3333333333333335,0,2022,18,2022_18,Max Verstappen
15,15.0,0.0,12.666666666666666,0.577350269189666,13.666666666666666,1.0,13.5,14.5,10.0,0.0,0.0,-0.3333333333333333,-2,2022,18,2022_18,Mick Schumacher
20,20.0,0.0,17.333333333333332,2.081665999466133,18.666666666666668,1.3333333333333333,15.0,17.166666666666668,10.0,0.0,0.0,-1.0,11,2022,18,2022_18,Nicholas Latifi
17,17.0,0.0,9.666666666666666,1.5275252316519468,9.0,-0.6666666666666666,13.0,10.166666666666666,10.0,0.0,0.0,-2.0,-1,2022,18,2022_18,Pierre Gasly
9,9.0,0.0,14.0,6.0,16.666666666666668,2.6666666666666665,12.666666666666666,15.0,10.0,0.0,0.0,0.3333333333333333,3,2022,18,2022_18,Sebastian Vettel
4,4.0,0.0,4.0,2.6457513110645876,3.6666666666666665,-0.3333333333333333,3.5,3.6666666666666665,10.0,0.0,0.0,2.6666666666666665,2,2022,18,2022_18,Sergio Pérez
12,12.0,0.0,14.333333333333334,4.163331998932266,14.666666666666666,0.3333333333333333,14.833333333333334,14.5,10.0,0.0,0.0,1.0,-3,2022,18,2022_18,Valtteri Bottas
13,13.0,0.0,16.333333333333332,3.2145502536643153,11.333333333333334,-5.0,13.0,10.166666666666666,10.0,0.0,0.0,-3.3333333333333335,0,2022,18,2022_18,Yuki Tsunoda
8,11.0,-3.0,16.333333333333332,4.041451884327381,16.666666666666668,0.3333333333333333,14.833333333333334,17.333333333333332,10.0,0.0,0.0,0.0,-5,2022,19,2022_19,Alexander Albon
1,1.0,0.0,8.666666666666666,8.962886439832502,3.3333333333333335,-5.333333333333333,5.5,2.3333333333333335,10.0,0.0,0.0,-0.3333333333333333,-19,2022,19,2022_19,Carlos Sainz
12,2.0,10.0,2.3333333333333335,0.5773502691896257,1.3333333333333333,-1.0,5.5,2.3333333333333335,10.0,0.0,0.0,-1.0,9,2022,19,2022_19,Charles Leclerc
15,17.0,-2.0,11.0,6.0,12.0,1.0,9.0,9.833333333333334,10.0,0.0,0.0,-0.6666666666666666,-1,2022,19,2022_19,Daniel Ricciardo
0,18.0,-18.0,10.333333333333334,6.027713773341708,11.333333333333334,1.0,12.5,9.333333333333334,10.0,0.0,0.0,1.6666666666666667,-11,2022,19,2022_19,Esteban Ocon
14,9.0,5.0,14.666666666666666,6.658328118479392,7.333333333333333,-7.333333333333333,12.5,9.333333333333334,10.0,0.0,0.0,-8.666666666666666,7,2022,19,2022_19,Fernando Alonso
4,6.0,-2.0,8.333333333333334,5.507570547286101,8.333333333333334,0.0,7.333333333333333,6.5,10.0,0.0,0.0,-5.0,-1,2022,19,2022_19,George Russell
18,14.0,4.0,15.333333333333334,5.0332229568471645,14.333333333333334,-1.0,14.166666666666666,13.833333333333334,10.0,0.0,0.0,-3.0,6,2022,19,2022_19,Guanyu Zhou
13,16.0,-3.0,14.0,2.0,15.333333333333334,1.3333333333333333,14.0,15.666666666666666,10.0,0.0,0.0,0.3333333333333333,4,2022,19,2022_19,Kevin Magnussen
5,7.0,-2.0,12.0,6.0,16.333333333333332,4.333333333333333,11.666666666666666,14.833333333333334,10.0,0.0,0.0,2.0,-13,2022,19,2022_19,Lance Stroll
6,8.0,-2.0,7.0,3.0,7.666666666666667,0.6666666666666666,9.0,9.833333333333334,10.0,0.0,0.0,-0.6666666666666666,0,2022,19,2022_19,Lando Norris
3,5.0,-2.0,6.333333333333333,2.3094010767585007,4.666666666666667,-1.6666666666666667,7.333333333333333,6.5,10.0,0.0,0.0,3.0,1,2022,19,2022_19,Lewis Hamilton
2,3.0,-1.0,3.0,3.4641016151377544,3.6666666666666665,0.6666666666666666,3.0,3.5,10.0,0.0,0.0,2.3333333333333335,1,2022,19,2022_19,Max Verstappen
16,19.0,-3.0,14.0,2.6457513110645956,16.0,2.0,14.0,15.666666666666666,10.0,0.0,0.0,0.6666666666666666,1,2022,19,2022_19,Mick Schumacher
17,20.0,-3.0,14.333333333333334,5.033222956847167,18.666666666666668,4.333333333333333,14.833333333333334,17.333333333333332,10.0,0.0,0.0,2.0,0,2022,19,2022_19,Nicholas Latifi
11,13.0,-2.0,12.0,5.291502622129181,11.0,-1.0,13.0,11.833333333333334,10.0,0.0,0.0,-2.3333333333333335,-3,2022,19,2022_19,Pierre Gasly
10,12.0,-2.0,11.333333333333334,7.571877794400365,13.333333333333334,2.0,11.666666666666666,14.833333333333334,10.0,0.0,0.0,-0.3333333333333333,2,2022,19,2022_19,Sebastian Vettel
9,4.0,5.0,3.0,2.6457513110645876,3.3333333333333335,0.3333333333333333,3.0,3.5,10.0,0.0,0.0,3.3333333333333335,5,2022,19,2022_19,Sergio Pérez
7,10.0,-3.0,13.0,2.000000000000001,13.333333333333334,0.3333333333333333,14.166666666666666,13.833333333333334,10.0,0.0,0.0,1.0,-12,2022,19,2022_19,Valtteri Bottas
19,15.0,4.0,14.0,0.9999999999999865,12.666666666666666,-1.3333333333333333,13.0,11.833333333333334,10.0,0.0,0.0,0.3333333333333333,9,2022,19,2022_19,Yuki Tsunoda
17,19.0,-2.0,16.666666666666668,3.5118845842842474,15.333333333333334,-1.3333333333333333,15.833333333333334,17.666666666666668,10.0,0.0,0.0,-2.6666666666666665,5,2022,20,2022_20,Alexander Albon
5,5.0,0.0,14.0,9.539392014169458,2.6666666666666665,-11.333333333333334,8.333333333333334,2.1666666666666665,10.0,0.0,0.0,-11.333333333333334,0,2022,20,2022_20,Carlos Sainz
7,7.0,0.0,2.6666666666666665,0.5773502691896257,1.6666666666666667,-1.0,8.333333333333334,2.1666666666666665,10.0,0.0,0.0,2.3333333333333335,1,2022,20,2022_20,Charles Leclerc
11,11.0,0.0,10.666666666666666,5.507570547286102,15.0,4.333333333333333,8.666666666666666,11.5,10.0,0.0,0.0,3.3333333333333335,4,2022,20,2022_20,Daniel Ricciardo
10,10.0,0.0,10.333333333333334,6.027713773341708,13.666666666666666,3.3333333333333335,10.5,10.333333333333334,10.0,0.0,0.0,-3.0,2,2022,20,2022_20,Esteban Ocon
9,9.0,0.0,10.666666666666666,6.350852961085882,7.0,-3.6666666666666665,10.5,10.333333333333334,10.0,0.0,0.0,-2.0,-10,2022,20,2022_20,Fernando Alonso
2,2.0,0.0,9.0,4.582575694955839,8.333333333333334,-0.6666666666666666,7.166666666666667,6.5,10.0,0.0,0.0,-5.0,-2,2022,20,2022_20,George Russell
12,12.0,0.0,16.0,3.9999999999999982,14.333333333333334,-1.6666666666666667,15.5,13.5,10.0,0.0,0.0,-0.6666666666666666,-1,2022,20,2022_20,Guanyu Zhou
19,15.0,4.0,11.666666666666666,2.516611478423583,14.333333333333334,2.6666666666666665,13.333333333333334,15.0,10.0,0.0,0.0,1.6666666666666667,2,2022,20,2022_20,Kevin Magnussen
20,18.0,2.0,12.0,6.0,12.666666666666666,0.6666666666666666,9.666666666666666,12.166666666666666,10.0,0.0,0.0,-0.3333333333333333,5,2022,20,2022_20,Lance Stroll
8,8.0,0.0,6.666666666666667,3.0550504633038935,8.0,1.3333333333333333,8.666666666666666,11.5,10.0,0.0,0.0,0.6666666666666666,-1,2022,20,2022_20,Lando Norris
3,3.0,0.0,5.333333333333333,3.511884584284244,4.666666666666667,-0.6666666666666666,7.166666666666667,6.5,10.0,0.0,0.0,-1.3333333333333333,1,2022,20,2022_20,Lewis Hamilton
1,1.0,0.0,3.0,3.4641016151377544,4.0,1.0,2.6666666666666665,3.6666666666666665,10.0,0.0,0.0,0.6666666666666666,0,2022,20,2022_20,Max Verstappen
15,16.0,-1.0,15.0,2.0000000000000027,15.666666666666666,0.6666666666666666,13.333333333333334,15.0,10.0,0.0,0.0,-0.6666666666666666,-1,2022,20,2022_20,Mick Schumacher
18,20.0,-2.0,15.0,5.291502622129181,20.0,5.0,15.833333333333334,17.666666666666668,10.0,0.0,0.0,3.6666666666666665,0,2022,20,2022_20,Nicholas Latifi
14,14.0,0.0,14.0,4.0,12.333333333333334,-1.6666666666666667,13.333333333333334,12.5,10.0,0.0,0.0,-2.3333333333333335,3,2022,20,2022_20,Pierre Gasly
16,17.0,-1.0,7.333333333333333,1.1547005383792543,11.666666666666666,4.333333333333333,9.666666666666666,12.166666666666666,10.0,0.0,0.0,3.3333333333333335,2,2022,20,2022_20,Sebastian Vettel
4,4.0,0.0,2.3333333333333335,1.5275252316519417,3.3333333333333335,1.0,2.6666666666666665,3.6666666666666665,10.0,0.0,0.0,2.6666666666666665,1,2022,20,2022_20,Sergio Pérez
6,6.0,0.0,15.0,4.0,12.666666666666666,-2.3333333333333335,15.5,13.5,10.0,0.0,0.0,-3.6666666666666665,-4,2022,20,2022_20,Valtteri Bottas
13,13.0,0.0,12.666666666666666,2.516611478423576,12.666666666666666,0.0,13.333333333333334,12.5,10.0,0.0,0.0,1.3333333333333333,-7,2022,20,2022_20,Yuki Tsunoda
19,11.0,8.0,15.0,4.358898943540675,15.333333333333334,0.3333333333333333,14.833333333333334,17.666666666666668,10.0,0.0,0.0,-1.3333333333333333,4,2022,21,2022_21,Alexander Albon
7,5.0,2.0,14.666666666666666,8.386497083606086,3.0,-11.666666666666666,9.333333333333334,3.3333333333333335,10.0,0.0,0.0,-11.666666666666666,4,2022,21,2022_21,Carlos Sainz
5,10.0,-5.0,4.0,1.7320508075688772,3.6666666666666665,-0.3333333333333333,9.333333333333334,3.3333333333333335,10.0,0.0,0.0,3.0,1,2022,21,2022_21,Charles Leclerc
11,14.0,-3.0,11.333333333333334,4.509249752822895,13.0,1.6666666666666667,9.833333333333334,10.833333333333334,10.0,0.0,0.0,1.0,-9,2022,21,2022_21,Daniel Ricciardo
16,6.0,10.0,7.666666666666667,3.511884584284247,11.0,3.3333333333333335,9.333333333333334,9.666666666666666,10.0,0.0,0.0,-2.6666666666666665,8,2022,21,2022_21,Esteban Ocon
17,7.0,10.0,11.0,6.928203230275509,8.333333333333334,-2.6666666666666665,9.333333333333334,9.666666666666666,10.0,0.0,0.0,-1.0,12,2022,21,2022_21,Fernando Alonso
1,3.0,-2.0,5.666666666666667,2.0816659994661304,5.333333333333333,-0.3333333333333333,4.333333333333333,5.0,10.0,0.0,0.0,-1.0,0,2022,21,2022_21,George Russell
13,17.0,-4.0,13.666666666666666,2.081665999466129,13.333333333333334,-0.3333333333333333,14.166666666666666,11.333333333333334,10.0,0.0,0.0,1.0,1,2022,21,2022_21,Guanyu Zhou
8,1.0,7.0,13.333333333333334,4.041451884327381,16.333333333333332,3.0,14.666666666666666,16.5,10.0,0.0,0.0,3.3333333333333335,-11,2022,21,2022_21,Kevin Magnussen
15,15.0,0.0,15.0,3.0,14.666666666666666,-0.3333333333333333,12.166666666666666,13.666666666666666,10.0,0.0,0.0,-0.3333333333333333,5,2022,21,2022_21,Lance Stroll
6,4.0,2.0,8.333333333333334,2.0816659994661326,8.666666666666666,0.3333333333333333,9.833333333333334,10.833333333333334,10.0,0.0,0.0,-0.3333333333333333,-12,2022,21,2022_21,Lando Norris
2,8.0,-6.0,3.0,1.7320508075688705,4.666666666666667,1.6666666666666667,4.333333333333333,5.0,10.0,0.0,0.0,1.0,0,2022,21,2022_21,Lewis Hamilton
3,2.0,1.0,1.0,0.0,1.6666666666666667,0.6666666666666666,2.0,2.8333333333333335,10.0,0.0,0.0,0.3333333333333333,-3,2022,21,2022_21,Max Verstappen
12,20.0,-8.0,16.0,0.9999999999999982,16.666666666666668,0.6666666666666666,14.666666666666666,16.5,10.0,0.0,0.0,-0.6666666666666666,-1,2022,21,2022_21,Mick Schumacher
18,16.0,2.0,14.666666666666666,4.932882862316248,20.0,5.333333333333333,14.833333333333334,17.666666666666668,10.0,0.0,0.0,3.6666666666666665,2,2022,21,2022_21,Nicholas Latifi
10,12.0,-2.0,14.333333333333334,3.5118845842842465,14.666666666666666,0.3333333333333333,14.333333333333334,14.166666666666666,10.0,0.0,0.0,-0.3333333333333333,-4,2022,21,2022_21,Pierre Gasly
9,13.0,-4.0,9.333333333333334,4.163331998932266,12.666666666666666,3.3333333333333335,12.166666666666666,13.666666666666666,10.0,0.0,0.0,2.3333333333333335,-2,2022,21,2022_21,Sebastian Vettel
4,9.0,-5.0,3.0,0.9999999999999922,4.0,1.0,2.0,2.8333333333333335,10.0,0.0,0.0,2.6666666666666665,-3,2022,21,2022_21,Sergio Pérez
14,18.0,-4.0,14.666666666666666,4.509249752822894,9.333333333333334,-5.333333333333333,14.166666666666666,11.333333333333334,10.0,0.0,0.0,-6.333333333333333,5,2022,21,2022_21,Valtteri Bottas
0,19.0,-19.0,14.333333333333334,5.131601439446882,13.666666666666666,-0.6666666666666666,14.333333333333334,14.166666666666666,10.0,0.0,0.0,0.6666666666666666,-17,2022,21,2022_21,Yuki Tsunoda
19,19.0,0.0,13.333333333333334,1.5275252316519499,13.666666666666666,0.3333333333333333,15.166666666666666,16.166666666666668,10.0,0.0,0.0,1.3333333333333333,6,2022,22,2022_22,Alexander Albon
4,4.0,0.0,9.333333333333334,9.291573243177568,3.6666666666666665,-5.666666666666667,6.833333333333333,5.0,10.0,0.0,0.0,-5.0,0,2022,22,2022_22,Carlos Sainz
3,3.0,0.0,4.333333333333333,1.5275252316519465,6.333333333333333,2.0,6.833333333333333,5.0,10.0,0.0,0.0,3.6666666666666665,1,2022,22,2022_22,Charles Leclerc
13,10.0,3.0,14.333333333333334,6.658328118479393,14.0,-0.3333333333333333,12.666666666666666,10.333333333333334,10.0,0.0,0.0,-2.0,4,2022,22,2022_22,Daniel Ricciardo
8,8.0,0.0,9.0,1.7320508075688783,11.333333333333334,2.3333333333333335,9.666666666666666,9.833333333333334,10.0,0.0,0.0,-0.3333333333333333,1,2022,22,2022_22,Esteban Ocon
10,11.0,-1.0,10.333333333333334,7.571877794400365,8.333333333333334,-2.0,9.666666666666666,9.833333333333334,10.0,0.0,0.0,3.0,-10,2022,22,2022_22,Fernando Alonso
6,6.0,0.0,3.3333333333333335,2.0816659994661304,3.6666666666666665,0.3333333333333333,2.6666666666666665,4.5,10.0,0.0,0.0,-1.0,1,2022,22,2022_22,George Russell
15,15.0,0.0,12.333333333333334,0.5773502691896129,14.333333333333334,2.0,12.5,12.833333333333334,10.0,0.0,0.0,2.0,3,2022,22,2022_22,Guanyu Zhou
16,16.0,0.0,15.0,5.291502622129181,10.666666666666666,-4.333333333333333,14.833333333333334,14.5,10.0,0.0,0.0,-1.6666666666666667,-1,2022,22,2022_22,Kevin Magnussen
14,14.0,0.0,14.333333333333334,4.041451884327381,13.333333333333334,-1.0,12.666666666666666,13.666666666666666,10.0,0.0,0.0,-1.0,6,2022,22,2022_22,Lance Stroll
7,7.0,0.0,11.0,6.244997998398398,6.666666666666667,-4.333333333333333,12.666666666666666,10.333333333333334,10.0,0.0,0.0,-4.333333333333333,1,2022,22,2022_22,Lando Norris
5,5.0,0.0,2.0,0.0,5.333333333333333,3.3333333333333335,2.6666666666666665,4.5,10.0,0.0,0.0,0.6666666666666666,-13,2022,22,2022_22,Lewis Hamilton
1,1.0,0.0,2.6666666666666665,2.8867513459481287,2.0,-0.6666666666666666,3.6666666666666665,3.8333333333333335,10.0,0.0,0.0,-0.6666666666666666,0,2022,22,2022_22,Max Verstappen
12,13.0,-1.0,14.666666666666666,1.5275252316519499,18.333333333333332,3.6666666666666665,14.833333333333334,14.5,10.0,0.0,0.0,-0.3333333333333333,-4,2022,22,2022_22,Mick Schumacher
20,20.0,0.0,17.0,1.0000000000000036,18.666666666666668,1.6666666666666667,15.166666666666666,16.166666666666668,10.0,0.0,0.0,0.6666666666666666,1,2022,22,2022_22,Nicholas Latifi
17,17.0,0.0,13.0,1.7320508075688783,13.0,0.0,14.333333333333334,14.333333333333334,10.0,0.0,0.0,-1.3333333333333333,3,2022,22,2022_22,Pierre Gasly
9,9.0,0.0,11.0,3.0,14.0,3.0,12.666666666666666,13.666666666666666,10.0,0.0,0.0,0.6666666666666666,-1,2022,22,2022_22,Sebastian Vettel
2,2.0,0.0,4.666666666666667,2.081665999466129,5.666666666666667,1.0,3.6666666666666665,3.8333333333333335,10.0,0.0,0.0,1.0,-1,2022,22,2022_22,Sergio Pérez
18,18.0,0.0,12.666666666666666,5.507570547286102,11.333333333333334,-1.3333333333333333,12.5,12.833333333333334,10.0,0.0,0.0,-3.6666666666666665,3,2022,22,2022_22,Valtteri Bottas
11,12.0,-1.0,15.666666666666666,5.131601439446883,15.666666666666666,0.0,14.333333333333334,14.333333333333334,10.0,0.0,0.0,-5.0,0,2022,22,2022_22,Yuki Tsunoda
15,15.0,0.0,13.333333333333334,1.5275252316519499,16.333333333333332,3.0,15.5,17.5,13.0,0.0,1.0,5.0,5,2023,1,2023_1,Alexander Albon
4,4.0,0.0,4.0,0.9999999999999787,4.666666666666667,0.6666666666666666,4.0,5.666666666666667,2.0,0.0,1.0,1.3333333333333333,0,2023,1,2023_1,Carlos Sainz
3,3.0,0.0,4.0,2.0,6.666666666666667,2.6666666666666665,4.0,5.666666666666667,1.0,0.0,0.0,1.0,-16,2023,1,2023_1,Charles Leclerc
9,9.0,0.0,7.666666666666667,0.5773502691896258,8.0,0.3333333333333333,11.166666666666666,8.5,7.0,0.0,4.0,3.6666666666666665,-9,2023,1,2023_1,Esteban Ocon
5,5.0,0.0,14.666666666666666,8.386497083606084,9.0,-5.666666666666667,11.333333333333334,14.333333333333334,9.0,0.0,-1.0,-2.6666666666666665,2,2023,1,2023_1,Fernando Alonso
6,6.0,0.0,3.3333333333333335,2.0816659994661304,3.6666666666666665,0.3333333333333333,5.333333333333333,4.5,4.0,0.0,5.0,-0.3333333333333333,-1,2023,1,2023_1,George Russell
13,13.0,0.0,12.333333333333334,0.5773502691896129,14.666666666666666,2.3333333333333335,11.833333333333334,14.333333333333334,10.0,0.0,5.0,1.0,-3,2023,1,2023_1,Guanyu Zhou
17,17.0,0.0,17.666666666666668,1.1547005383792517,10.666666666666666,-7.0,16.333333333333332,13.5,5.0,0.0,2.0,-3.3333333333333335,4,2023,1,2023_1,Kevin Magnussen
8,8.0,0.0,11.0,3.6055512754639896,15.666666666666666,4.666666666666667,11.333333333333334,14.333333333333334,12.0,0.0,7.0,5.333333333333333,2,2023,1,2023_1,Lance Stroll
11,11.0,0.0,11.0,6.244997998398398,6.333333333333333,-4.666666666666667,11.5,9.0,15.0,0.0,-2.0,-4.0,-6,2023,1,2023_1,Lando Norris
7,7.0,0.0,7.333333333333333,9.237604307034013,5.333333333333333,-2.0,5.333333333333333,4.5,3.0,0.0,2.0,-4.0,2,2023,1,2023_1,Lewis Hamilton
16,16.0,0.0,11.333333333333334,3.0550504633038913,11.333333333333334,0.3333333333333333,15.5,17.5,10.0,0.0,0.0,0.3333333333333333,4,2023,1,2023_1,Logan Sargeant
1,1.0,0.0,2.6666666666666665,2.8867513459481287,1.3333333333333333,-1.3333333333333333,3.5,3.1666666666666665,19.0,0.0,-17.0,-1.0,0,2023,1,2023_1,Max Verstappen
10,10.0,0.0,14.5,3.5355339059327378,17.5,3.0,16.333333333333332,13.5,17.0,0.0,0.0,2.5,-5,2023,1,2023_1,Nico Hülkenberg
19,19.0,0.0,9.0,3.0550504633038913,13.0,4.0,14.5,14.5,10.0,0.0,0.0,-1.0,5,2023,1,2023_1,Nyck de Vries
18,18.0,0.0,11.333333333333334,3.0550504633038913,11.333333333333334,0.3333333333333333,11.5,9.0,10.0,0.0,0.0,0.3333333333333333,-2,2023,1,2023_1,Oscar Piastri
20,20.0,0.0,13.0,1.7320508075688783,14.333333333333334,1.3333333333333333,11.166666666666666,8.5,20.0,0.0,-10.0,0.6666666666666666,11,2023,1,2023_1,Pierre Gasly
2,2.0,0.0,4.333333333333333,2.3094010767585,5.0,0.6666666666666666,3.5,3.1666666666666665,18.0,0.0,-14.0,-1.0,0,2023,1,2023_1,Sergio Pérez
12,12.0,0.0,11.333333333333334,3.214550253664318,14.0,2.6666666666666665,11.833333333333334,14.333333333333334,6.0,0.0,0.0,1.3333333333333333,4,2023,1,2023_1,Valtteri Bottas
14,14.0,0.0,16.0,4.582575694955839,14.666666666666666,-1.3333333333333333,14.5,14.5,8.0,0.0,8.0,-8.0,3,2023,1,2023_1,Yuki Tsunoda
17,17.0,0.0,12.666666666666666,2.516611478423585,15.0,2.3333333333333335,14.166666666666666,16.166666666666668,14.0,-1.0,2.0,5.0,-2,2023,2,2023_2,Alexander Albon
4,5.0,-1.0,3.6666666666666665,0.5773502691895861,4.333333333333333,0.6666666666666666,6.0,4.833333333333333,3.0,-1.0,0.0,1.3333333333333333,-2,2023,2,2023_2,Carlos Sainz
12,2.0,10.0,8.333333333333334,9.29157324317757,5.333333333333333,-3.0,6.0,4.833333333333333,2.0,-1.0,0.0,-4.666666666666667,5,2023,2,2023_2,Charles Leclerc
6,7.0,-1.0,11.0,6.082762530298219,7.666666666666667,-3.3333333333333335,11.166666666666666,10.166666666666666,6.0,-1.0,-1.0,0.0,-2,2023,2,2023_2,Esteban Ocon
2,3.0,-1.0,9.333333333333334,9.29157324317757,7.666666666666667,-1.6666666666666667,8.0,10.666666666666666,16.0,-1.0,-9.0,1.3333333333333333,-1,2023,2,2023_2,Fernando Alonso
3,4.0,-1.0,4.333333333333333,3.0550504633038917,5.0,0.6666666666666666,6.333333333333333,5.833333333333333,5.0,-1.0,1.0,0.0,-1,2023,2,2023_2,George Russell
11,12.0,-1.0,13.333333333333334,2.309401076758503,15.0,1.6666666666666667,12.0,15.5,11.0,-1.0,1.0,0.3333333333333333,-2,2023,2,2023_2,Guanyu Zhou
13,13.0,0.0,16.333333333333332,3.055050463303893,11.333333333333334,-5.0,15.5,12.833333333333334,9.0,-1.0,1.0,-2.6666666666666665,3,2023,2,2023_2,Kevin Magnussen
5,6.0,-1.0,8.0,2.000000000000001,12.333333333333334,4.333333333333333,8.0,10.666666666666666,13.0,-1.0,0.0,4.333333333333333,-15,2023,2,2023_2,Lance Stroll
19,19.0,0.0,13.666666666666666,6.658328118479393,7.333333333333333,-6.333333333333333,15.0,10.666666666666666,7.0,-1.0,4.0,-5.666666666666667,2,2023,2,2023_2,Lando Norris
7,8.0,-1.0,8.333333333333334,8.504900548115383,6.666666666666667,-1.6666666666666667,6.333333333333333,5.833333333333333,10.0,-1.0,5.0,-3.6666666666666665,2,2023,2,2023_2,Lewis Hamilton
20,20.0,0.0,12.0,3.0550504633038913,16.0,4.0,14.166666666666666,16.166666666666668,10.0,-1.0,0.0,4.0,4,2023,2,2023_2,Logan Sargeant
15,15.0,0.0,2.6666666666666665,2.8867513459481287,1.3333333333333333,-1.3333333333333333,3.3333333333333335,2.8333333333333335,1.0,-1.0,3.0,-1.0,13,2023,2,2023_2,Max Verstappen
10,11.0,-1.0,14.666666666666666,2.5166114784235836,15.0,0.3333333333333333,15.5,12.833333333333334,12.0,-1.0,5.0,0.0,-2,2023,2,2023_2,Nico Hülkenberg
18,18.0,0.0,11.5,3.5355339059327378,16.0,4.5,13.5,15.5,10.0,-1.0,0.0,2.0,4,2023,2,2023_2,Nyck de Vries
8,9.0,-1.0,20.0,3.0550504633038913,18.0,-2.0,15.0,10.666666666666666,10.0,-1.0,0.0,-2.0,-7,2023,2,2023_2,Oscar Piastri
9,10.0,-1.0,12.333333333333334,2.886751345948129,16.333333333333332,4.0,11.166666666666666,10.166666666666666,8.0,-1.0,1.0,3.3333333333333335,0,2023,2,2023_2,Pierre Gasly
1,1.0,0.0,4.0,2.6457513110645876,4.333333333333333,0.3333333333333333,3.3333333333333335,2.8333333333333335,4.0,-1.0,-3.0,-1.3333333333333333,0,2023,2,2023_2,Sergio Pérez
14,14.0,0.0,10.666666666666666,3.785938897200182,16.0,5.333333333333333,12.0,15.5,15.0,-1.0,-7.0,4.0,-4,2023,2,2023_2,Valtteri Bottas
16,16.0,0.0,13.0,3.464101615137751,15.0,2.0,13.5,15.5,19.0,-1.0,0.0,-4.666666666666667,5,2023,2,2023_2,Yuki Tsunoda
8,8.0,0.0,14.0,4.582575694955841,17.0,3.0,14.833333333333334,17.833333333333332,10.0,0.0,10.0,3.0,-11,2023,3,2023_3,Alexander Albon
5,5.0,0.0,4.666666666666667,1.1547005383792515,4.333333333333333,-0.3333333333333333,7.0,3.5,20.0,0.0,-11.0,-0.6666666666666666,-7,2023,3,2023_3,Carlos Sainz
7,7.0,0.0,9.333333333333334,8.736894948054106,2.6666666666666665,-6.666666666666667,7.0,3.5,1.0,0.0,0.0,-3.3333333333333335,-13,2023,3,2023_3,Charles Leclerc
11,11.0,0.0,11.0,6.082762530298219,8.0,-3.0,11.833333333333334,10.833333333333334,7.0,0.0,1.0,-3.3333333333333335,-3,2023,3,2023_3,Esteban Ocon
4,4.0,0.0,8.666666666666666,9.814954576223638,6.333333333333333,-2.3333333333333335,8.333333333333334,7.5,17.0,0.0,-7.0,-3.0,1,2023,3,2023_3,Fernando Alonso
2,2.0,0.0,5.333333333333333,1.5275252316519436,5.333333333333333,0.0,7.333333333333333,6.0,3.0,0.0,3.0,-0.3333333333333333,-16,2023,3,2023_3,George Russell
17,17.0,0.0,13.666666666666666,2.081665999466132,13.333333333333334,-0.3333333333333333,13.666666666666666,14.0,11.0,0.0,3.0,-0.6666666666666666,8,2023,3,2023_3,Guanyu Zhou
14,14.0,0.0,13.333333333333334,3.511884584284244,15.333333333333334,2.0,13.833333333333334,13.333333333333334,14.0,0.0,2.0,2.0,-3,2023,3,2023_3,Kevin Magnussen
6,6.0,0.0,11.333333333333334,7.571877794400366,9.333333333333334,-2.0,8.333333333333334,7.5,12.0,0.0,7.0,-2.3333333333333335,2,2023,3,2023_3,Lance Stroll
13,13.0,0.0,13.333333333333334,6.350852961085883,12.333333333333334,-1.0,14.0,12.333333333333334,5.0,0.0,-1.0,-1.0,7,2023,3,2023_3,Lando Norris
3,3.0,0.0,9.333333333333334,7.505553499465136,6.666666666666667,-2.6666666666666665,7.333333333333333,6.0,4.0,0.0,1.0,-3.0,1,2023,3,2023_3,Lewis Hamilton
18,18.0,0.0,14.0,2.8284271247461903,18.0,4.0,14.833333333333334,17.833333333333332,10.0,0.0,0.0,4.0,2,2023,3,2023_3,Logan Sargeant
1,1.0,0.0,1.3333333333333333,0.5773502691896258,5.666666666666667,4.333333333333333,1.6666666666666667,3.6666666666666665,18.0,0.0,-16.0,4.333333333333333,0,2023,3,2023_3,Max Verstappen
10,10.0,0.0,13.0,1.7320508075688772,13.0,0.0,13.833333333333334,13.333333333333334,10.0,0.0,0.0,-0.6666666666666666,3,2023,3,2023_3,Nico Hülkenberg
15,15.0,0.0,12.333333333333334,2.8867513459481287,16.666666666666668,4.333333333333333,12.5,16.0,10.0,0.0,0.0,2.6666666666666665,0,2023,3,2023_3,Nyck de Vries
16,16.0,0.0,17.5,3.5355339059327378,13.5,-4.0,14.0,12.333333333333334,10.0,0.0,0.0,-4.5,8,2023,3,2023_3,Oscar Piastri
9,9.0,0.0,10.666666666666666,2.886751345948129,15.666666666666666,5.0,11.833333333333334,10.833333333333334,9.0,0.0,2.0,4.666666666666667,-4,2023,3,2023_3,Pierre Gasly
20,20.0,0.0,2.0,0.9999999999999925,1.6666666666666667,-0.3333333333333333,1.6666666666666667,3.6666666666666665,2.0,0.0,1.0,-0.3333333333333333,15,2023,3,2023_3,Sergio Pérez
19,19.0,0.0,13.666666666666666,5.131601439446884,14.666666666666666,1.0,13.666666666666666,14.0,8.0,0.0,4.0,1.0,8,2023,3,2023_3,Valtteri Bottas
12,12.0,0.0,11.0,0.0,14.0,3.0,12.5,16.0,15.0,0.0,-2.0,2.6666666666666665,2,2023,3,2023_3,Yuki Tsunoda
12,13.0,-1.0,16.0,5.196152422706633,13.333333333333334,-2.6666666666666665,15.333333333333334,15.666666666666666,12.0,0.0,5.0,-2.6666666666666665,0,2023,4,2023_4,Alexander Albon
4,4.0,0.0,7.333333333333333,4.163331998932265,4.666666666666667,-2.6666666666666665,11.333333333333334,4.333333333333333,20.0,0.0,-16.0,-3.0,-1,2023,4,2023_4,Carlos Sainz
1,1.0,0.0,15.333333333333334,7.234178138070237,4.0,-11.333333333333334,11.333333333333334,4.333333333333333,19.0,0.0,-18.0,-8.0,-2,2023,4,2023_4,Charles Leclerc
19,12.0,7.0,13.333333333333334,5.033222956847166,9.0,-4.333333333333333,11.833333333333334,11.0,10.0,0.0,3.0,-4.666666666666667,4,2023,4,2023_4,Esteban Ocon
6,6.0,0.0,3.0,0.0,4.0,1.0,6.5,5.333333333333333,7.0,0.0,3.0,0.6666666666666666,2,2023,4,2023_4,Fernando Alonso
11,11.0,0.0,9.666666666666666,7.371114795831993,4.0,-5.666666666666667,6.833333333333333,5.0,3.0,0.0,2.0,-6.0,3,2023,4,2023_4,George Russell
15,16.0,-1.0,12.666666666666666,3.5118845842842457,14.0,1.3333333333333333,12.5,14.5,18.0,0.0,-4.0,1.0,-4,2023,4,2023_4,Guanyu Zhou
16,18.0,-2.0,13.333333333333334,3.511884584284244,14.666666666666666,1.3333333333333333,12.333333333333334,12.5,17.0,0.0,-1.0,1.3333333333333333,3,2023,4,2023_4,Kevin Magnussen
9,9.0,0.0,10.0,8.717797887081348,6.666666666666667,-3.3333333333333335,6.5,5.333333333333333,16.0,0.0,3.0,-3.6666666666666665,2,2023,4,2023_4,Lance Stroll
7,7.0,0.0,13.333333333333334,6.3508529610858835,14.333333333333334,1.0,13.833333333333334,14.333333333333334,9.0,0.0,2.0,1.0,-2,2023,4,2023_4,Lando Norris
5,5.0,0.0,4.0,1.7320508075688772,6.0,2.0,6.833333333333333,5.0,4.0,0.0,3.0,1.6666666666666667,-1,2023,4,2023_4,Lewis Hamilton
14,15.0,-1.0,14.666666666666666,2.3094010767585034,18.0,3.3333333333333335,15.333333333333334,15.666666666666666,10.0,0.0,0.0,3.3333333333333335,-2,2023,4,2023_4,Logan Sargeant
2,2.0,0.0,1.3333333333333333,0.5773502691896258,5.666666666666667,4.333333333333333,2.0,6.666666666666667,1.0,0.0,2.0,4.333333333333333,0,2023,4,2023_4,Max Verstappen
20,17.0,3.0,11.333333333333334,4.041451884327381,10.333333333333334,-1.0,12.333333333333334,12.5,10.0,0.0,0.0,-1.3333333333333333,3,2023,4,2023_4,Nico Hülkenberg
18,20.0,-2.0,14.333333333333334,0.5773502691896255,17.333333333333332,3.0,12.5,15.666666666666666,10.0,0.0,0.0,3.0,-2,2023,4,2023_4,Nyck de Vries
10,10.0,0.0,14.333333333333334,6.027713773341708,14.333333333333334,0.0,13.833333333333334,14.333333333333334,10.0,0.0,0.0,-0.3333333333333333,-1,2023,4,2023_4,Oscar Piastri
17,19.0,-2.0,10.333333333333334,2.309401076758503,13.0,2.6666666666666665,11.833333333333334,11.0,5.0,0.0,1.0,2.3333333333333335,3,2023,4,2023_4,Pierre Gasly
3,3.0,0.0,2.6666666666666665,2.081665999466129,7.666666666666667,5.0,2.0,6.666666666666667,2.0,0.0,0.0,5.0,2,2023,4,2023_4,Sergio Pérez
13,14.0,-1.0,12.333333333333334,5.131601439446884,15.0,2.6666666666666665,12.5,14.5,11.0,0.0,4.0,2.6666666666666665,-5,2023,4,2023_4,Valtteri Bottas
8,8.0,0.0,10.666666666666666,0.5773502691896255,14.0,3.3333333333333335,12.5,15.666666666666666,13.0,0.0,-5.0,3.3333333333333335,-2,2023,4,2023_4,Yuki Tsunoda
11,11.0,0.0,16.666666666666668,4.041451884327381,12.666666666666666,-4.0,16.333333333333332,15.166666666666666,9.0,-1.15,9.0,-4.333333333333333,-3,2023,5,2023_5,Alexander Albon
3,3.0,0.0,7.666666666666667,3.785938897200182,4.666666666666667,-3.0,8.833333333333334,4.0,3.0,-1.15,-1.0,-3.3333333333333335,-2,2023,5,2023_5,Carlos Sainz
7,7.0,0.0,10.0,8.88819441731559,3.3333333333333335,-6.666666666666667,8.833333333333334,4.0,2.0,-1.15,-1.0,-3.3333333333333335,0,2023,5,2023_5,Charles Leclerc
8,8.0,0.0,12.333333333333334,3.7859388972001824,10.0,-2.3333333333333335,12.166666666666666,11.333333333333334,8.0,-1.15,12.0,-0.3333333333333333,-1,2023,5,2023_5,Esteban Ocon
2,2.0,0.0,3.3333333333333335,0.5773502691896257,4.333333333333333,1.0,6.833333333333333,5.666666666666667,11.0,-1.15,0.0,0.6666666666666666,-1,2023,5,2023_5,Fernando Alonso
6,6.0,0.0,10.0,7.211102550927978,5.666666666666667,-4.333333333333333,7.166666666666667,5.5,5.0,-1.15,7.0,-4.666666666666667,2,2023,5,2023_5,George Russell
14,14.0,0.0,13.666666666666666,5.033222956847166,15.0,1.3333333333333333,14.666666666666666,15.333333333333334,20.0,-1.15,-3.0,0.6666666666666666,-2,2023,5,2023_5,Guanyu Zhou
4,4.0,0.0,13.333333333333334,3.511884584284244,15.0,1.6666666666666667,12.666666666666666,13.833333333333334,16.0,-1.15,0.0,1.0,-6,2023,5,2023_5,Kevin Magnussen
18,18.0,0.0,10.333333333333334,8.504900548115382,7.0,-3.3333333333333335,6.833333333333333,5.666666666666667,10.0,-1.15,-10.0,-3.6666666666666665,6,2023,5,2023_5,Lance Stroll
16,16.0,0.0,10.666666666666666,5.686240703077327,13.0,2.3333333333333335,11.0,12.333333333333334,19.0,-1.15,-11.0,2.3333333333333335,-1,2023,5,2023_5,Lando Norris
13,13.0,0.0,4.333333333333333,2.081665999466133,5.333333333333333,1.0,7.166666666666667,5.5,6.0,-1.15,0.0,0.6666666666666666,7,2023,5,2023_5,Lewis Hamilton
20,20.0,0.0,16.0,0.0,17.666666666666668,1.6666666666666667,16.333333333333332,15.166666666666666,10.0,-1.15,0.0,1.3333333333333333,0,2023,5,2023_5,Logan Sargeant
9,9.0,0.0,1.6666666666666667,0.5773502691896258,6.0,4.333333333333333,2.0,7.0,1.0,-1.15,2.0,4.333333333333333,8,2023,5,2023_5,Max Verstappen
12,12.0,0.0,12.0,5.0,12.666666666666666,0.6666666666666666,12.666666666666666,13.833333333333334,10.0,-1.15,0.0,1.3333333333333333,-3,2023,5,2023_5,Nico Hülkenberg
15,15.0,0.0,16.333333333333332,3.214550253664319,17.666666666666668,1.3333333333333333,13.333333333333334,14.833333333333334,10.0,-1.15,0.0,0.6666666666666666,-3,2023,5,2023_5,Nyck de Vries
19,19.0,0.0,11.333333333333334,3.511884584284247,11.666666666666666,0.3333333333333333,11.0,12.333333333333334,10.0,-1.15,0.0,0.0,0,2023,5,2023_5,Oscar Piastri
5,5.0,0.0,12.0,2.6457513110645903,12.666666666666666,0.6666666666666666,12.166666666666666,11.333333333333334,18.0,-1.15,-11.0,-0.3333333333333333,-3,2023,5,2023_5,Pierre Gasly
1,1.0,0.0,2.3333333333333335,2.3094010767585,8.0,5.666666666666667,2.0,7.0,4.0,-1.15,0.0,5.666666666666667,-1,2023,5,2023_5,Sergio Pérez
10,10.0,0.0,15.666666666666666,4.041451884327381,15.666666666666666,0.0,14.666666666666666,15.333333333333334,7.0,-1.15,-2.0,-0.3333333333333333,-3,2023,5,2023_5,Valtteri Bottas
17,17.0,0.0,10.333333333333334,0.5773502691896255,12.0,1.6666666666666667,13.333333333333334,14.833333333333334,12.0,-1.15,-3.0,1.6666666666666667,6,2023,5,2023_5,Yuki Tsunoda
13,13.0,0.0,15.0,3.6055512754639905,10.666666666666666,-4.333333333333333,16.166666666666668,14.166666666666666,18.0,0.0,-2.0,-4.666666666666667,-1,2023,6,2023_6,Alexander Albon
4,5.0,-1.0,7.333333333333333,4.04145188432738,4.0,-3.3333333333333335,8.666666666666666,4.5,2.0,0.0,0.0,-3.3333333333333335,-4,2023,6,2023_6,Carlos Sainz
6,3.0,3.0,10.0,8.88819441731559,5.0,-5.0,8.666666666666666,4.5,4.0,0.0,-3.0,-5.0,0,2023,6,2023_6,Charles Leclerc
3,4.0,-1.0,12.666666666666666,3.2145502536643176,10.333333333333334,-2.3333333333333335,12.166666666666666,10.666666666666666,12.0,0.0,-2.0,0.0,0,2023,6,2023_6,Esteban Ocon
2,2.0,0.0,3.3333333333333335,0.5773502691896257,4.0,0.6666666666666666,5.5,7.5,7.0,0.0,0.0,0.6666666666666666,0,2023,6,2023_6,Fernando Alonso
8,8.0,0.0,10.0,7.211102550927978,6.333333333333333,-3.6666666666666665,7.333333333333333,6.666666666666667,5.0,0.0,1.0,-3.6666666666666665,3,2023,6,2023_6,George Russell
19,19.0,0.0,14.666666666666666,5.131601439446884,15.666666666666666,1.0,14.333333333333334,15.0,16.0,0.0,4.0,0.6666666666666666,6,2023,6,2023_6,Guanyu Zhou
17,17.0,0.0,13.333333333333334,3.511884584284244,12.0,-1.3333333333333333,13.166666666666666,12.5,20.0,0.0,-7.0,-2.0,-2,2023,6,2023_6,Kevin Magnussen
14,14.0,0.0,7.666666666666667,4.041451884327377,11.0,3.3333333333333335,5.5,7.5,14.0,0.0,4.0,3.3333333333333335,-6,2023,6,2023_6,Lance Stroll
10,10.0,0.0,10.666666666666666,5.686240703077327,12.0,1.3333333333333333,11.666666666666666,13.5,6.0,0.0,-1.0,1.3333333333333333,1,2023,6,2023_6,Lando Norris
5,6.0,-1.0,4.666666666666667,2.3094010767585034,7.0,2.3333333333333335,7.333333333333333,6.666666666666667,8.0,0.0,0.0,2.3333333333333335,1,2023,6,2023_6,Lewis Hamilton
16,16.0,0.0,17.333333333333332,2.3094010767585034,17.666666666666668,0.3333333333333333,16.166666666666668,14.166666666666666,10.0,0.0,0.0,0.0,-2,2023,6,2023_6,Logan Sargeant
1,1.0,0.0,1.3333333333333333,0.5773502691896258,4.0,2.6666666666666665,2.0,6.0,3.0,0.0,1.0,2.6666666666666665,0,2023,6,2023_6,Max Verstappen
18,18.0,0.0,13.0,5.291502622129181,13.0,0.0,13.166666666666666,12.5,10.0,0.0,0.0,1.0,1,2023,6,2023_6,Nico Hülkenberg
12,12.0,0.0,17.666666666666668,2.516611478423584,16.666666666666668,-1.0,14.0,14.5,10.0,0.0,0.0,-1.6666666666666667,0,2023,6,2023_6,Nyck de Vries
11,11.0,0.0,12.666666666666666,5.686240703077328,15.0,2.3333333333333335,11.666666666666666,13.5,10.0,0.0,0.0,2.3333333333333335,1,2023,6,2023_6,Oscar Piastri
7,7.0,0.0,11.666666666666666,3.214550253664318,11.0,-0.6666666666666666,12.166666666666666,10.666666666666666,11.0,0.0,6.0,-1.3333333333333333,0,2023,6,2023_6,Pierre Gasly
20,20.0,0.0,2.6666666666666665,2.081665999466129,8.0,5.333333333333333,2.0,6.0,1.0,0.0,2.0,5.333333333333333,4,2023,6,2023_6,Sergio Pérez
15,15.0,0.0,14.0,3.6055512754639896,14.333333333333334,0.3333333333333333,14.333333333333334,15.0,9.0,0.0,3.0,0.0,4,2023,6,2023_6,Valtteri Bottas
9,9.0,0.0,10.333333333333334,0.5773502691896255,12.333333333333334,2.0,14.0,14.5,17.0,0.0,-6.0,2.0,-6,2023,6,2023_6,Yuki Tsunoda
18,18.0,0.0,13.333333333333334,1.1547005383792597,12.333333333333334,-1.0,15.666666666666666,14.666666666666666,18.0,0.0,0.0,-1.3333333333333333,2,2023,7,2023_7,Alexander Albon
2,2.0,0.0,6.0,1.7320508075688772,4.0,-2.0,5.666666666666667,3.8333333333333335,4.0,0.0,-1.0,-2.3333333333333335,-3,2023,7,2023_7,Carlos Sainz
19,19.0,0.0,5.333333333333333,2.08166599946613,3.6666666666666665,-1.6666666666666667,5.666666666666667,3.8333333333333335,20.0,0.0,-19.0,-0.6666666666666666,8,2023,7,2023_7,Charles Leclerc
6,7.0,-1.0,9.0,5.999999999999999,8.0,-1.0,9.333333333333334,9.166666666666666,7.0,0.0,5.0,1.0,-2,2023,7,2023_7,Esteban Ocon
8,9.0,-1.0,3.0,0.9999999999999999,3.3333333333333335,0.3333333333333333,8.0,8.5,9.0,0.0,11.0,0.3333333333333333,1,2023,7,2023_7,Fernando Alonso
12,12.0,0.0,5.666666666666667,2.0816659994661366,8.333333333333334,2.6666666666666665,5.5,8.166666666666666,3.0,0.0,1.0,2.6666666666666665,9,2023,7,2023_7,George Russell
13,13.0,0.0,16.0,2.9999999999999996,16.333333333333332,0.3333333333333333,15.0,14.666666666666666,19.0,0.0,-4.0,0.0,4,2023,7,2023_7,Guanyu Zhou
17,17.0,0.0,14.0,4.582575694955839,13.0,-1.0,15.166666666666666,14.333333333333334,17.0,0.0,-9.0,-1.6666666666666667,-1,2023,7,2023_7,Kevin Magnussen
5,6.0,-1.0,13.0,6.557438524302001,13.666666666666666,0.6666666666666666,8.0,8.5,15.0,0.0,2.0,0.6666666666666666,-1,2023,7,2023_7,Lance Stroll
3,3.0,0.0,11.666666666666666,4.618802153517007,11.0,-0.6666666666666666,12.5,12.166666666666666,8.0,0.0,3.0,-0.6666666666666666,-14,2023,7,2023_7,Lando Norris
4,5.0,-1.0,5.333333333333333,1.1547005383792515,8.0,2.6666666666666665,5.5,8.166666666666666,5.0,0.0,1.0,2.3333333333333335,2,2023,7,2023_7,Lewis Hamilton
20,20.0,0.0,18.0,2.000000000000001,17.0,-1.0,15.666666666666666,14.666666666666666,10.0,0.0,0.0,-1.3333333333333333,0,2023,7,2023_7,Logan Sargeant
1,1.0,0.0,1.3333333333333333,0.5773502691896258,4.0,2.6666666666666665,3.8333333333333335,6.0,1.0,0.0,1.0,2.6666666666666665,0,2023,7,2023_7,Max Verstappen
7,8.0,-1.0,16.333333333333332,1.1547005383792532,15.666666666666666,-0.6666666666666666,15.166666666666666,14.333333333333334,10.0,0.0,0.0,0.3333333333333333,-8,2023,7,2023_7,Nico Hülkenberg
14,14.0,0.0,16.666666666666668,4.163331998932266,15.666666666666666,-1.0,14.333333333333334,13.5,10.0,0.0,0.0,-1.6666666666666667,0,2023,7,2023_7,Nyck de Vries
9,10.0,-1.0,13.333333333333334,4.932882862316249,13.333333333333334,0.0,12.5,12.166666666666666,10.0,0.0,0.0,0.0,-4,2023,7,2023_7,Oscar Piastri
10,4.0,6.0,9.666666666666666,3.785938897200182,10.333333333333334,0.6666666666666666,9.333333333333334,9.166666666666666,13.0,0.0,1.0,0.0,0,2023,7,2023_7,Pierre Gasly
11,11.0,0.0,6.333333333333333,8.386497083606082,8.0,1.6666666666666667,3.8333333333333335,6.0,2.0,0.0,3.0,1.6666666666666667,7,2023,7,2023_7,Sergio Pérez
16,16.0,0.0,14.0,3.6055512754639896,13.0,-1.0,15.0,14.666666666666666,6.0,0.0,1.0,-1.3333333333333333,-3,2023,7,2023_7,Valtteri Bottas
15,15.0,0.0,12.0,2.6457513110645907,11.333333333333334,-0.6666666666666666,14.333333333333334,13.5,10.0,0.0,3.0,-0.6666666666666666,3,2023,7,2023_7,Yuki Tsunoda
9,10.0,-1.0,14.666666666666666,1.1547005383792517,14.0,-0.6666666666666666,17.0,16.333333333333332,13.0,0.0,-1.0,-0.6666666666666666,2,2023,8,2023_8,Alexander Albon
11,8.0,3.0,6.0,1.7320508075688772,3.3333333333333335,-2.6666666666666665,7.0,6.5,2.0,0.0,1.0,-3.0,6,2023,8,2023_8,Carlos Sainz
10,11.0,-1.0,8.0,2.645751311064592,9.666666666666666,1.6666666666666667,7.0,6.5,5.0,0.0,14.0,2.6666666666666665,6,2023,8,2023_8,Charles Leclerc
6,6.0,0.0,6.666666666666667,3.214550253664317,6.333333333333333,-0.3333333333333333,7.5,5.833333333333333,6.0,0.0,1.0,-1.0,-2,2023,8,2023_8,Esteban Ocon
2,3.0,-1.0,4.0,2.6457513110645907,4.333333333333333,0.3333333333333333,8.333333333333334,8.5,9.0,0.0,-7.0,0.0,0,2023,8,2023_8,Fernando Alonso
4,5.0,-1.0,4.0,1.0000000000000138,8.666666666666666,4.666666666666667,4.0,8.333333333333334,4.0,0.0,4.0,4.666666666666667,-15,2023,8,2023_8,George Russell
20,20.0,0.0,12.666666666666666,3.5118845842842457,15.333333333333334,2.6666666666666665,13.5,14.5,8.0,0.0,2.0,2.6666666666666665,4,2023,8,2023_8,Guanyu Zhou
13,14.0,-1.0,15.666666666666666,4.932882862316248,12.666666666666666,-3.0,15.666666666666666,12.666666666666666,17.0,0.0,-12.0,-3.0,-4,2023,8,2023_8,Kevin Magnussen
16,13.0,3.0,12.666666666666666,7.023769168568492,12.666666666666666,0.0,8.333333333333334,8.5,10.0,0.0,7.0,-0.3333333333333333,7,2023,8,2023_8,Lance Stroll
7,7.0,0.0,14.333333333333334,4.618802153517007,9.666666666666666,-4.666666666666667,14.166666666666666,11.5,15.0,0.0,-1.0,-4.666666666666667,-6,2023,8,2023_8,Lando Norris
3,4.0,-1.0,4.0,1.9999999999999998,8.0,4.0,4.0,8.333333333333334,3.0,0.0,1.0,3.3333333333333335,0,2023,8,2023_8,Lewis Hamilton
18,19.0,-1.0,19.333333333333332,1.1547005383792532,18.666666666666668,-0.6666666666666666,17.0,16.333333333333332,10.0,0.0,0.0,-0.6666666666666666,-2,2023,8,2023_8,Logan Sargeant
1,1.0,0.0,1.0,0.0,3.6666666666666665,2.6666666666666665,4.166666666666667,7.166666666666667,1.0,0.0,0.0,2.6666666666666665,0,2023,8,2023_8,Max Verstappen
5,2.0,3.0,15.666666666666666,1.1547005383792524,12.666666666666666,-3.0,15.666666666666666,12.666666666666666,10.0,0.0,0.0,-3.3333333333333335,-10,2023,8,2023_8,Nico Hülkenberg
17,18.0,-1.0,14.666666666666666,3.055050463303895,13.666666666666666,-1.0,13.666666666666666,13.666666666666666,10.0,0.0,0.0,-1.0,-1,2023,8,2023_8,Nyck de Vries
8,9.0,-1.0,14.0,4.582575694955842,13.333333333333334,-0.6666666666666666,14.166666666666666,11.5,10.0,0.0,0.0,-1.0,-3,2023,8,2023_8,Oscar Piastri
15,17.0,-2.0,8.333333333333334,1.5275252316519445,5.333333333333333,-3.0,7.5,5.833333333333333,14.0,0.0,1.0,-1.0,3,2023,8,2023_8,Pierre Gasly
12,12.0,0.0,7.333333333333333,7.571877794400365,10.666666666666666,3.3333333333333335,4.166666666666667,7.166666666666667,20.0,0.0,-7.0,3.3333333333333335,6,2023,8,2023_8,Sergio Pérez
14,15.0,-1.0,14.333333333333334,4.163331998932266,13.666666666666666,-0.6666666666666666,13.5,14.5,7.0,0.0,4.0,-0.6666666666666666,4,2023,8,2023_8,Valtteri Bottas
19,16.0,3.0,12.666666666666666,2.0816659994661326,13.666666666666666,1.0,13.666666666666666,13.666666666666666,18.0,0.0,2.0,1.0,5,2023,8,2023_8,Yuki Tsunoda
10,10.0,0.0,12.333333333333334,4.725815626252609,13.666666666666666,1.3333333333333333,15.833333333333334,16.0,12.0,-1.0,3.0,1.0,-1,2023,9,2023_9,Alexander Albon
3,3.0,0.0,6.0,1.7320508075688772,5.0,-1.0,6.5,8.0,18.0,-1.0,-15.0,-0.3333333333333333,-3,2023,9,2023_9,Carlos Sainz
2,2.0,0.0,7.0,3.605551275463989,11.0,4.0,6.5,8.0,1.0,-1.0,1.0,4.666666666666667,0,2023,9,2023_9,Charles Leclerc
12,12.0,0.0,6.333333333333333,2.8867513459481273,5.666666666666667,-0.6666666666666666,8.0,7.5,5.0,-1.0,1.0,-1.3333333333333333,-2,2023,9,2023_9,Esteban Ocon
7,7.0,0.0,3.6666666666666665,2.8867513459481287,4.666666666666667,1.0,7.666666666666667,7.833333333333333,10.0,-1.0,9.0,0.3333333333333333,2,2023,9,2023_9,Fernando Alonso
11,11.0,0.0,9.0,8.717797887081346,8.333333333333334,-0.6666666666666666,6.0,6.666666666666667,4.0,-1.0,0.0,-1.0,4,2023,9,2023_9,George Russell
17,17.0,0.0,12.666666666666666,3.5118845842842457,17.333333333333332,4.666666666666667,13.0,16.333333333333332,14.0,-1.0,-1.0,4.666666666666667,5,2023,9,2023_9,Guanyu Zhou
19,19.0,0.0,18.0,1.0000000000000084,16.0,-2.0,16.833333333333332,12.666666666666666,8.0,-1.0,-1.0,-2.3333333333333335,1,2023,9,2023_9,Kevin Magnussen
6,6.0,0.0,11.666666666666666,7.371114795831993,11.0,-0.6666666666666666,7.666666666666667,7.833333333333333,13.0,-1.0,-1.0,0.0,-3,2023,9,2023_9,Lance Stroll
4,4.0,0.0,13.0,4.0,6.666666666666667,-6.333333333333333,12.166666666666666,8.333333333333334,7.0,-1.0,3.0,-6.333333333333333,0,2023,9,2023_9,Lando Norris
5,5.0,0.0,3.0,0.9999999999999998,5.0,2.0,6.0,6.666666666666667,3.0,-1.0,5.0,1.0,-3,2023,9,2023_9,Lewis Hamilton
18,18.0,0.0,19.333333333333332,1.1547005383792532,18.333333333333332,-1.0,15.833333333333334,16.0,10.0,-1.0,0.0,-1.3333333333333333,5,2023,9,2023_9,Logan Sargeant
1,1.0,0.0,1.0,0.0,1.0,0.0,4.833333333333333,7.666666666666667,2.0,-1.0,-1.0,0.0,0,2023,9,2023_9,Max Verstappen
8,8.0,0.0,15.666666666666666,1.1547005383792524,9.333333333333334,-6.333333333333333,16.833333333333332,12.666666666666666,10.0,-1.0,0.0,-5.666666666666667,-12,2023,9,2023_9,Nico Hülkenberg
20,20.0,0.0,14.666666666666666,3.055050463303895,14.666666666666666,0.0,14.166666666666666,14.0,10.0,-1.0,0.0,-0.3333333333333333,3,2023,9,2023_9,Nyck de Vries
13,13.0,0.0,11.333333333333334,1.5275252316519514,10.0,-1.3333333333333333,12.166666666666666,8.333333333333334,10.0,-1.0,0.0,-2.0,-3,2023,9,2023_9,Oscar Piastri
9,9.0,0.0,9.666666666666666,2.5166114784235827,9.333333333333334,-0.3333333333333333,8.0,7.5,15.0,-1.0,-1.0,1.0,-1,2023,9,2023_9,Pierre Gasly
15,15.0,0.0,8.666666666666666,6.429100507328636,14.333333333333334,5.666666666666667,4.833333333333333,7.666666666666667,20.0,-1.0,-15.0,5.666666666666667,12,2023,9,2023_9,Sergio Pérez
14,14.0,0.0,13.333333333333334,4.932882862316248,15.333333333333334,2.0,13.0,16.333333333333332,11.0,-1.0,-11.0,1.6666666666666667,-1,2023,9,2023_9,Valtteri Bottas
16,16.0,0.0,13.666666666666666,1.5275252316519468,13.333333333333334,-0.3333333333333333,14.166666666666666,14.0,16.0,-1.0,0.0,0.6666666666666666,-3,2023,9,2023_9,Yuki Tsunoda
8,8.0,0.0,11.333333333333334,4.509249752822894,12.666666666666666,1.3333333333333333,14.5,15.833333333333334,20.0,0.0,-4.0,1.0,0,2023,10,2023_10,Alexander Albon
5,5.0,0.0,5.333333333333333,0.5773502691896258,4.333333333333333,-1.0,5.5,7.5,1.0,0.0,0.0,0.0,-5,2023,10,2023_10,Carlos Sainz
4,4.0,0.0,5.666666666666667,4.725815626252607,10.666666666666666,5.0,5.5,7.5,4.0,0.0,-1.0,4.666666666666667,-5,2023,10,2023_10,Charles Leclerc
13,13.0,0.0,10.0,3.4641016151377544,8.333333333333334,-1.6666666666666667,10.333333333333334,9.166666666666666,15.0,0.0,0.0,-2.0,-7,2023,10,2023_10,Esteban Ocon
9,9.0,0.0,4.666666666666667,2.516611478423583,6.333333333333333,1.6666666666666667,6.333333333333333,7.333333333333333,5.0,0.0,2.0,1.0,2,2023,10,2023_10,Fernando Alonso
6,6.0,0.0,9.666666666666666,8.32666399786453,9.333333333333334,-0.3333333333333333,7.0,7.0,18.0,0.0,-10.0,-0.6666666666666666,1,2023,10,2023_10,George Russell
17,17.0,0.0,12.333333333333334,3.5118845842842457,16.666666666666668,4.333333333333333,13.5,15.833333333333334,19.0,0.0,-10.0,4.333333333333333,2,2023,10,2023_10,Guanyu Zhou
19,19.0,0.0,17.666666666666668,0.5773502691896373,16.666666666666668,-1.0,17.166666666666668,11.333333333333334,10.0,0.0,7.0,-1.3333333333333333,0,2023,10,2023_10,Kevin Magnussen
12,12.0,0.0,8.0,1.732050807568866,8.333333333333334,0.3333333333333333,6.333333333333333,7.333333333333333,11.0,0.0,9.0,1.0,-2,2023,10,2023_10,Lance Stroll
2,2.0,0.0,11.333333333333334,6.658328118479393,4.666666666666667,-6.666666666666667,12.333333333333334,7.666666666666667,6.0,0.0,0.0,-6.666666666666667,0,2023,10,2023_10,Lando Norris
7,7.0,0.0,4.333333333333333,3.2145502536643185,4.666666666666667,0.3333333333333333,7.0,7.0,3.0,0.0,2.0,-0.3333333333333333,4,2023,10,2023_10,Lewis Hamilton
14,14.0,0.0,17.666666666666668,4.041451884327381,19.0,1.3333333333333333,14.5,15.833333333333334,10.0,0.0,0.0,1.0,3,2023,10,2023_10,Logan Sargeant
1,1.0,0.0,1.0,0.0,1.0,0.0,2.6666666666666665,6.833333333333333,7.0,0.0,-5.0,0.0,0,2023,10,2023_10,Max Verstappen
11,11.0,0.0,16.666666666666668,2.886751345948128,6.0,-10.666666666666666,17.166666666666668,11.333333333333334,10.0,0.0,0.0,-10.0,-2,2023,10,2023_10,Nico Hülkenberg
18,18.0,0.0,16.333333333333332,2.0816659994661344,17.333333333333332,1.0,15.666666666666666,16.5,10.0,0.0,0.0,0.6666666666666666,1,2023,10,2023_10,Nyck de Vries
3,3.0,0.0,13.333333333333334,2.516611478423586,10.666666666666666,-2.6666666666666665,12.333333333333334,7.666666666666667,10.0,0.0,0.0,-3.3333333333333335,-1,2023,10,2023_10,Oscar Piastri
10,10.0,0.0,10.666666666666666,1.1547005383792506,10.0,-0.6666666666666666,10.333333333333334,9.166666666666666,16.0,0.0,-5.0,0.6666666666666666,-8,2023,10,2023_10,Pierre Gasly
15,15.0,0.0,4.333333333333333,1.5275252316519439,12.666666666666666,8.333333333333334,2.6666666666666665,6.833333333333333,2.0,0.0,2.0,8.333333333333334,9,2023,10,2023_10,Sergio Pérez
20,15.0,5.0,14.666666666666666,4.509249752822894,15.0,0.3333333333333333,13.5,15.833333333333334,17.0,0.0,-5.0,0.0,8,2023,10,2023_10,Valtteri Bottas
16,16.0,0.0,15.0,3.605551275463989,15.666666666666666,0.6666666666666666,15.666666666666666,16.5,14.0,0.0,-1.0,1.6666666666666667,0,2023,10,2023_10,Yuki Tsunoda
16,16.0,0.0,8.666666666666666,2.0816659994661335,9.333333333333334,0.6666666666666666,11.666666666666666,13.166666666666666,17.0,-1.0,0.0,0.3333333333333333,5,2023,11,2023_11,Alexander Albon
11,11.0,0.0,7.0,2.6457513110645907,5.333333333333333,-1.6666666666666667,6.0,5.5,4.0,-1.0,-2.0,-0.6666666666666666,3,2023,11,2023_11,Carlos Sainz
6,6.0,0.0,5.0,3.6055512754639865,5.666666666666667,0.6666666666666666,6.0,5.5,6.0,-1.0,-3.0,0.3333333333333333,-1,2023,11,2023_11,Charles Leclerc
13,13.0,0.0,12.0,7.000000000000001,11.666666666666666,-0.3333333333333333,16.833333333333332,17.333333333333332,15.0,-1.0,-6.0,-0.3333333333333333,0,2023,11,2023_11,Daniel Ricciardo
12,12.0,0.0,14.0,6.0,10.333333333333334,-3.6666666666666665,13.666666666666666,11.166666666666666,9.0,-1.0,-4.0,-3.6666666666666665,-7,2023,11,2023_11,Esteban Ocon
8,8.0,0.0,4.666666666666667,2.516611478423583,6.333333333333333,1.6666666666666667,7.666666666666667,8.333333333333334,8.0,-1.0,-2.0,1.3333333333333333,-1,2023,11,2023_11,Fernando Alonso
18,18.0,0.0,10.333333333333334,7.571877794400364,7.333333333333333,-3.0,7.5,6.333333333333333,3.0,-1.0,-2.0,-3.3333333333333335,12,2023,11,2023_11,George Russell
5,5.0,0.0,14.333333333333334,2.081665999466131,18.0,3.6666666666666665,13.333333333333334,16.333333333333332,13.0,-1.0,-1.0,3.6666666666666665,-11,2023,11,2023_11,Guanyu Zhou
19,19.0,0.0,18.0,1.0000000000000084,17.333333333333332,-0.6666666666666666,17.0,12.166666666666666,16.0,-1.0,-3.0,-1.0,2,2023,11,2023_11,Kevin Magnussen
14,14.0,0.0,10.666666666666666,2.886751345948129,10.333333333333334,-0.3333333333333333,7.666666666666667,8.333333333333334,11.0,-1.0,3.0,0.6666666666666666,4,2023,11,2023_11,Lance Stroll
3,3.0,0.0,6.333333333333333,5.859465277082316,4.333333333333333,-2.0,8.333333333333334,6.333333333333333,7.0,-1.0,-3.0,-2.0,1,2023,11,2023_11,Lando Norris
1,1.0,0.0,4.666666666666667,2.886751345948129,5.333333333333333,0.6666666666666666,7.5,6.333333333333333,2.0,-1.0,5.0,0.3333333333333333,-3,2023,11,2023_11,Lewis Hamilton
20,20.0,0.0,14.666666666666666,4.725815626252609,17.0,2.3333333333333335,11.666666666666666,13.166666666666666,10.0,-1.0,0.0,2.0,2,2023,11,2023_11,Logan Sargeant
2,2.0,0.0,1.0,0.0,1.0,0.0,3.0,7.5,1.0,-1.0,9.0,0.0,1,2023,11,2023_11,Max Verstappen
10,10.0,0.0,16.0,3.6055512754639887,7.0,-9.0,17.0,12.166666666666666,10.0,-1.0,0.0,-8.0,-4,2023,11,2023_11,Nico Hülkenberg
4,4.0,0.0,10.333333333333334,6.027713773341709,8.333333333333334,-2.0,8.333333333333334,6.333333333333333,10.0,-1.0,0.0,-2.3333333333333335,-1,2023,11,2023_11,Oscar Piastri
15,15.0,0.0,13.333333333333334,4.163331998932265,12.0,-1.3333333333333333,13.666666666666666,11.166666666666666,12.0,-1.0,-12.0,-2.0,-5,2023,11,2023_11,Pierre Gasly
9,9.0,0.0,5.0,1.732050807568875,14.0,9.0,3.0,7.5,5.0,-1.0,6.0,9.0,6,2023,11,2023_11,Sergio Pérez
7,7.0,0.0,12.333333333333334,2.5166114784235827,14.666666666666666,2.3333333333333335,13.333333333333334,16.333333333333332,20.0,-1.0,-12.0,3.6666666666666665,-5,2023,11,2023_11,Valtteri Bottas
17,17.0,0.0,16.333333333333332,2.516611478423583,16.0,-0.3333333333333333,16.833333333333332,17.333333333333332,19.0,-1.0,-3.0,0.6666666666666666,2,2023,11,2023_11,Yuki Tsunoda
15,16.0,-1.0,10.0,1.7320508075688785,11.333333333333334,1.3333333333333333,12.0,14.333333333333334,10.0,-1.4,-4.0,1.3333333333333333,1,2023,12,2023_12,Alexander Albon
4,5.0,-1.0,8.0,2.0,6.333333333333333,-1.6666666666666667,7.0,5.166666666666667,3.0,-1.4,-2.0,-1.6666666666666667,-15,2023,12,2023_12,Carlos Sainz
1,2.0,-1.0,6.0,3.6055512754639873,4.0,-2.0,7.0,5.166666666666667,6.0,-1.4,9.0,-2.0,-2,2023,12,2023_12,Charles Leclerc
19,19.0,0.0,14.0,5.567764362830022,12.333333333333334,-1.6666666666666667,16.166666666666668,16.666666666666668,15.0,-1.4,-8.0,-1.6666666666666667,3,2023,12,2023_12,Daniel Ricciardo
14,15.0,-1.0,17.666666666666668,3.214550253664318,12.333333333333334,-5.333333333333333,16.833333333333332,11.833333333333334,7.0,-1.4,9.0,-5.333333333333333,6,2023,12,2023_12,Esteban Ocon
9,9.0,0.0,7.0,1.9999999999999996,8.0,1.0,9.0,9.333333333333334,5.0,-1.4,-2.0,1.0,4,2023,12,2023_12,Fernando Alonso
8,8.0,0.0,6.0,1.000000000000007,11.666666666666666,5.666666666666667,5.5,8.0,4.0,-1.4,1.0,5.666666666666667,2,2023,12,2023_12,George Russell
17,17.0,0.0,14.333333333333334,2.081665999466131,13.0,-1.3333333333333333,13.666666666666666,12.5,14.0,-1.4,4.0,-1.3333333333333333,4,2023,12,2023_12,Guanyu Zhou
16,13.0,3.0,18.0,1.0000000000000084,19.0,1.0,16.833333333333332,14.333333333333334,16.0,-1.4,-4.0,1.0,1,2023,12,2023_12,Kevin Magnussen
10,10.0,0.0,11.0,2.645751311064591,10.666666666666666,-0.3333333333333333,9.0,9.333333333333334,11.0,-1.4,-2.0,-0.3333333333333333,1,2023,12,2023_12,Lance Stroll
7,7.0,0.0,2.6666666666666665,1.154700538379258,3.0,0.3333333333333333,5.5,4.833333333333333,12.0,-1.4,5.0,0.3333333333333333,0,2023,12,2023_12,Lando Norris
3,4.0,-1.0,5.0,2.6457513110645907,4.333333333333333,-0.6666666666666666,5.5,8.0,20.0,-1.4,-16.0,-0.6666666666666666,-1,2023,12,2023_12,Lewis Hamilton
18,18.0,0.0,14.0,3.605551275463989,17.333333333333332,3.3333333333333335,12.0,14.333333333333334,10.0,-1.4,0.0,3.3333333333333335,1,2023,12,2023_12,Logan Sargeant
6,1.0,5.0,1.0,0.0,1.3333333333333333,0.3333333333333333,2.5,7.166666666666667,1.0,-1.4,13.0,0.3333333333333333,5,2023,12,2023_12,Max Verstappen
20,20.0,0.0,15.666666666666666,3.785938897200182,9.666666666666666,-6.0,16.833333333333332,14.333333333333334,10.0,-1.4,0.0,-6.0,2,2023,12,2023_12,Nico Hülkenberg
5,6.0,-1.0,8.333333333333334,6.658328118479394,6.666666666666667,-1.6666666666666667,5.5,4.833333333333333,10.0,-1.4,0.0,-1.6666666666666667,-15,2023,12,2023_12,Oscar Piastri
12,12.0,0.0,16.0,5.2915026221291805,11.333333333333334,-4.666666666666667,16.833333333333332,11.833333333333334,9.0,-1.4,-9.0,-4.666666666666667,1,2023,12,2023_12,Pierre Gasly
2,3.0,-1.0,4.0,1.732050807568875,13.0,9.0,2.5,7.166666666666667,2.0,-1.4,0.0,9.0,0,2023,12,2023_12,Sergio Pérez
13,14.0,-1.0,13.0,1.7320508075688763,12.0,-1.0,13.666666666666666,12.5,19.0,-1.4,-6.0,0.6666666666666666,1,2023,12,2023_12,Valtteri Bottas
11,11.0,0.0,16.666666666666668,2.0816659994661335,16.333333333333332,-0.3333333333333333,16.166666666666668,16.666666666666668,13.0,-1.4,-13.0,-0.3333333333333333,1,2023,12,2023_12,Yuki Tsunoda
4,4.0,0.0,11.0,3.0000000000000004,13.333333333333334,2.3333333333333335,13.166666666666666,15.333333333333334,12.0,0.0,3.0,2.0,-4,2023,13,2023_13,Alexander Albon
6,6.0,0.0,12.333333333333334,5.859465277082315,7.0,-5.333333333333333,9.333333333333334,5.5,8.0,0.0,-5.0,-5.666666666666667,1,2023,13,2023_13,Carlos Sainz
9,9.0,0.0,6.333333333333333,3.0550504633038913,4.0,-2.3333333333333335,9.333333333333334,5.5,3.0,0.0,-1.0,-2.6666666666666665,-10,2023,13,2023_13,Charles Leclerc
16,17.0,-1.0,15.666666666666666,6.6583281184793925,13.333333333333334,-2.3333333333333335,16.0,12.833333333333334,9.0,0.0,3.0,-2.6666666666666665,6,2023,13,2023_13,Esteban Ocon
5,5.0,0.0,7.0,1.9999999999999996,8.666666666666666,1.6666666666666667,9.0,10.333333333333334,6.0,0.0,7.0,1.6666666666666667,3,2023,13,2023_13,Fernando Alonso
3,3.0,0.0,5.666666666666667,0.5773502691896404,10.666666666666666,5.0,4.666666666666667,7.333333333333333,2.0,0.0,4.0,5.0,-14,2023,13,2023_13,George Russell
15,16.0,-1.0,14.666666666666666,1.5275252316519439,13.0,-1.6666666666666667,13.333333333333334,12.5,16.0,0.0,-2.0,-1.6666666666666667,-3,2023,13,2023_13,Guanyu Zhou
0,18.0,-18.0,17.0,2.000000000000001,17.0,0.0,16.0,15.333333333333334,15.0,0.0,3.0,1.0,-16,2023,13,2023_13,Kevin Magnussen
11,11.0,0.0,11.0,2.645751311064591,12.0,1.0,9.0,10.333333333333334,10.0,0.0,0.0,1.0,0,2023,13,2023_13,Lance Stroll
2,2.0,0.0,3.6666666666666665,2.8867513459481287,4.0,0.3333333333333333,6.666666666666667,4.166666666666667,7.0,0.0,0.0,0.3333333333333333,-5,2023,13,2023_13,Lando Norris
13,13.0,0.0,3.6666666666666665,0.5773502691896273,4.0,0.3333333333333333,4.666666666666667,7.333333333333333,4.0,0.0,0.0,0.0,7,2023,13,2023_13,Lewis Hamilton
19,20.0,-1.0,11.333333333333334,3.0550504633038913,11.333333333333334,0.3333333333333333,14.5,15.666666666666666,10.0,0.0,0.0,0.3333333333333333,6,2023,13,2023_13,Liam Lawson
10,10.0,0.0,15.333333333333334,3.7859388972001824,17.333333333333332,2.0,13.166666666666666,15.333333333333334,10.0,0.0,0.0,2.0,-10,2023,13,2023_13,Logan Sargeant
1,1.0,0.0,1.0,0.0,1.3333333333333333,0.3333333333333333,2.3333333333333335,5.166666666666667,1.0,0.0,0.0,2.0,0,2023,13,2023_13,Max Verstappen
14,15.0,-1.0,15.0,2.6457513110645894,13.666666666666666,-1.3333333333333333,16.0,15.333333333333334,10.0,0.0,0.0,-1.3333333333333333,2,2023,13,2023_13,Nico Hülkenberg
8,8.0,0.0,9.666666666666666,8.962886439832502,4.333333333333333,-5.333333333333333,6.666666666666667,4.166666666666667,10.0,0.0,0.0,-5.666666666666667,-1,2023,13,2023_13,Oscar Piastri
12,12.0,0.0,16.333333333333332,4.725815626252607,12.333333333333334,-4.0,16.0,12.833333333333334,11.0,0.0,0.0,-4.0,9,2023,13,2023_13,Pierre Gasly
7,7.0,0.0,3.6666666666666665,2.081665999466131,9.0,5.333333333333333,2.3333333333333335,5.166666666666667,5.0,0.0,0.0,5.0,3,2023,13,2023_13,Sergio Pérez
18,19.0,-1.0,12.0,0.0,12.0,0.0,13.333333333333334,12.5,19.0,0.0,-3.0,1.3333333333333333,4,2023,13,2023_13,Valtteri Bottas
17,14.0,3.0,13.666666666666666,3.2145502536643202,14.666666666666666,1.0,14.5,15.666666666666666,20.0,0.0,-11.0,1.0,2,2023,13,2023_13,Yuki Tsunoda
6,6.0,0.0,11.0,3.0000000000000004,12.0,1.0,14.666666666666666,14.0,10.0,0.0,0.0,0.6666666666666666,-1,2023,14,2023_14,Alexander Albon
1,1.0,0.0,10.666666666666666,7.371114795831994,7.333333333333333,-3.3333333333333335,10.166666666666666,6.5,4.0,0.0,14.0,-3.6666666666666665,-2,2023,14,2023_14,Carlos Sainz
3,3.0,0.0,9.666666666666666,8.326663997864532,5.666666666666667,-4.0,10.166666666666666,6.5,2.0,0.0,-1.0,-4.333333333333333,-1,2023,14,2023_14,Charles Leclerc
18,18.0,0.0,12.333333333333334,5.859465277082315,14.666666666666666,2.3333333333333335,11.833333333333334,13.833333333333334,11.0,0.0,3.0,1.6666666666666667,-1,2023,14,2023_14,Esteban Ocon
10,10.0,0.0,5.333333333333333,3.5118845842842457,7.333333333333333,2.0,7.666666666666667,9.5,19.0,0.0,-13.0,2.0,1,2023,14,2023_14,Fernando Alonso
4,4.0,0.0,9.666666666666666,6.3508529610858835,9.666666666666666,0.0,7.166666666666667,7.833333333333333,3.0,0.0,-1.0,0.0,-1,2023,14,2023_14,George Russell
16,16.0,0.0,15.666666666666666,2.516611478423582,12.666666666666666,-3.0,14.166666666666666,13.0,10.0,0.0,-1.0,-3.3333333333333335,2,2023,14,2023_14,Guanyu Zhou
19,19.0,0.0,16.0,0.9999999999999969,16.666666666666668,0.6666666666666666,15.333333333333334,15.833333333333334,16.0,0.0,0.0,-4.333333333333333,1,2023,14,2023_14,Kevin Magnussen
20,20.0,0.0,10.0,1.0000000000000018,11.666666666666666,1.6666666666666667,7.666666666666667,9.5,18.0,0.0,-6.0,1.6666666666666667,4,2023,14,2023_14,Lance Stroll
9,9.0,0.0,5.333333333333333,2.8867513459481287,4.0,-1.3333333333333333,8.333333333333334,5.0,7.0,0.0,-4.0,-1.3333333333333333,1,2023,14,2023_14,Lando Norris
8,8.0,0.0,4.666666666666667,1.1547005383792515,6.0,1.3333333333333333,7.166666666666667,7.833333333333333,5.0,0.0,14.0,1.0,2,2023,14,2023_14,Lewis Hamilton
12,12.0,0.0,13.0,3.0550504633038913,20.0,7.0,13.666666666666666,15.666666666666666,10.0,0.0,0.0,6.0,1,2023,14,2023_14,Liam Lawson
15,15.0,0.0,18.333333333333332,1.527525231651946,16.0,-2.3333333333333335,14.666666666666666,14.0,10.0,0.0,0.0,-2.3333333333333335,2,2023,14,2023_14,Logan Sargeant
2,2.0,0.0,1.0,0.0,1.3333333333333333,0.3333333333333333,2.0,3.8333333333333335,1.0,0.0,6.0,2.0,1,2023,14,2023_14,Max Verstappen
13,13.0,0.0,14.666666666666666,3.055050463303892,15.0,0.3333333333333333,15.333333333333334,15.833333333333334,10.0,0.0,0.0,0.0,-4,2023,14,2023_14,Nico Hülkenberg
7,7.0,0.0,11.333333333333334,7.767453465154029,6.0,-5.333333333333333,8.333333333333334,5.0,10.0,0.0,0.0,-5.666666666666667,-5,2023,14,2023_14,Oscar Piastri
17,17.0,0.0,11.333333333333334,8.504900548115382,13.0,1.6666666666666667,11.833333333333334,13.833333333333334,8.0,0.0,-3.0,1.6666666666666667,2,2023,14,2023_14,Pierre Gasly
5,5.0,0.0,3.0,0.9999999999999956,6.333333333333333,3.3333333333333335,2.0,3.8333333333333335,6.0,0.0,7.0,3.0,3,2023,14,2023_14,Sergio Pérez
14,14.0,0.0,12.666666666666666,1.1547005383792517,13.333333333333334,0.6666666666666666,14.166666666666666,13.0,13.0,0.0,2.0,0.0,4,2023,14,2023_14,Valtteri Bottas
11,11.0,0.0,13.333333333333334,2.8867513459481313,14.0,0.6666666666666666,13.666666666666666,15.666666666666666,14.0,0.0,6.0,1.6666666666666667,-9,2023,14,2023_14,Yuki Tsunoda
14,14.0,0.0,9.666666666666666,3.785938897200183,8.666666666666666,-1.0,13.166666666666666,11.5,17.0,-1.0,1.0,-1.3333333333333333,3,2023,15,2023_15,Alexander Albon
1,1.0,0.0,9.0,8.717797887081348,4.0,-5.0,8.833333333333334,4.333333333333333,3.0,-1.0,1.0,-5.333333333333333,0,2023,15,2023_15,Carlos Sainz
3,3.0,0.0,8.666666666666666,8.962886439832502,4.666666666666667,-4.0,8.833333333333334,4.333333333333333,2.0,-1.0,-1.0,-4.333333333333333,-1,2023,15,2023_15,Charles Leclerc
8,8.0,0.0,12.333333333333334,5.859465277082315,16.666666666666668,4.333333333333333,11.0,15.166666666666666,16.0,-1.0,1.0,3.6666666666666665,-10,2023,15,2023_15,Esteban Ocon
7,7.0,0.0,5.333333333333333,3.5118845842842457,8.0,2.6666666666666665,8.666666666666666,10.833333333333334,18.0,-1.0,-13.0,2.6666666666666665,-8,2023,15,2023_15,Fernando Alonso
2,2.0,0.0,9.333333333333334,6.658328118479393,5.0,-4.333333333333333,7.333333333333333,6.666666666666667,14.0,-1.0,-14.0,-4.333333333333333,-14,2023,15,2023_15,George Russell
19,19.0,0.0,15.0,2.645751311064589,16.333333333333332,1.3333333333333333,13.5,16.0,20.0,-1.0,-6.0,1.0,7,2023,15,2023_15,Guanyu Zhou
6,6.0,0.0,16.333333333333332,1.5275252316519463,16.666666666666668,0.3333333333333333,16.0,16.333333333333332,12.0,-1.0,-3.0,-4.666666666666667,-4,2023,15,2023_15,Kevin Magnussen
0,20.0,-20.0,12.0,3.6055512754639896,13.666666666666666,1.6666666666666667,8.666666666666666,10.833333333333334,6.0,-1.0,5.0,1.6666666666666667,-20,2023,15,2023_15,Lance Stroll
4,4.0,0.0,7.333333333333333,0.5773502691896258,6.0,-1.3333333333333333,10.5,6.5,4.0,-1.0,2.0,-1.3333333333333333,2,2023,15,2023_15,Lando Norris
5,5.0,0.0,5.333333333333333,1.1547005383792515,8.333333333333334,3.0,7.333333333333333,6.666666666666667,9.0,-1.0,-6.0,2.6666666666666665,2,2023,15,2023_15,Lewis Hamilton
10,10.0,0.0,12.0,1.4142135623730951,16.0,4.0,14.166666666666666,14.5,10.0,-1.0,0.0,3.5,1,2023,15,2023_15,Liam Lawson
18,18.0,0.0,16.666666666666668,3.5118845842842465,14.333333333333334,-2.3333333333333335,13.166666666666666,11.5,10.0,-1.0,0.0,-2.3333333333333335,4,2023,15,2023_15,Logan Sargeant
11,11.0,0.0,1.0,0.0,1.3333333333333333,0.3333333333333333,1.8333333333333333,3.1666666666666665,7.0,-1.0,1.0,2.0,6,2023,15,2023_15,Max Verstappen
9,9.0,0.0,15.666666666666666,3.214550253664317,16.0,0.3333333333333333,16.0,16.333333333333332,10.0,-1.0,0.0,0.0,-4,2023,15,2023_15,Nico Hülkenberg
17,17.0,0.0,13.666666666666666,5.686240703077327,7.0,-6.666666666666667,10.5,6.5,10.0,-1.0,0.0,-7.0,10,2023,15,2023_15,Oscar Piastri
12,12.0,0.0,9.666666666666666,6.110100926607784,13.666666666666666,4.0,11.0,15.166666666666666,10.0,-1.0,-3.0,4.0,6,2023,15,2023_15,Pierre Gasly
13,13.0,0.0,2.6666666666666665,1.1547005383792477,5.0,2.3333333333333335,1.8333333333333333,3.1666666666666665,1.0,-1.0,1.0,2.0,5,2023,15,2023_15,Sergio Pérez
16,16.0,0.0,12.0,2.0,15.666666666666666,3.6666666666666665,13.5,16.0,11.0,-1.0,4.0,3.0,-1,2023,15,2023_15,Valtteri Bottas
15,15.0,0.0,15.0,5.000000000000002,12.0,-3.0,14.166666666666666,14.5,15.0,-1.0,-5.0,-2.0,-4,2023,15,2023_15,Yuki Tsunoda
13,13.0,0.0,8.666666666666666,2.081665999466133,8.0,-0.6666666666666666,12.166666666666666,11.166666666666666,20.0,0.0,-4.0,-0.6666666666666666,-3,2023,16,2023_16,Alexander Albon
6,6.0,0.0,3.0,2.0,2.6666666666666665,-0.3333333333333333,6.0,3.8333333333333335,19.0,0.0,-16.0,-0.3333333333333333,0,2023,16,2023_16,Carlos Sainz
4,4.0,0.0,9.0,8.660254037844387,5.0,-4.0,6.0,3.8333333333333335,3.0,0.0,-1.0,-4.0,0,2023,16,2023_16,Charles Leclerc
14,14.0,0.0,15.666666666666666,4.932882862316247,14.333333333333334,-1.3333333333333333,11.833333333333334,14.0,4.0,0.0,1.0,-1.6666666666666667,5,2023,16,2023_16,Esteban Ocon
10,10.0,0.0,8.666666666666666,6.506407098647712,7.333333333333333,-1.3333333333333333,12.166666666666666,12.166666666666666,7.0,0.0,0.0,-1.3333333333333333,2,2023,16,2023_16,Fernando Alonso
8,8.0,0.0,12.666666666666666,6.658328118479393,3.0,-9.666666666666666,8.833333333333334,5.833333333333333,8.0,0.0,0.0,-9.666666666666666,1,2023,16,2023_16,George Russell
19,19.0,0.0,14.666666666666666,3.0550504633038917,17.0,2.3333333333333335,14.166666666666666,16.666666666666668,16.0,0.0,-2.0,2.0,6,2023,16,2023_16,Guanyu Zhou
15,15.0,0.0,14.666666666666666,4.163331998932263,14.333333333333334,-0.3333333333333333,14.333333333333334,13.333333333333334,14.0,0.0,4.0,-6.333333333333333,0,2023,16,2023_16,Kevin Magnussen
17,17.0,0.0,15.666666666666666,4.509249752822895,17.0,1.3333333333333333,12.166666666666666,12.166666666666666,12.0,0.0,7.0,-5.333333333333333,-1,2023,16,2023_16,Lance Stroll
3,3.0,0.0,5.666666666666667,3.2145502536643185,5.0,-0.6666666666666666,7.5,7.833333333333333,10.0,0.0,0.0,-0.6666666666666666,1,2023,16,2023_16,Lando Norris
7,7.0,0.0,5.0,1.7320508075688772,8.666666666666666,3.6666666666666665,8.833333333333334,5.833333333333333,5.0,0.0,1.0,3.6666666666666665,2,2023,16,2023_16,Lewis Hamilton
11,11.0,0.0,11.0,2.0,14.0,3.0,14.5,13.666666666666666,10.0,0.0,0.0,2.6666666666666665,0,2023,16,2023_16,Liam Lawson
20,20.0,0.0,15.666666666666666,3.7859388972001824,14.333333333333334,-1.3333333333333333,12.166666666666666,11.166666666666666,10.0,0.0,0.0,-1.3333333333333333,3,2023,16,2023_16,Logan Sargeant
1,1.0,0.0,2.3333333333333335,2.3094010767585034,4.666666666666667,2.3333333333333335,3.5,6.5,1.0,0.0,0.0,2.3333333333333335,0,2023,16,2023_16,Max Verstappen
18,18.0,0.0,14.0,2.6457513110645894,12.333333333333334,-1.6666666666666667,14.333333333333334,13.333333333333334,10.0,0.0,0.0,-2.0,4,2023,16,2023_16,Nico Hülkenberg
2,2.0,0.0,9.333333333333334,2.5166114784235836,10.666666666666666,1.3333333333333333,7.5,7.833333333333333,10.0,0.0,0.0,1.3333333333333333,-1,2023,16,2023_16,Oscar Piastri
12,12.0,0.0,8.0,6.244997998398396,13.666666666666666,5.666666666666667,11.833333333333334,14.0,18.0,0.0,-1.0,5.666666666666667,2,2023,16,2023_16,Pierre Gasly
5,5.0,0.0,4.666666666666667,3.0550504633038917,8.333333333333334,3.6666666666666665,3.5,6.5,2.0,0.0,2.0,3.6666666666666665,-14,2023,16,2023_16,Sergio Pérez
16,16.0,0.0,13.666666666666666,3.5118845842842465,16.333333333333332,2.6666666666666665,14.166666666666666,16.666666666666668,15.0,0.0,-3.0,2.3333333333333335,-4,2023,16,2023_16,Valtteri Bottas
9,9.0,0.0,18.0,2.6457513110645934,13.333333333333334,-4.666666666666667,14.5,13.666666666666666,13.0,0.0,0.0,-3.6666666666666665,-3,2023,16,2023_16,Yuki Tsunoda
13,14.0,-1.0,11.333333333333334,4.509249752822894,11.0,-0.3333333333333333,13.0,14.333333333333334,10.0,0.0,0.0,-0.3333333333333333,0,2023,17,2023_17,Alexander Albon
12,12.0,0.0,3.3333333333333335,2.5166114784235836,2.6666666666666665,-0.6666666666666666,3.6666666666666665,3.0,10.0,0.0,0.0,-0.6666666666666666,-8,2023,17,2023_17,Carlos Sainz
5,5.0,0.0,4.0,0.0,3.3333333333333335,-0.6666666666666666,3.6666666666666665,3.0,10.0,0.0,0.0,-0.6666666666666666,0,2023,17,2023_17,Charles Leclerc
8,8.0,0.0,15.333333333333334,5.507570547286102,13.333333333333334,-2.0,12.833333333333334,13.5,10.0,0.0,0.0,-2.0,1,2023,17,2023_17,Esteban Ocon
4,4.0,0.0,10.666666666666666,3.7859388972001824,9.0,-1.6666666666666667,14.333333333333334,14.0,10.0,0.0,0.0,-1.6666666666666667,-2,2023,17,2023_17,Fernando Alonso
2,2.0,0.0,9.333333333333334,5.859465277082316,4.666666666666667,-4.666666666666667,7.0,5.666666666666667,10.0,0.0,0.0,-4.666666666666667,-2,2023,17,2023_17,George Russell
19,20.0,-1.0,13.0,0.9999999999999938,18.0,5.0,14.333333333333334,16.666666666666668,10.0,0.0,0.0,5.0,10,2023,17,2023_17,Guanyu Zhou
18,19.0,-1.0,14.333333333333334,4.041451884327377,13.333333333333334,-1.0,14.5,13.333333333333334,10.0,0.0,0.0,-1.0,4,2023,17,2023_17,Kevin Magnussen
16,17.0,-1.0,18.0,2.0000000000000018,19.0,1.0,14.333333333333334,14.0,10.0,0.0,0.0,-5.666666666666667,5,2023,17,2023_17,Lance Stroll
10,10.0,0.0,4.0,3.4641016151377544,5.333333333333333,1.3333333333333333,5.666666666666667,7.0,10.0,0.0,0.0,1.3333333333333333,7,2023,17,2023_17,Lando Norris
3,3.0,0.0,4.666666666666667,1.5275252316519465,6.666666666666667,2.0,7.0,5.666666666666667,10.0,0.0,0.0,2.0,-16,2023,17,2023_17,Lewis Hamilton
17,18.0,-1.0,10.333333333333334,1.1547005383792515,11.0,0.6666666666666666,13.666666666666666,11.333333333333334,10.0,0.0,0.0,0.6666666666666666,0,2023,17,2023_17,Liam Lawson
15,16.0,-1.0,14.666666666666666,2.081665999466132,17.666666666666668,3.0,13.0,14.333333333333334,10.0,0.0,0.0,3.0,-3,2023,17,2023_17,Logan Sargeant
1,1.0,0.0,2.3333333333333335,2.3094010767585034,4.666666666666667,2.3333333333333335,6.0,6.166666666666667,10.0,0.0,0.0,2.3333333333333335,0,2023,17,2023_17,Max Verstappen
14,15.0,-1.0,14.666666666666666,2.081665999466131,13.333333333333334,-1.3333333333333333,14.5,13.333333333333334,10.0,0.0,0.0,-1.3333333333333333,-2,2023,17,2023_17,Nico Hülkenberg
6,6.0,0.0,7.333333333333333,4.509249752822894,8.666666666666666,1.3333333333333333,5.666666666666667,7.0,10.0,0.0,0.0,1.3333333333333333,4,2023,17,2023_17,Oscar Piastri
7,7.0,0.0,10.333333333333334,4.50924975282289,13.666666666666666,3.3333333333333335,12.833333333333334,13.5,10.0,0.0,0.0,3.3333333333333335,-5,2023,17,2023_17,Pierre Gasly
20,13.0,7.0,9.666666666666666,8.621678104251707,7.666666666666667,-2.0,6.0,6.166666666666667,10.0,0.0,0.0,-2.0,10,2023,17,2023_17,Sergio Pérez
9,9.0,0.0,15.666666666666666,5.131601439446884,15.333333333333334,-0.3333333333333333,14.333333333333334,16.666666666666668,10.0,0.0,0.0,-0.3333333333333333,1,2023,17,2023_17,Valtteri Bottas
11,11.0,0.0,17.0,4.358898943540675,11.666666666666666,-5.333333333333333,13.666666666666666,11.333333333333334,10.0,0.0,0.0,-5.333333333333333,-4,2023,17,2023_17,Yuki Tsunoda
15,18.0,-3.0,13.333333333333334,2.5166114784235827,13.666666666666666,0.3333333333333333,14.833333333333334,15.833333333333334,13.0,-1.0,-5.0,0.0,6,2023,18,2023_18,Alexander Albon
4,4.0,0.0,9.0,9.848857801796104,6.333333333333333,-2.6666666666666665,6.666666666666667,5.166666666666667,20.0,-1.0,-19.0,-2.6666666666666665,1,2023,18,2023_18,Carlos Sainz
1,1.0,0.0,4.333333333333333,0.5773502691896258,4.0,-0.3333333333333333,6.666666666666667,5.166666666666667,3.0,-1.0,9.0,-0.3333333333333333,-19,2023,18,2023_18,Charles Leclerc
14,15.0,-1.0,12.666666666666666,3.5118845842842474,14.0,1.3333333333333333,13.833333333333334,12.333333333333334,16.0,-1.0,-1.0,2.3333333333333335,-1,2023,18,2023_18,Daniel Ricciardo
8,8.0,0.0,11.333333333333334,5.8594652770823155,10.0,-1.3333333333333333,10.333333333333334,10.166666666666666,11.0,-1.0,-11.0,-1.3333333333333333,-10,2023,18,2023_18,Esteban Ocon
19,17.0,2.0,9.666666666666666,4.725815626252608,7.0,-2.6666666666666665,13.0,12.5,7.0,-1.0,7.0,-2.6666666666666665,3,2023,18,2023_18,Fernando Alonso
5,5.0,0.0,9.0,6.244997998398399,4.0,-5.0,9.0,4.5,5.0,-1.0,-1.0,-5.0,0,2023,18,2023_18,George Russell
12,12.0,0.0,11.333333333333334,2.08166599946613,19.333333333333332,8.0,13.166666666666666,16.5,12.0,-1.0,6.0,7.666666666666667,-1,2023,18,2023_18,Guanyu Zhou
17,14.0,3.0,13.0,2.6457513110645823,13.333333333333334,0.3333333333333333,13.666666666666666,13.666666666666666,9.0,-1.0,4.0,0.0,3,2023,18,2023_18,Kevin Magnussen
20,19.0,1.0,16.333333333333332,4.725815626252609,18.0,1.6666666666666667,13.0,12.5,18.0,-1.0,-13.0,-5.333333333333333,13,2023,18,2023_18,Lance Stroll
2,2.0,0.0,2.3333333333333335,0.5773502691896257,5.666666666666667,3.3333333333333335,3.1666666666666665,7.0,6.0,-1.0,0.0,3.3333333333333335,0,2023,18,2023_18,Lando Norris
3,3.0,0.0,9.0,8.717797887081348,5.0,-4.0,9.0,4.5,2.0,-1.0,1.0,-4.0,-16,2023,18,2023_18,Lewis Hamilton
16,20.0,-4.0,16.333333333333332,2.0816659994661326,18.0,1.6666666666666667,14.833333333333334,15.833333333333334,10.0,-1.0,0.0,1.3333333333333333,6,2023,18,2023_18,Logan Sargeant
6,6.0,0.0,2.3333333333333335,2.3094010767585034,4.333333333333333,2.0,7.333333333333333,7.333333333333333,1.0,-1.0,1.0,2.0,5,2023,18,2023_18,Max Verstappen
18,16.0,2.0,14.333333333333334,1.5275252316519439,14.0,-0.3333333333333333,13.666666666666666,13.666666666666666,10.0,-1.0,0.0,-0.6666666666666666,7,2023,18,2023_18,Nico Hülkenberg
10,10.0,0.0,4.0,2.645751311064592,8.333333333333334,4.333333333333333,3.1666666666666665,7.0,10.0,-1.0,0.0,4.333333333333333,-7,2023,18,2023_18,Oscar Piastri
7,7.0,0.0,9.333333333333334,3.0550504633038873,10.333333333333334,1.0,10.333333333333334,10.166666666666666,14.0,-1.0,-3.0,1.0,1,2023,18,2023_18,Pierre Gasly
9,9.0,0.0,12.333333333333334,5.859465277082313,10.333333333333334,-2.0,7.333333333333333,7.333333333333333,4.0,-1.0,5.0,0.3333333333333333,5,2023,18,2023_18,Sergio Pérez
13,13.0,0.0,15.0,6.244997998398398,13.666666666666666,-1.3333333333333333,13.166666666666666,16.5,19.0,-1.0,-12.0,-1.3333333333333333,1,2023,18,2023_18,Valtteri Bottas
11,11.0,0.0,15.333333333333334,3.5118845842842483,11.666666666666666,-3.6666666666666665,13.833333333333334,12.333333333333334,10.0,-1.0,9.0,-3.6666666666666665,3,2023,18,2023_18,Yuki Tsunoda
14,14.0,0.0,12.666666666666666,3.5118845842842457,15.0,2.3333333333333335,13.833333333333334,16.833333333333332,12.0,0.0,5.0,1.0,5,2023,19,2023_19,Alexander Albon
2,2.0,0.0,9.666666666666666,9.073771725877465,7.333333333333333,-2.3333333333333335,9.666666666666666,5.333333333333333,5.0,0.0,0.0,-2.3333333333333335,-2,2023,19,2023_19,Carlos Sainz
1,1.0,0.0,9.666666666666666,8.962886439832502,3.3333333333333335,-6.333333333333333,9.666666666666666,5.333333333333333,6.0,0.0,1.0,-6.333333333333333,-2,2023,19,2023_19,Charles Leclerc
4,4.0,0.0,14.666666666666666,1.5275252316519503,15.666666666666666,1.0,13.0,12.5,7.0,0.0,4.0,0.6666666666666666,-3,2023,19,2023_19,Daniel Ricciardo
15,16.0,-1.0,11.333333333333334,5.8594652770823155,10.0,-1.3333333333333333,10.333333333333334,9.333333333333334,8.0,0.0,2.0,-1.3333333333333333,5,2023,19,2023_19,Esteban Ocon
13,13.0,0.0,10.0,5.2915026221291805,10.333333333333334,0.3333333333333333,11.0,14.0,19.0,0.0,-10.0,1.0,-5,2023,19,2023_19,Fernando Alonso
8,8.0,0.0,5.333333333333333,1.527525231651949,5.0,-0.3333333333333333,9.833333333333334,4.666666666666667,4.0,0.0,-2.0,-0.3333333333333333,2,2023,19,2023_19,George Russell
10,10.0,0.0,11.666666666666666,2.3094010767585007,17.0,5.333333333333333,12.5,14.833333333333334,13.0,0.0,-1.0,5.0,-4,2023,19,2023_19,Guanyu Zhou
16,17.0,-1.0,14.333333333333334,0.5773502691896045,16.0,1.6666666666666667,14.0,16.166666666666668,17.0,0.0,2.0,2.3333333333333335,-3,2023,19,2023_19,Kevin Magnussen
0,18.0,-18.0,12.0,5.567764362830021,17.666666666666668,5.666666666666667,11.0,14.0,15.0,0.0,5.0,5.666666666666667,-17,2023,19,2023_19,Lance Stroll
17,19.0,-2.0,2.3333333333333335,0.5773502691896257,5.0,2.6666666666666665,4.833333333333333,5.5,9.0,0.0,-1.0,2.6666666666666665,12,2023,19,2023_19,Lando Norris
6,6.0,0.0,14.333333333333334,8.082903768654761,4.333333333333333,-10.0,9.833333333333334,4.666666666666667,2.0,0.0,1.0,-10.0,4,2023,19,2023_19,Lewis Hamilton
19,20.0,-1.0,15.0,4.358898943540674,18.666666666666668,3.6666666666666665,13.833333333333334,16.833333333333332,10.0,0.0,0.0,2.0,3,2023,19,2023_19,Logan Sargeant
3,3.0,0.0,1.0,0.0,2.6666666666666665,1.6666666666666667,6.0,5.833333333333333,1.0,0.0,0.0,1.6666666666666667,2,2023,19,2023_19,Max Verstappen
12,12.0,0.0,13.666666666666666,2.5166114784235813,16.333333333333332,2.6666666666666665,14.0,16.166666666666668,10.0,0.0,0.0,3.0,-1,2023,19,2023_19,Nico Hülkenberg
7,7.0,0.0,7.333333333333333,8.386497083606082,6.0,-1.3333333333333333,4.833333333333333,5.5,10.0,0.0,0.0,-1.3333333333333333,-1,2023,19,2023_19,Oscar Piastri
11,11.0,0.0,9.333333333333334,3.0550504633038873,8.666666666666666,-0.6666666666666666,10.333333333333334,9.333333333333334,11.0,0.0,3.0,-0.6666666666666666,0,2023,19,2023_19,Pierre Gasly
5,5.0,0.0,11.0,7.549834435270747,9.0,-2.0,6.0,5.833333333333333,3.0,0.0,1.0,0.3333333333333333,-15,2023,19,2023_19,Sergio Pérez
9,9.0,0.0,13.333333333333334,6.110100926607787,12.666666666666666,-0.6666666666666666,12.5,14.833333333333334,10.0,0.0,-4.0,-0.6666666666666666,-6,2023,19,2023_19,Valtteri Bottas
18,15.0,3.0,11.666666666666666,3.5118845842842483,10.333333333333334,-1.3333333333333333,13.0,12.5,20.0,0.0,-7.0,-1.3333333333333333,6,2023,19,2023_19,Yuki Tsunoda
13,15.0,-2.0,10.333333333333334,2.3094010767585016,15.333333333333334,5.0,12.5,17.0,15.0,-1.0,4.0,3.6666666666666665,-6,2023,20,2023_20,Alexander Albon
7,8.0,-1.0,9.0,9.539392014169456,6.0,-3.0,9.166666666666666,4.166666666666667,3.0,-1.0,4.0,-3.0,1,2023,20,2023_20,Carlos Sainz
2,2.0,0.0,9.333333333333334,9.291573243177568,2.3333333333333335,-7.0,9.166666666666666,4.166666666666667,4.0,-1.0,1.0,-7.0,-18,2023,20,2023_20,Charles Leclerc
17,17.0,0.0,12.666666666666666,4.932882862316248,12.666666666666666,0.0,12.333333333333334,12.333333333333334,20.0,-1.0,-9.0,-0.3333333333333333,4,2023,20,2023_20,Daniel Ricciardo
14,12.0,2.0,11.666666666666666,5.686240703077327,10.666666666666666,-1.0,10.666666666666666,9.5,8.0,-1.0,8.0,-1.3333333333333333,4,2023,20,2023_20,Esteban Ocon
4,4.0,0.0,13.333333333333334,6.429100507328636,11.333333333333334,-2.0,12.5,14.666666666666666,5.0,-1.0,12.0,-1.3333333333333333,1,2023,20,2023_20,Fernando Alonso
8,6.0,2.0,5.0,1.000000000000003,5.0,0.0,9.166666666666666,4.5,1.0,-1.0,0.0,0.0,-7,2023,20,2023_20,George Russell
20,20.0,0.0,12.0,2.6457513110645885,14.0,2.0,11.833333333333334,12.166666666666666,12.0,-1.0,1.0,1.6666666666666667,3,2023,20,2023_20,Guanyu Zhou
12,14.0,-2.0,15.666666666666666,2.886751345948129,16.666666666666668,1.0,14.5,15.5,19.0,-1.0,-11.0,1.3333333333333333,-6,2023,20,2023_20,Kevin Magnussen
3,3.0,0.0,11.666666666666666,5.033222956847165,18.0,6.333333333333333,12.5,14.666666666666666,10.0,-1.0,5.0,0.3333333333333333,-2,2023,20,2023_20,Lance Stroll
6,7.0,-1.0,3.3333333333333335,1.5275252316519465,10.333333333333334,7.0,6.166666666666667,9.0,18.0,-1.0,-12.0,6.333333333333333,4,2023,20,2023_20,Lando Norris
5,5.0,0.0,13.333333333333334,9.814954576223638,4.0,-9.333333333333334,9.166666666666666,4.5,2.0,-1.0,0.0,-9.333333333333334,-3,2023,20,2023_20,Lewis Hamilton
19,19.0,0.0,14.666666666666666,4.163331998932266,18.666666666666668,4.0,12.5,17.0,10.0,-1.0,0.0,2.0,8,2023,20,2023_20,Logan Sargeant
1,1.0,0.0,1.0,0.0,3.3333333333333335,2.3333333333333335,6.166666666666667,6.166666666666667,6.0,-1.0,-3.0,2.3333333333333335,0,2023,20,2023_20,Max Verstappen
11,11.0,0.0,13.333333333333334,2.5166114784235813,14.333333333333334,1.0,14.5,15.5,10.0,-1.0,0.0,1.3333333333333333,-1,2023,20,2023_20,Nico Hülkenberg
10,10.0,0.0,9.0,7.549834435270749,7.666666666666667,-1.3333333333333333,6.166666666666667,9.0,10.0,-1.0,0.0,-1.3333333333333333,-4,2023,20,2023_20,Oscar Piastri
15,13.0,2.0,9.666666666666666,3.2145502536643127,8.333333333333334,-1.3333333333333333,10.666666666666666,9.5,14.0,-1.0,-4.0,-1.3333333333333333,8,2023,20,2023_20,Pierre Gasly
9,9.0,0.0,11.333333333333334,8.08290376865476,9.0,-2.3333333333333335,6.166666666666667,6.166666666666667,7.0,-1.0,-3.0,0.0,5,2023,20,2023_20,Sergio Pérez
18,18.0,0.0,11.666666666666666,3.5118845842842474,10.333333333333334,-1.3333333333333333,11.833333333333334,12.166666666666666,9.0,-1.0,5.0,-1.3333333333333333,2,2023,20,2023_20,Valtteri Bottas
16,16.0,0.0,11.666666666666666,3.5118845842842483,12.333333333333334,0.6666666666666666,12.333333333333334,12.333333333333334,17.0,-1.0,-17.0,1.6666666666666667,7,2023,20,2023_20,Yuki Tsunoda
5,6.0,-1.0,12.333333333333334,5.773502691896257,15.666666666666666,3.3333333333333335,12.333333333333334,17.666666666666668,10.0,0.0,0.0,1.6666666666666667,-7,2023,21,2023_21,Alexander Albon
12,2.0,10.0,4.333333333333333,1.5275252316519468,4.666666666666667,0.3333333333333333,9.333333333333334,3.0,10.0,0.0,0.0,0.0,6,2023,21,2023_21,Carlos Sainz
1,1.0,0.0,14.333333333333334,9.814954576223638,1.3333333333333333,-13.0,9.333333333333334,3.0,10.0,0.0,0.0,-13.0,-1,2023,21,2023_21,Charles Leclerc
14,15.0,-1.0,11.666666666666666,4.163331998932267,12.0,0.3333333333333333,10.666666666666666,13.0,10.0,0.0,0.0,0.0,0,2023,21,2023_21,Daniel Ricciardo
16,17.0,-1.0,12.666666666666666,4.618802153517007,12.0,-0.6666666666666666,10.333333333333334,11.166666666666666,10.0,0.0,0.0,-0.3333333333333333,12,2023,21,2023_21,Esteban Ocon
9,10.0,-1.0,12.333333333333334,8.144527815247077,11.333333333333334,-1.0,11.0,12.333333333333334,10.0,0.0,0.0,-0.3333333333333333,0,2023,21,2023_21,Fernando Alonso
3,4.0,-1.0,8.666666666666666,5.507570547286103,6.333333333333333,-2.3333333333333335,9.166666666666666,5.5,10.0,0.0,0.0,-1.6666666666666667,-5,2023,21,2023_21,George Russell
17,18.0,-1.0,14.666666666666666,2.08166599946613,14.0,-0.6666666666666666,14.5,13.666666666666666,10.0,0.0,0.0,-0.6666666666666666,2,2023,21,2023_21,Guanyu Zhou
8,9.0,-1.0,17.0,2.645751311064591,15.0,-2.0,14.5,14.0,10.0,0.0,0.0,-2.0,-5,2023,21,2023_21,Kevin Magnussen
19,14.0,5.0,9.666666666666666,6.429100507328634,13.333333333333334,3.6666666666666665,11.0,12.333333333333334,10.0,0.0,0.0,-2.0,14,2023,21,2023_21,Lance Stroll
15,16.0,-1.0,3.0,1.7320508075688772,9.333333333333334,6.333333333333333,8.0,9.166666666666666,10.0,0.0,0.0,5.333333333333333,-5,2023,21,2023_21,Lando Norris
10,11.0,-1.0,9.666666666666666,8.621678104251707,4.666666666666667,-5.0,9.166666666666666,5.5,10.0,0.0,0.0,-5.0,3,2023,21,2023_21,Lewis Hamilton
6,7.0,-1.0,12.333333333333334,3.2145502536643185,19.666666666666668,7.333333333333333,12.333333333333334,17.666666666666668,10.0,0.0,0.0,5.666666666666667,-10,2023,21,2023_21,Logan Sargeant
2,3.0,-1.0,1.0,0.0,3.3333333333333335,2.3333333333333335,5.166666666666667,5.5,10.0,0.0,0.0,2.3333333333333335,1,2023,21,2023_21,Max Verstappen
13,13.0,0.0,12.0,0.9999999999999956,13.0,1.0,14.5,14.0,10.0,0.0,0.0,1.6666666666666667,-6,2023,21,2023_21,Nico Hülkenberg
18,19.0,-1.0,13.0,4.582575694955839,9.0,-4.0,8.0,9.166666666666666,10.0,0.0,0.0,-4.0,8,2023,21,2023_21,Oscar Piastri
4,5.0,-1.0,8.0,2.645751311064584,10.333333333333334,2.3333333333333335,10.333333333333334,11.166666666666666,10.0,0.0,0.0,3.0,-7,2023,21,2023_21,Pierre Gasly
11,12.0,-1.0,9.333333333333334,9.237604307034012,7.666666666666667,-1.6666666666666667,5.166666666666667,5.5,10.0,0.0,0.0,-1.6666666666666667,8,2023,21,2023_21,Sergio Pérez
7,8.0,-1.0,14.333333333333334,2.081665999466135,13.333333333333334,-1.0,14.5,13.666666666666666,10.0,0.0,0.0,-1.0,-10,2023,21,2023_21,Valtteri Bottas
20,20.0,0.0,9.666666666666666,2.0816659994661357,14.0,4.333333333333333,10.666666666666666,13.0,10.0,0.0,0.0,5.333333333333333,2,2023,21,2023_21,Yuki Tsunoda
14,14.0,0.0,13.333333333333334,5.131601439446884,11.666666666666666,-1.6666666666666667,13.833333333333334,13.5,13.0,0.0,6.0,-2.6666666666666665,0,2023,22,2023_22,Alexander Albon
16,16.0,0.0,5.333333333333333,1.154700538379252,4.0,-1.3333333333333333,6.833333333333333,2.6666666666666665,4.0,0.0,0.0,1.6666666666666667,-2,2023,22,2023_22,Carlos Sainz
2,2.0,0.0,8.333333333333334,10.115993936995679,1.3333333333333333,-7.0,6.833333333333333,2.6666666666666665,2.0,0.0,1.0,-7.0,0,2023,22,2023_22,Charles Leclerc
15,15.0,0.0,11.333333333333334,3.7859388972001833,12.0,0.6666666666666666,12.166666666666666,14.5,9.0,0.0,4.0,0.3333333333333333,4,2023,22,2023_22,Daniel Ricciardo
12,12.0,0.0,8.0,3.4641016151377544,15.0,7.0,8.833333333333334,12.333333333333334,7.0,0.0,1.0,7.0,0,2023,22,2023_22,Esteban Ocon
7,7.0,0.0,10.0,7.549834435270748,9.0,-1.0,9.5,10.333333333333334,20.0,0.0,-10.0,-1.3333333333333333,0,2023,22,2023_22,Fernando Alonso
4,4.0,0.0,9.666666666666666,4.72581562625261,6.0,-3.6666666666666665,7.666666666666667,6.666666666666667,5.0,0.0,1.0,-3.3333333333333335,1,2023,22,2023_22,George Russell
19,19.0,0.0,15.333333333333334,1.5275252316519434,16.0,0.6666666666666666,15.666666666666666,13.833333333333334,12.0,0.0,3.0,0.3333333333333333,2,2023,22,2023_22,Guanyu Zhou
17,17.0,0.0,16.666666666666668,3.2145502536643193,13.333333333333334,-3.3333333333333335,15.666666666666666,12.666666666666666,17.0,0.0,-1.0,-4.666666666666667,-3,2023,22,2023_22,Kevin Magnussen
13,13.0,0.0,9.0,6.928203230275507,11.666666666666666,2.6666666666666665,9.5,10.333333333333334,8.0,0.0,6.0,-1.6666666666666667,3,2023,22,2023_22,Lance Stroll
5,5.0,0.0,9.0,9.643650760992955,14.0,5.0,9.833333333333334,13.0,6.0,0.0,1.0,3.6666666666666665,0,2023,22,2023_22,Lando Norris
11,11.0,0.0,5.666666666666667,3.214550253664314,7.333333333333333,1.6666666666666667,7.666666666666667,6.666666666666667,18.0,0.0,-13.0,1.3333333333333333,2,2023,22,2023_22,Lewis Hamilton
20,20.0,0.0,14.333333333333334,2.8867513459481287,15.333333333333334,1.0,13.833333333333334,13.5,10.0,0.0,0.0,0.3333333333333333,4,2023,22,2023_22,Logan Sargeant
1,1.0,0.0,1.0,0.0,2.3333333333333335,1.3333333333333333,5.0,5.5,1.0,0.0,0.0,1.0,0,2023,22,2023_22,Max Verstappen
8,8.0,0.0,14.666666666666666,3.7859388972001815,12.0,-2.6666666666666665,15.666666666666666,12.666666666666666,10.0,0.0,0.0,-2.6666666666666665,-7,2023,22,2023_22,Nico Hülkenberg
3,3.0,0.0,10.666666666666666,3.055050463303892,12.0,1.3333333333333333,9.833333333333334,13.0,10.0,0.0,0.0,1.0,-3,2023,22,2023_22,Oscar Piastri
10,10.0,0.0,9.666666666666666,2.3094010767584954,9.666666666666666,0.0,8.833333333333334,12.333333333333334,14.0,0.0,3.0,0.3333333333333333,-3,2023,22,2023_22,Pierre Gasly
9,9.0,0.0,9.0,9.539392014169454,8.666666666666666,-0.3333333333333333,5.0,5.5,3.0,0.0,-1.0,-0.6666666666666666,5,2023,22,2023_22,Sergio Pérez
18,18.0,0.0,16.0,1.0000000000000044,11.666666666666666,-4.333333333333333,15.666666666666666,13.833333333333334,15.0,0.0,3.0,-4.666666666666667,-1,2023,22,2023_22,Valtteri Bottas
6,6.0,0.0,13.0,4.582575694955842,17.0,4.0,12.166666666666666,14.5,11.0,0.0,0.0,5.0,-2,2023,22,2023_22,Yuki Tsunoda
13,13.0,0.0,15.0,3.6055512754639882,11.666666666666666,-3.3333333333333335,14.666666666666666,13.5,11.5,0.0,3.0,-4.333333333333333,-2,2024,1,2024_1,Alexander Albon
4,4.0,0.0,10.0,6.928203230275509,8.666666666666666,-1.3333333333333333,9.0,5.166666666666667,3.0,0.0,0.5,1.6666666666666667,1,2024,1,2024_1,Carlos Sainz
2,2.0,0.0,8.0,10.392304845413264,1.6666666666666667,-6.333333333333333,9.0,5.166666666666667,10.0,0.0,-8.0,-6.333333333333333,-2,2024,1,2024_1,Charles Leclerc
14,14.0,0.0,12.666666666666666,1.5275252316519476,15.666666666666666,3.0,11.291666666666668,11.333333333333334,14.0,0.0,4.0,2.6666666666666665,1,2024,1,2024_1,Daniel Ricciardo
19,19.0,0.0,8.666666666666666,4.163331998932266,13.666666666666666,5.0,9.5,11.5,12.5,0.0,-2.5,5.333333333333333,2,2024,1,2024_1,Esteban Ocon
6,6.0,0.0,6.333333333333333,3.0550504633038846,7.0,0.6666666666666666,6.5,8.5,6.0,0.0,0.5,0.3333333333333333,-3,2024,1,2024_1,Fernando Alonso
3,3.0,0.0,8.666666666666666,6.027713773341709,4.666666666666667,-4.0,8.333333333333334,6.833333333333333,5.5,0.0,2.0,-3.6666666666666665,-2,2024,1,2024_1,George Russell
17,17.0,0.0,16.333333333333332,1.1547005383792472,19.0,2.6666666666666665,11.291666666666668,11.333333333333334,13.0,0.0,1.0,2.3333333333333335,6,2024,1,2024_1,Guanyu Zhou
15,15.0,0.0,17.0,3.6055512754639905,13.333333333333334,-3.6666666666666665,16.166666666666668,12.0,9.0,0.0,3.0,-4.666666666666667,3,2024,1,2024_1,Kevin Magnussen
12,12.0,0.0,6.666666666666667,2.8867513459481287,10.0,3.3333333333333335,6.5,8.5,9.0,0.0,4.5,5.0,2,2024,1,2024_1,Lance Stroll
7,7.0,0.0,9.0,9.643650760992955,9.333333333333334,0.3333333333333333,9.5,10.0,16.0,0.0,-4.0,-0.3333333333333333,1,2024,1,2024_1,Lando Norris
9,9.0,0.0,8.0,0.9999999999999881,9.0,1.0,8.333333333333334,6.833333333333333,4.0,0.0,2.0,0.6666666666666666,2,2024,1,2024_1,Lewis Hamilton
18,18.0,0.0,14.333333333333334,2.8867513459481287,15.333333333333334,1.0,14.666666666666666,13.5,12.0,0.0,4.0,0.6666666666666666,-2,2024,1,2024_1,Logan Sargeant
1,1.0,0.0,1.0,0.0,1.6666666666666667,0.6666666666666666,2.3333333333333335,5.833333333333333,10.0,0.0,-8.5,0.3333333333333333,0,2024,1,2024_1,Max Verstappen
10,10.0,0.0,15.333333333333334,3.5118845842842457,10.666666666666666,-4.666666666666667,16.166666666666668,12.0,16.0,0.0,-2.5,-4.666666666666667,-6,2024,1,2024_1,Nico Hülkenberg
8,8.0,0.0,10.0,3.999999999999999,10.666666666666666,0.6666666666666666,9.5,10.0,20.0,0.0,-2.0,0.3333333333333333,0,2024,1,2024_1,Oscar Piastri
20,20.0,0.0,10.333333333333334,3.0550504633038873,9.333333333333334,-1.0,9.5,11.5,14.5,0.0,0.5,-0.6666666666666666,2,2024,1,2024_1,Pierre Gasly
5,5.0,0.0,3.6666666666666665,0.5773502691895773,10.0,6.333333333333333,2.3333333333333335,5.833333333333333,10.0,0.0,-7.0,6.0,3,2024,1,2024_1,Sergio Pérez
16,16.0,0.0,17.333333333333332,1.52752523165195,14.666666666666666,-2.6666666666666665,11.291666666666668,11.333333333333334,7.0,0.0,2.0,-3.0,-3,2024,1,2024_1,Valtteri Bottas
11,11.0,0.0,11.666666666666666,5.507570547286103,14.0,2.3333333333333335,11.291666666666668,11.333333333333334,9.5,0.0,5.5,2.3333333333333335,-3,2024,1,2024_1,Yuki Tsunoda
12,12.0,0.0,13.666666666666666,1.5275252316519445,11.0,-2.6666666666666665,15.5,13.0,16.5,-0.5,0.0,-3.0,1,2024,2,2024_2,Alexander Albon
2,2.0,0.0,2.6666666666666665,1.1547005383792517,1.6666666666666667,-1.0,5.833333333333333,4.5,4.5,-0.5,2.5,-1.0,-1,2024,2,2024_2,Charles Leclerc
14,14.0,0.0,12.666666666666666,1.5275252316519476,14.666666666666666,2.0,13.5,12.5,17.0,-0.5,-3.0,1.6666666666666667,-2,2024,2,2024_2,Daniel Ricciardo
17,17.0,0.0,11.0,6.557438524302,16.0,5.0,12.5,13.833333333333334,7.0,-0.5,-1.5,4.666666666666667,4,2024,2,2024_2,Esteban Ocon
4,4.0,0.0,8.333333333333334,1.1547005383792341,7.666666666666667,-0.6666666666666666,8.333333333333334,10.333333333333334,9.5,-0.5,-5.0,-1.0,-1,2024,2,2024_2,Fernando Alonso
7,7.0,0.0,5.333333333333333,2.5166114784235845,3.6666666666666665,-1.6666666666666667,6.5,7.0,4.5,-0.5,0.0,-2.0,1,2024,2,2024_2,George Russell
20,20.0,0.0,14.333333333333334,3.0550504633038904,18.0,3.6666666666666665,15.0,16.5,12.0,-0.5,-0.5,3.3333333333333335,2,2024,2,2024_2,Guanyu Zhou
13,13.0,0.0,15.0,4.358898943540674,13.666666666666666,-1.3333333333333333,15.833333333333334,12.0,9.5,-0.5,2.0,-1.6666666666666667,1,2024,2,2024_2,Kevin Magnussen
10,10.0,0.0,8.333333333333334,2.886751345948128,13.0,4.666666666666667,8.333333333333334,10.333333333333334,16.5,-0.5,-7.5,6.333333333333333,-9,2024,2,2024_2,Lance Stroll
6,6.0,0.0,10.333333333333334,8.386497083606084,9.333333333333334,-1.0,9.166666666666666,9.666666666666666,12.0,-0.5,3.0,-1.3333333333333333,-2,2024,2,2024_2,Lando Norris
8,8.0,0.0,7.666666666666667,1.1547005383792406,10.333333333333334,2.6666666666666665,6.5,7.0,7.5,-0.5,3.5,2.3333333333333335,-1,2024,2,2024_2,Lewis Hamilton
19,19.0,0.0,17.333333333333332,2.3094010767585034,15.0,-2.3333333333333335,15.5,13.0,16.0,-0.5,4.0,-2.6666666666666665,5,2024,2,2024_2,Logan Sargeant
1,1.0,0.0,1.0,0.0,1.6666666666666667,0.6666666666666666,2.0,5.166666666666667,1.5,-0.5,8.0,0.3333333333333333,0,2024,2,2024_2,Max Verstappen
15,15.0,0.0,16.666666666666668,2.0816659994661313,10.333333333333334,-6.333333333333333,15.833333333333334,12.0,12.0,-0.5,1.5,-6.333333333333333,5,2024,2,2024_2,Nico Hülkenberg
11,11.0,0.0,11.333333333333334,3.0550504633038913,11.333333333333334,0.3333333333333333,5.833333333333333,4.5,10.0,-0.5,0.0,0.3333333333333333,4,2024,2,2024_2,Oliver Bearman
5,5.0,0.0,8.0,1.9999999999999982,10.0,2.0,9.166666666666666,9.666666666666666,15.0,-0.5,-7.0,1.6666666666666667,1,2024,2,2024_2,Oscar Piastri
18,18.0,0.0,14.0,3.605551275463984,11.666666666666666,-2.3333333333333335,12.5,13.833333333333334,8.5,-0.5,0.5,-2.6666666666666665,-2,2024,2,2024_2,Pierre Gasly
3,3.0,0.0,3.0,0.9999999999999702,8.666666666666666,5.666666666666667,2.0,5.166666666666667,2.5,-0.5,-1.5,5.333333333333333,1,2024,2,2024_2,Sergio Pérez
16,16.0,0.0,18.333333333333332,1.1547005383792568,14.0,-4.333333333333333,15.0,16.5,16.5,-0.5,-5.5,-4.666666666666667,-1,2024,2,2024_2,Valtteri Bottas
9,9.0,0.0,13.333333333333334,5.033222956847168,12.333333333333334,-1.0,13.5,12.5,15.0,-0.5,2.5,-1.0,-6,2024,2,2024_2,Yuki Tsunoda
12,12.0,0.0,13.333333333333334,2.0816659994661317,13.0,-0.3333333333333333,15.0,16.0,14.5,0.0,-0.5,-0.3333333333333333,1,2024,3,2024_3,Alexander Albon
2,2.0,0.0,9.0,7.937253933193772,7.333333333333333,-1.6666666666666667,6.166666666666667,6.166666666666667,16.0,0.0,-9.0,1.6666666666666667,1,2024,3,2024_3,Carlos Sainz
4,5.0,-1.0,3.0,1.0,2.0,-1.0,6.166666666666667,6.166666666666667,10.5,0.0,-6.5,-1.0,2,2024,3,2024_3,Charles Leclerc
18,18.0,0.0,13.333333333333334,2.5166114784235836,14.333333333333334,1.0,14.5,12.0,6.0,0.0,1.0,1.0,6,2024,3,2024_3,Daniel Ricciardo
15,15.0,0.0,14.0,2.6457513110645907,16.0,2.0,15.5,16.0,10.5,0.0,-1.0,2.0,-1,2024,3,2024_3,Esteban Ocon
10,10.0,0.0,7.0,1.9999999999999871,5.666666666666667,-1.3333333333333333,10.0,8.666666666666666,10.0,0.0,-3.0,-1.3333333333333333,2,2024,3,2024_3,Fernando Alonso
7,7.0,0.0,4.666666666666667,1.527525231651949,4.666666666666667,0.0,6.5,7.0,10.5,0.0,-6.5,0.0,-10,2024,3,2024_3,George Russell
19,19.0,0.0,15.333333333333334,3.785938897200181,18.666666666666668,3.3333333333333335,16.25,17.25,10.0,0.0,5.5,3.3333333333333335,4,2024,3,2024_3,Guanyu Zhou
14,14.0,0.0,14.666666666666666,4.618802153517007,15.0,0.3333333333333333,14.166666666666666,13.0,15.5,0.0,-0.5,0.3333333333333333,4,2024,3,2024_3,Kevin Magnussen
9,9.0,0.0,13.0,5.196152422706632,11.666666666666666,-1.3333333333333333,10.0,8.666666666666666,8.0,0.0,4.5,-1.3333333333333333,3,2024,3,2024_3,Lance Stroll
3,4.0,-1.0,6.333333333333333,1.5275252316519508,6.0,-0.3333333333333333,6.166666666666667,5.666666666666667,5.5,0.0,3.0,-0.3333333333333333,0,2024,3,2024_3,Lando Norris
11,11.0,0.0,8.333333333333334,1.1547005383792417,9.333333333333334,1.0,6.5,7.0,3.0,0.0,1.0,1.0,-7,2024,3,2024_3,Lewis Hamilton
1,1.0,0.0,1.0,0.0,1.0,0.0,1.8333333333333333,3.3333333333333335,9.5,0.0,-8.0,0.0,-18,2024,3,2024_3,Max Verstappen
16,16.0,0.0,13.666666666666666,3.214550253664319,11.0,-2.6666666666666665,14.166666666666666,13.0,7.0,0.0,3.0,-2.6666666666666665,7,2024,3,2024_3,Nico Hülkenberg
5,6.0,-1.0,6.0,1.9999999999999982,5.333333333333333,-0.6666666666666666,6.166666666666667,5.666666666666667,8.0,0.0,8.0,-0.6666666666666666,1,2024,3,2024_3,Oscar Piastri
17,17.0,0.0,17.0,3.605551275463984,16.0,-1.0,15.5,16.0,11.0,0.0,-1.0,-1.0,4,2024,3,2024_3,Pierre Gasly
6,3.0,3.0,2.6666666666666665,1.154700538379225,5.666666666666667,3.0,1.8333333333333333,3.3333333333333335,3.5,0.0,8.0,3.0,1,2024,3,2024_3,Sergio Pérez
13,13.0,0.0,18.333333333333332,1.154700538379251,16.666666666666668,-1.6666666666666667,16.25,17.25,9.5,0.0,6.0,-1.6666666666666667,-1,2024,3,2024_3,Valtteri Bottas
8,8.0,0.0,12.333333333333334,3.785938897200184,8.666666666666666,-3.6666666666666665,14.5,12.0,12.5,0.0,0.0,-3.6666666666666665,1,2024,3,2024_3,Yuki Tsunoda
14,14.0,0.0,12.333333333333334,2.309401076758502,12.333333333333334,0.0,13.666666666666666,14.333333333333334,18.0,0.0,-3.5,0.0,-6,2024,4,2024_4,Alexander Albon
4,4.0,0.0,7.333333333333333,9.29157324317757,7.333333333333333,0.0,3.3333333333333335,4.333333333333333,12.5,0.0,-8.0,0.0,1,2024,4,2024_4,Carlos Sainz
8,8.0,0.0,3.0,1.0,3.0,0.0,3.3333333333333335,4.333333333333333,3.5,0.0,-0.5,-0.3333333333333333,4,2024,4,2024_4,Charles Leclerc
11,11.0,0.0,13.666666666666666,2.0816659994661326,15.333333333333334,1.6666666666666667,12.833333333333334,12.333333333333334,11.0,0.0,0.0,1.6666666666666667,-8,2024,4,2024_4,Daniel Ricciardo
15,15.0,0.0,15.333333333333334,2.0816659994661326,17.0,1.6666666666666667,16.166666666666668,17.666666666666668,6.5,0.0,3.0,1.6666666666666667,0,2024,4,2024_4,Esteban Ocon
5,5.0,0.0,7.333333333333333,2.081665999466121,6.666666666666667,-0.6666666666666666,9.5,8.5,7.5,0.0,1.0,-0.6666666666666666,-1,2024,4,2024_4,Fernando Alonso
9,9.0,0.0,9.333333333333334,6.658328118479394,5.666666666666667,-3.6666666666666665,10.333333333333334,7.5,7.5,0.0,0.5,-3.6666666666666665,2,2024,4,2024_4,George Russell
20,20.0,0.0,14.666666666666666,3.5118845842842443,18.666666666666668,4.0,15.666666666666666,16.833333333333332,14.5,0.0,2.0,4.0,2,2024,4,2024_4,Guanyu Zhou
18,18.0,0.0,11.333333333333334,1.1547005383792517,14.0,2.6666666666666665,11.5,13.833333333333334,14.5,0.0,2.0,2.6666666666666665,5,2024,4,2024_4,Kevin Magnussen
16,16.0,0.0,11.666666666666666,6.6583281184793925,10.333333333333334,-1.3333333333333333,9.5,8.5,15.0,0.0,3.0,-1.3333333333333333,4,2024,4,2024_4,Lance Stroll
3,3.0,0.0,5.666666666666667,2.516611478423586,5.666666666666667,0.0,5.5,6.0,6.0,0.0,0.5,-0.3333333333333333,-2,2024,4,2024_4,Lando Norris
7,7.0,0.0,11.333333333333334,5.859465277082315,9.333333333333334,-2.0,10.333333333333334,7.5,5.0,0.0,1.5,-2.0,-2,2024,4,2024_4,Lewis Hamilton
19,19.0,0.0,16.666666666666668,3.0550504633038944,19.0,2.3333333333333335,13.666666666666666,14.333333333333334,17.0,0.0,3.0,2.3333333333333335,2,2024,4,2024_4,Logan Sargeant
1,1.0,0.0,7.0,10.392304845413264,1.0,-6.0,5.0,2.3333333333333335,1.0,0.0,0.0,-6.0,0,2024,4,2024_4,Max Verstappen
12,12.0,0.0,11.666666666666666,3.7859388972001837,13.666666666666666,2.0,11.5,13.833333333333334,14.0,0.0,4.0,2.0,1,2024,4,2024_4,Nico Hülkenberg
6,6.0,0.0,5.333333333333333,2.3094010767585016,6.333333333333333,1.0,5.5,6.0,3.0,0.0,-1.0,0.6666666666666666,-2,2024,4,2024_4,Oscar Piastri
17,17.0,0.0,17.0,3.605551275463984,18.333333333333332,1.3333333333333333,16.166666666666668,17.666666666666668,14.0,0.0,0.5,1.3333333333333333,1,2024,4,2024_4,Pierre Gasly
2,2.0,0.0,3.0,1.7320508075688772,3.6666666666666665,0.6666666666666666,5.0,2.3333333333333335,10.5,0.0,-6.0,1.6666666666666667,0,2024,4,2024_4,Sergio Pérez
13,13.0,0.0,16.666666666666668,2.5166114784235836,15.0,-1.6666666666666667,15.666666666666666,16.833333333333332,17.5,0.0,-3.5,-1.6666666666666667,-1,2024,4,2024_4,Valtteri Bottas
10,10.0,0.0,12.0,4.358898943540675,9.333333333333334,-2.6666666666666665,12.833333333333334,12.333333333333334,12.5,0.0,-1.5,-2.6666666666666665,0,2024,4,2024_4,Yuki Tsunoda
14,14.0,0.0,14.0,5.196152422706632,12.666666666666666,-1.3333333333333333,14.0,14.666666666666666,10.0,0.0,0.0,-1.3333333333333333,2,2024,5,2024_5,Alexander Albon
7,7.0,0.0,2.3333333333333335,1.1547005383792575,3.3333333333333335,1.0,3.3333333333333335,5.333333333333333,10.0,0.0,0.0,1.0,2,2024,5,2024_5,Carlos Sainz
6,6.0,0.0,3.0,1.0,5.0,2.0,3.3333333333333335,5.333333333333333,10.0,0.0,0.0,1.6666666666666667,2,2024,5,2024_5,Charles Leclerc
12,12.0,0.0,15.666666666666666,3.5118845842842465,14.333333333333334,-1.3333333333333333,13.166666666666666,11.666666666666666,10.0,0.0,0.0,-1.3333333333333333,-6,2024,5,2024_5,Daniel Ricciardo
13,13.0,0.0,14.666666666666666,1.5275252316519468,15.666666666666666,1.0,15.5,16.5,10.0,0.0,0.0,1.0,2,2024,5,2024_5,Esteban Ocon
3,3.0,0.0,6.333333333333333,1.5275252316519283,6.333333333333333,0.0,9.333333333333334,9.0,10.0,0.0,0.0,0.0,-4,2024,5,2024_5,Fernando Alonso
8,8.0,0.0,10.0,6.082762530298221,7.666666666666667,-2.3333333333333335,11.0,8.166666666666666,10.0,0.0,0.0,-2.3333333333333335,2,2024,5,2024_5,George Russell
16,16.0,0.0,17.0,1.7320508075688736,19.666666666666668,2.6666666666666665,16.0,16.833333333333332,10.0,0.0,0.0,2.6666666666666665,2,2024,5,2024_5,Guanyu Zhou
17,17.0,0.0,11.666666666666666,1.5275252316519472,15.0,3.3333333333333335,10.833333333333334,14.666666666666666,10.0,0.0,0.0,3.3333333333333335,1,2024,5,2024_5,Kevin Magnussen
11,11.0,0.0,12.333333333333334,6.506407098647712,11.666666666666666,-0.6666666666666666,9.333333333333334,9.0,10.0,0.0,0.0,-0.6666666666666666,-4,2024,5,2024_5,Lance Stroll
4,4.0,0.0,5.333333333333333,2.516611478423586,4.333333333333333,-1.0,5.333333333333333,5.0,10.0,0.0,0.0,-1.3333333333333333,2,2024,5,2024_5,Lando Norris
18,18.0,0.0,12.0,5.196152422706631,8.666666666666666,-3.3333333333333335,11.0,8.166666666666666,10.0,0.0,0.0,-3.3333333333333335,9,2024,5,2024_5,Lewis Hamilton
20,20.0,0.0,17.0,3.000000000000001,18.666666666666668,1.6666666666666667,14.0,14.666666666666666,10.0,0.0,0.0,1.6666666666666667,3,2024,5,2024_5,Logan Sargeant
1,1.0,0.0,7.0,10.392304845413264,1.0,-6.0,5.0,1.8333333333333333,10.0,0.0,0.0,-6.0,0,2024,5,2024_5,Max Verstappen
9,9.0,0.0,10.0,1.0000000000000078,14.333333333333334,4.333333333333333,10.833333333333334,14.666666666666666,10.0,0.0,0.0,4.333333333333333,-1,2024,5,2024_5,Nico Hülkenberg
5,5.0,0.0,5.333333333333333,2.3094010767585034,5.666666666666667,0.3333333333333333,5.333333333333333,5.0,10.0,0.0,0.0,0.0,-3,2024,5,2024_5,Oscar Piastri
15,15.0,0.0,16.333333333333332,3.5118845842842403,17.333333333333332,1.0,15.5,16.5,10.0,0.0,0.0,1.0,2,2024,5,2024_5,Pierre Gasly
2,2.0,0.0,3.0,1.7320508075688772,2.6666666666666665,-0.3333333333333333,5.0,1.8333333333333333,10.0,0.0,0.0,0.6666666666666666,-1,2024,5,2024_5,Sergio Pérez
10,10.0,0.0,15.0,1.7320508075688792,14.0,-1.0,16.0,16.833333333333332,10.0,0.0,0.0,-1.0,-10,2024,5,2024_5,Valtteri Bottas
19,19.0,0.0,10.666666666666666,4.0414518843273814,9.0,-1.6666666666666667,13.166666666666666,11.666666666666666,10.0,0.0,0.0,-1.6666666666666667,0,2024,5,2024_5,Yuki Tsunoda
14,14.0,0.0,14.333333333333334,4.932882862316248,13.333333333333334,-1.0,14.666666666666666,15.166666666666666,11.5,-0.575,3.0,-1.0,-4,2024,6,2024_6,Alexander Albon
3,3.0,0.0,3.0,2.000000000000003,4.333333333333333,1.3333333333333333,3.1666666666666665,5.333333333333333,4.0,-0.575,-1.5,1.3333333333333333,-2,2024,6,2024_6,Carlos Sainz
2,2.0,0.0,3.3333333333333335,1.1547005383792517,6.333333333333333,3.0,3.1666666666666665,5.333333333333333,4.5,-0.575,-0.5,2.6666666666666665,-1,2024,6,2024_6,Charles Leclerc
20,18.0,2.0,16.333333333333332,3.785938897200183,13.666666666666666,-2.6666666666666665,14.166666666666666,13.0,13.0,-0.575,1.0,-2.6666666666666665,5,2024,6,2024_6,Daniel Ricciardo
13,13.0,0.0,14.0,2.6457513110645907,14.333333333333334,0.3333333333333333,14.0,15.333333333333334,8.5,-0.575,5.5,0.3333333333333333,3,2024,6,2024_6,Esteban Ocon
15,15.0,0.0,7.0,0.9999999999999744,6.0,-1.0,9.0,9.0,7.0,-0.575,-0.5,-1.0,6,2024,6,2024_6,Fernando Alonso
7,7.0,0.0,10.0,6.082762530298221,8.0,-2.0,11.0,10.0,4.5,-0.575,4.5,-2.0,-1,2024,6,2024_6,George Russell
19,20.0,-1.0,15.666666666666666,2.0816659994661295,18.333333333333332,2.6666666666666665,15.833333333333334,15.166666666666666,18.0,-0.575,-2.5,2.6666666666666665,5,2024,6,2024_6,Guanyu Zhou
18,19.0,-1.0,13.0,3.0000000000000004,16.333333333333332,3.3333333333333335,11.5,14.333333333333334,13.0,-0.575,-3.0,3.3333333333333335,-1,2024,6,2024_6,Kevin Magnussen
11,11.0,0.0,11.0,4.58257569495584,12.0,1.0,9.0,9.0,11.0,-0.575,-2.0,1.0,-6,2024,6,2024_6,Lance Stroll
5,5.0,0.0,3.3333333333333335,1.5275252316519505,3.6666666666666665,0.3333333333333333,5.0,4.666666666666667,18.0,-0.575,-6.0,0.0,4,2024,6,2024_6,Lando Norris
8,8.0,0.0,12.0,5.196152422706631,12.0,0.0,11.0,10.0,6.0,-0.575,3.5,0.0,2,2024,6,2024_6,Lewis Hamilton
17,17.0,0.0,16.0,1.7320508075688787,19.333333333333332,3.3333333333333335,14.666666666666666,15.166666666666666,20.0,-0.575,0.0,3.3333333333333335,-3,2024,6,2024_6,Logan Sargeant
1,1.0,0.0,7.0,10.392304845413264,1.0,-6.0,5.166666666666667,1.6666666666666667,1.0,-0.575,5.0,-6.0,-1,2024,6,2024_6,Max Verstappen
9,9.0,0.0,10.0,1.0000000000000078,12.333333333333334,2.3333333333333335,11.5,14.333333333333334,15.0,-0.575,-3.0,2.3333333333333335,-2,2024,6,2024_6,Nico Hülkenberg
6,6.0,0.0,6.666666666666667,2.3094010767585034,5.666666666666667,-1.0,5.0,4.666666666666667,19.0,-0.575,0.0,-1.3333333333333333,-7,2024,6,2024_6,Oscar Piastri
12,12.0,0.0,14.0,1.7320508075688634,16.333333333333332,2.3333333333333335,14.0,15.333333333333334,13.0,-0.575,-7.0,2.3333333333333335,0,2024,6,2024_6,Pierre Gasly
4,4.0,0.0,3.3333333333333335,1.5275252316519468,2.3333333333333335,-1.0,5.166666666666667,1.6666666666666667,3.0,-0.575,-0.5,0.0,0,2024,6,2024_6,Sergio Pérez
16,16.0,0.0,16.0,3.4641016151377544,12.0,-4.0,15.833333333333334,15.166666666666666,10.0,-0.575,-2.5,-4.0,0,2024,6,2024_6,Valtteri Bottas
10,10.0,0.0,12.0,6.244997998398399,12.333333333333334,0.3333333333333333,14.166666666666666,13.0,11.5,-0.575,1.5,0.3333333333333333,3,2024,6,2024_6,Yuki Tsunoda
14,14.0,0.0,16.666666666666668,4.163331998932265,14.0,-2.6666666666666665,17.333333333333332,16.333333333333332,11.0,-1.0,7.0,-2.6666666666666665,-6,2024,7,2024_7,Alexander Albon
4,5.0,-1.0,4.333333333333333,1.154700538379256,4.666666666666667,0.3333333333333333,4.0,5.0,20.0,-1.0,-16.0,0.3333333333333333,-1,2024,7,2024_7,Carlos Sainz
3,4.0,-1.0,3.6666666666666665,0.5773502691896257,5.333333333333333,1.6666666666666667,4.0,5.0,6.0,-1.0,-4.0,1.6666666666666667,0,2024,7,2024_7,Charles Leclerc
9,9.0,0.0,17.333333333333332,2.081665999466134,13.666666666666666,-3.6666666666666665,14.666666666666666,13.333333333333334,18.0,-1.0,-12.0,-3.0,-4,2024,7,2024_7,Daniel Ricciardo
12,12.0,0.0,12.0,2.6457513110645907,13.666666666666666,1.6666666666666667,12.833333333333334,14.166666666666666,14.0,-1.0,2.0,1.6666666666666667,-2,2024,7,2024_7,Esteban Ocon
20,19.0,1.0,7.333333333333333,1.5275252316519303,7.666666666666667,0.3333333333333333,11.0,10.166666666666666,19.0,-1.0,-10.0,0.3333333333333333,1,2024,7,2024_7,Fernando Alonso
6,6.0,0.0,7.0,1.0000000000000013,8.0,1.0,7.5,9.5,4.0,-1.0,7.0,1.0,-1,2024,7,2024_7,George Russell
17,17.0,0.0,15.333333333333334,2.3094010767585003,18.666666666666668,3.3333333333333335,16.0,15.833333333333334,15.0,-1.0,-15.0,3.0,2,2024,7,2024_7,Guanyu Zhou
18,18.0,0.0,16.0,3.0000000000000004,18.0,2.0,13.333333333333334,14.0,9.0,-1.0,-1.0,1.6666666666666667,6,2024,7,2024_7,Kevin Magnussen
13,13.0,0.0,14.666666666666666,2.5166114784235836,12.666666666666666,-2.0,11.0,10.166666666666666,10.0,-1.0,5.0,-2.0,4,2024,7,2024_7,Lance Stroll
2,3.0,-1.0,2.6666666666666665,2.0816659994661353,4.0,1.3333333333333333,6.166666666666667,4.833333333333333,3.0,-1.0,2.0,1.3333333333333333,0,2024,7,2024_7,Lando Norris
8,8.0,0.0,8.0,1.7320508075688772,11.0,3.0,7.5,9.5,13.0,-1.0,1.0,3.0,2,2024,7,2024_7,Lewis Hamilton
19,20.0,-1.0,18.0,1.7320508075688772,18.666666666666668,0.6666666666666666,17.333333333333332,16.333333333333332,10.0,-1.0,0.0,0.6666666666666666,2,2024,7,2024_7,Logan Sargeant
1,1.0,0.0,1.3333333333333333,0.5773502691896258,1.0,-0.3333333333333333,2.1666666666666665,1.8333333333333333,1.0,-1.0,0.0,-0.3333333333333333,0,2024,7,2024_7,Max Verstappen
10,10.0,0.0,10.666666666666666,0.5773502691896354,10.0,-0.6666666666666666,13.333333333333334,14.0,10.0,-1.0,0.0,-0.6666666666666666,-1,2024,7,2024_7,Nico Hülkenberg
5,2.0,3.0,9.666666666666666,2.886751345948129,5.666666666666667,-4.0,6.166666666666667,4.833333333333333,10.0,-1.0,0.0,-4.0,1,2024,7,2024_7,Oscar Piastri
15,15.0,0.0,13.666666666666666,2.0816659994661206,14.666666666666666,1.0,12.833333333333334,14.166666666666666,12.0,-1.0,5.0,1.0,-1,2024,7,2024_7,Pierre Gasly
11,11.0,0.0,3.0,1.0000000000000002,2.6666666666666665,-0.3333333333333333,2.1666666666666665,1.8333333333333333,2.0,-1.0,1.0,-0.3333333333333333,3,2024,7,2024_7,Sergio Pérez
16,16.0,0.0,16.666666666666668,3.0550504633038935,13.0,-3.6666666666666665,16.0,15.833333333333334,5.0,-1.0,2.0,-3.6666666666666665,-2,2024,7,2024_7,Valtteri Bottas
7,7.0,0.0,12.0,6.244997998398399,13.0,1.0,14.666666666666666,13.333333333333334,7.0,-1.0,5.0,1.0,-3,2024,7,2024_7,Yuki Tsunoda
9,9.0,0.0,16.666666666666668,4.163331998932265,14.0,-2.6666666666666665,17.333333333333332,16.5,16.0,0.0,-1.5,-2.6666666666666665,0,2024,8,2024_8,Alexander Albon
3,3.0,0.0,5.0,0.0,5.0,0.0,4.166666666666667,4.5,5.0,0.0,-2.0,-0.3333333333333333,0,2024,8,2024_8,Carlos Sainz
1,1.0,0.0,3.3333333333333335,0.5773502691896257,4.0,0.6666666666666666,4.166666666666667,4.5,5.0,0.0,-1.5,0.3333333333333333,0,2024,8,2024_8,Charles Leclerc
12,12.0,0.0,15.333333333333334,2.516611478423584,13.0,-2.3333333333333335,13.666666666666666,12.5,13.0,0.0,1.0,-1.6666666666666667,0,2024,8,2024_8,Daniel Ricciardo
11,11.0,0.0,11.666666666666666,2.0816659994661335,12.666666666666666,1.0,12.666666666666666,13.333333333333334,7.5,0.0,-1.0,1.0,-6,2024,8,2024_8,Esteban Ocon
14,14.0,0.0,11.666666666666666,6.429100507328635,12.333333333333334,0.6666666666666666,12.666666666666666,12.0,4.5,0.0,0.0,1.0,3,2024,8,2024_8,Fernando Alonso
5,5.0,0.0,7.0,1.0000000000000013,7.0,0.0,7.0,9.166666666666666,5.0,0.0,2.0,0.0,0,2024,8,2024_8,George Russell
18,18.0,0.0,14.333333333333334,0.5773502691896255,17.666666666666668,3.3333333333333335,16.166666666666668,15.833333333333334,14.5,0.0,5.0,3.0,2,2024,8,2024_8,Guanyu Zhou
20,15.0,5.0,15.666666666666666,3.5118845842842465,18.0,2.3333333333333335,13.166666666666666,13.666666666666666,19.5,0.0,-4.5,2.0,0,2024,8,2024_8,Kevin Magnussen
13,13.0,0.0,13.666666666666666,4.163331998932266,11.666666666666666,-2.0,12.666666666666666,12.0,17.0,0.0,-1.0,-2.0,-1,2024,8,2024_8,Lance Stroll
4,4.0,0.0,1.6666666666666667,0.5773502691896351,4.0,2.3333333333333335,5.0,4.166666666666667,7.5,0.0,0.0,2.0,0,2024,8,2024_8,Lando Norris
7,7.0,0.0,7.0,1.7320508075688772,11.333333333333334,4.333333333333333,7.0,9.166666666666666,6.0,0.0,0.5,4.333333333333333,0,2024,8,2024_8,Lewis Hamilton
15,15.0,0.0,18.0,1.7320508075688772,19.0,1.0,17.333333333333332,16.5,18.0,0.0,-2.0,0.6666666666666666,0,2024,8,2024_8,Logan Sargeant
6,6.0,0.0,1.3333333333333333,0.5773502691896258,1.0,-0.3333333333333333,3.1666666666666665,3.3333333333333335,2.0,0.0,0.5,-0.3333333333333333,0,2024,8,2024_8,Max Verstappen
19,14.0,5.0,10.666666666666666,0.5773502691896354,9.333333333333334,-1.3333333333333333,13.166666666666666,13.666666666666666,17.0,0.0,1.0,-1.3333333333333333,0,2024,8,2024_8,Nico Hülkenberg
2,2.0,0.0,8.333333333333334,4.509249752822895,4.333333333333333,-4.0,5.0,4.166666666666667,10.0,0.0,1.0,-3.0,0,2024,8,2024_8,Oscar Piastri
10,10.0,0.0,13.666666666666666,2.0816659994661206,14.0,0.3333333333333333,12.666666666666666,13.333333333333334,9.0,0.0,3.0,0.3333333333333333,0,2024,8,2024_8,Pierre Gasly
16,16.0,0.0,5.0,2.6457513110645907,5.666666666666667,0.6666666666666666,3.1666666666666665,3.3333333333333335,8.5,0.0,3.0,0.6666666666666666,-2,2024,8,2024_8,Sergio Pérez
17,17.0,0.0,18.0,1.9999999999999996,14.0,-4.0,16.166666666666668,15.833333333333334,10.0,0.0,3.5,-4.0,4,2024,8,2024_8,Valtteri Bottas
8,8.0,0.0,12.0,6.244997998398399,12.0,0.0,13.666666666666666,12.5,16.0,0.0,-6.0,0.0,0,2024,8,2024_8,Yuki Tsunoda
10,10.0,0.0,15.666666666666666,5.859465277082315,12.333333333333334,-3.3333333333333335,16.5,14.833333333333334,10.0,0.0,0.5,-3.3333333333333335,-7,2024,9,2024_9,Alexander Albon
12,12.0,0.0,4.333333333333333,1.1547005383792515,3.6666666666666665,-0.6666666666666666,3.3333333333333335,3.0,3.5,0.0,3.5,-1.0,-4,2024,9,2024_9,Carlos Sainz
11,11.0,0.0,2.3333333333333335,1.1547005383792517,2.3333333333333335,0.0,3.3333333333333335,3.0,4.5,0.0,10.0,-0.3333333333333333,-8,2024,9,2024_9,Charles Leclerc
5,5.0,0.0,13.333333333333334,1.5275252316519485,13.0,-0.3333333333333333,10.833333333333334,10.666666666666666,11.0,0.0,-2.0,0.3333333333333333,-3,2024,9,2024_9,Daniel Ricciardo
18,18.0,0.0,13.666666666666666,3.511884584284247,12.0,-1.6666666666666667,13.166666666666666,12.166666666666666,7.0,0.0,-0.5,-1.6666666666666667,8,2024,9,2024_9,Esteban Ocon
6,6.0,0.0,13.0,5.2915026221291805,16.0,3.0,13.166666666666666,14.166666666666666,5.5,0.0,-3.5,3.3333333333333335,0,2024,9,2024_9,Fernando Alonso
1,1.0,0.0,6.666666666666667,1.5275252316519472,6.0,-0.6666666666666666,6.5,6.833333333333333,11.5,0.0,-5.5,-0.6666666666666666,-2,2024,9,2024_9,George Russell
20,20.0,0.0,15.0,0.9999999999999998,18.333333333333332,3.3333333333333335,15.333333333333334,17.333333333333332,12.0,0.0,3.0,3.0,5,2024,9,2024_9,Guanyu Zhou
14,14.0,0.0,17.0,4.358898943540674,17.333333333333332,0.3333333333333333,15.333333333333334,14.166666666666666,17.0,0.0,-8.0,1.6666666666666667,2,2024,9,2024_9,Kevin Magnussen
9,9.0,0.0,13.333333333333334,4.041451884327381,12.333333333333334,-1.0,13.166666666666666,14.166666666666666,9.5,0.0,7.0,-1.0,2,2024,9,2024_9,Lance Stroll
3,3.0,0.0,2.3333333333333335,1.5275252316519503,4.0,1.6666666666666667,4.333333333333333,3.6666666666666665,14.0,0.0,-3.5,1.3333333333333333,1,2024,9,2024_9,Lando Norris
7,7.0,0.0,6.333333333333333,0.5773502691896258,7.666666666666667,1.3333333333333333,6.5,6.833333333333333,3.0,0.0,0.5,1.3333333333333333,3,2024,9,2024_9,Lewis Hamilton
13,13.0,0.0,17.333333333333332,2.5166114784235827,17.333333333333332,0.0,16.5,14.833333333333334,20.0,0.0,-2.0,-0.3333333333333333,-7,2024,9,2024_9,Logan Sargeant
2,2.0,0.0,3.0,2.6457513110645907,2.6666666666666665,-0.3333333333333333,6.5,6.5,1.0,0.0,0.0,-0.3333333333333333,1,2024,9,2024_9,Max Verstappen
17,19.0,-2.0,13.666666666666666,4.618802153517007,11.0,-2.6666666666666665,15.333333333333334,14.166666666666666,15.0,0.0,-10.0,-1.0,6,2024,9,2024_9,Nico Hülkenberg
4,4.0,0.0,6.333333333333333,5.859465277082316,3.3333333333333335,-3.0,4.333333333333333,3.6666666666666665,11.0,0.0,-3.0,-2.0,-1,2024,9,2024_9,Oscar Piastri
15,15.0,0.0,12.666666666666666,3.0550504633038837,12.333333333333334,-0.3333333333333333,13.166666666666666,12.166666666666666,13.0,0.0,2.0,-0.3333333333333333,6,2024,9,2024_9,Pierre Gasly
16,16.0,0.0,10.0,7.211102550927978,10.333333333333334,0.3333333333333333,6.5,6.5,13.0,0.0,-0.5,0.3333333333333333,-2,2024,9,2024_9,Sergio Pérez
19,17.0,2.0,15.666666666666666,2.5166114784235827,16.333333333333332,0.6666666666666666,15.333333333333334,17.333333333333332,8.5,0.0,4.0,0.6666666666666666,6,2024,9,2024_9,Valtteri Bottas
8,8.0,0.0,8.333333333333334,1.527525231651949,8.333333333333334,0.0,10.833333333333334,10.666666666666666,16.0,0.0,3.5,0.0,-6,2024,9,2024_9,Yuki Tsunoda
20,19.0,1.0,15.333333333333334,5.686240703077327,11.0,-4.333333333333333,16.333333333333332,13.5,17.0,0.0,1.0,-4.333333333333333,2,2024,10,2024_10,Alexander Albon
6,6.0,0.0,8.0,7.0,6.666666666666667,-1.3333333333333333,7.833333333333333,6.0,4.5,0.0,-2.0,-1.6666666666666667,0,2024,10,2024_10,Carlos Sainz
5,5.0,0.0,7.666666666666667,9.865765724632494,5.333333333333333,-2.3333333333333335,7.833333333333333,6.0,15.5,0.0,-5.5,-2.6666666666666665,0,2024,10,2024_10,Charles Leclerc
18,18.0,0.0,11.0,2.645751311064592,8.666666666666666,-2.3333333333333335,10.833333333333334,8.166666666666666,12.0,0.0,-3.0,-2.3333333333333335,3,2024,10,2024_10,Daniel Ricciardo
8,9.0,-1.0,13.666666666666666,3.511884584284247,13.666666666666666,0.0,12.666666666666666,13.5,7.5,0.0,1.5,0.0,-2,2024,10,2024_10,Esteban Ocon
10,11.0,-1.0,12.0,6.5574385243019995,13.0,1.0,11.0,12.333333333333334,8.0,0.0,6.0,1.3333333333333333,-2,2024,10,2024_10,Fernando Alonso
4,4.0,0.0,5.0,1.999999999999999,4.0,-1.0,5.333333333333333,5.666666666666667,3.0,0.0,5.0,-1.0,0,2024,10,2024_10,George Russell
15,15.0,0.0,15.333333333333334,0.5773502691896255,18.333333333333332,3.0,15.0,17.5,14.0,0.0,0.0,3.0,2,2024,10,2024_10,Guanyu Zhou
16,16.0,0.0,14.666666666666666,4.618802153517006,15.666666666666666,1.0,14.166666666666666,15.0,17.5,0.0,-5.0,2.6666666666666665,-1,2024,10,2024_10,Kevin Magnussen
14,14.0,0.0,10.0,3.605551275463989,11.666666666666666,1.6666666666666667,11.0,12.333333333333334,10.5,0.0,0.5,1.6666666666666667,0,2024,10,2024_10,Lance Stroll
1,1.0,0.0,2.6666666666666665,1.1547005383792566,3.3333333333333335,0.6666666666666666,3.1666666666666665,3.0,12.5,0.0,-5.5,0.3333333333333333,-1,2024,10,2024_10,Lando Norris
3,3.0,0.0,5.666666666666667,1.5275252316519468,7.333333333333333,1.6666666666666667,5.333333333333333,5.666666666666667,3.5,0.0,1.5,1.6666666666666667,0,2024,10,2024_10,Lewis Hamilton
19,20.0,-1.0,17.333333333333332,2.5166114784235827,16.0,-1.3333333333333333,16.333333333333332,13.5,20.0,0.0,0.0,-1.6666666666666667,-1,2024,10,2024_10,Logan Sargeant
2,2.0,0.0,2.6666666666666665,2.8867513459481287,3.0,0.3333333333333333,8.666666666666666,8.666666666666666,1.0,0.0,0.5,0.3333333333333333,1,2024,10,2024_10,Max Verstappen
13,13.0,0.0,13.666666666666666,4.618802153517007,14.333333333333334,0.6666666666666666,14.166666666666666,15.0,15.0,0.0,-8.0,1.6666666666666667,2,2024,10,2024_10,Nico Hülkenberg
9,10.0,-1.0,3.6666666666666665,1.527525231651951,2.6666666666666665,-1.0,3.1666666666666665,3.0,13.0,0.0,-4.0,0.0,2,2024,10,2024_10,Oscar Piastri
7,7.0,0.0,11.666666666666666,3.785938897200174,13.333333333333334,1.6666666666666667,12.666666666666666,13.5,11.5,0.0,0.5,1.6666666666666667,-2,2024,10,2024_10,Pierre Gasly
11,8.0,3.0,14.666666666666666,5.773502691896258,14.333333333333334,-0.3333333333333333,8.666666666666666,8.666666666666666,3.0,0.0,5.0,-0.3333333333333333,3,2024,10,2024_10,Sergio Pérez
12,12.0,0.0,14.666666666666666,2.886751345948128,16.666666666666668,2.0,15.0,17.5,12.5,0.0,-1.0,2.6666666666666665,-4,2024,10,2024_10,Valtteri Bottas
17,17.0,0.0,10.666666666666666,3.055050463303895,7.666666666666667,-3.0,10.833333333333334,8.166666666666666,11.0,0.0,3.0,-3.0,-2,2024,10,2024_10,Yuki Tsunoda
16,16.0,0.0,14.666666666666666,4.932882862316247,12.666666666666666,-2.0,16.5,14.333333333333334,11.5,-0.5,1.0,-1.6666666666666667,1,2024,11,2024_11,Alexander Albon
4,4.0,0.0,8.333333333333334,6.8068592855540455,7.0,-1.3333333333333333,8.333333333333334,6.333333333333333,12.0,-0.5,-9.0,-1.3333333333333333,1,2024,11,2024_11,Carlos Sainz
6,6.0,0.0,8.333333333333334,9.451631252505218,5.666666666666667,-2.6666666666666665,8.333333333333334,6.333333333333333,1.5,-0.5,0.5,-2.6666666666666665,-5,2024,11,2024_11,Charles Leclerc
11,11.0,0.0,11.666666666666666,3.5118845842842474,11.666666666666666,0.0,12.666666666666666,11.333333333333334,9.0,-0.5,2.0,0.0,2,2024,11,2024_11,Daniel Ricciardo
10,10.0,0.0,12.333333333333334,4.0414518843273814,12.666666666666666,0.3333333333333333,10.833333333333334,11.666666666666666,9.5,-0.5,-0.5,0.0,-2,2024,11,2024_11,Esteban Ocon
15,15.0,0.0,9.666666666666666,3.2145502536643145,10.333333333333334,0.6666666666666666,10.666666666666666,11.166666666666666,7.5,-0.5,5.5,0.3333333333333333,-3,2024,11,2024_11,Fernando Alonso
3,3.0,0.0,4.0,0.9999999999999964,3.3333333333333335,-0.6666666666666666,4.333333333333333,4.5,5.5,-0.5,2.0,-0.6666666666666666,2,2024,11,2024_11,George Russell
20,20.0,0.0,14.666666666666666,1.5275252316519463,17.666666666666668,3.0,14.333333333333334,16.5,13.0,-0.5,2.0,3.0,3,2024,11,2024_11,Guanyu Zhou
12,12.0,0.0,16.333333333333332,4.041451884327381,15.0,-1.3333333333333333,15.0,15.166666666666666,13.0,-0.5,0.0,0.3333333333333333,4,2024,11,2024_11,Kevin Magnussen
17,17.0,0.0,11.666666666666666,4.041451884327381,12.0,0.3333333333333333,10.666666666666666,11.166666666666666,11.0,-0.5,-2.0,0.3333333333333333,4,2024,11,2024_11,Lance Stroll
2,2.0,0.0,2.6666666666666665,1.1547005383792566,2.6666666666666665,0.0,3.6666666666666665,4.0,5.5,-0.5,1.5,0.0,-18,2024,11,2024_11,Lando Norris
5,5.0,0.0,4.666666666666667,2.081665999466133,5.666666666666667,1.0,4.333333333333333,4.5,5.5,-0.5,1.0,1.0,1,2024,11,2024_11,Lewis Hamilton
19,19.0,0.0,18.333333333333332,2.8867513459481287,16.0,-2.3333333333333335,16.5,14.333333333333334,13.0,-0.5,5.0,-2.6666666666666665,0,2024,11,2024_11,Logan Sargeant
1,1.0,0.0,2.6666666666666665,2.8867513459481287,3.3333333333333335,0.6666666666666666,8.666666666666666,8.333333333333334,1.5,-0.5,-0.5,0.6666666666666666,-4,2024,11,2024_11,Max Verstappen
9,9.0,0.0,13.666666666666666,4.618802153517007,15.333333333333334,1.6666666666666667,15.0,15.166666666666666,20.0,-0.5,-12.0,2.6666666666666665,3,2024,11,2024_11,Nico Hülkenberg
7,7.0,0.0,4.666666666666667,2.516611478423586,5.333333333333333,0.6666666666666666,3.6666666666666665,4.0,16.0,-0.5,-3.0,0.3333333333333333,5,2024,11,2024_11,Oscar Piastri
13,13.0,0.0,9.333333333333334,0.5773502691895553,10.666666666666666,1.3333333333333333,10.833333333333334,11.666666666666666,12.5,-0.5,-1.0,1.3333333333333333,3,2024,11,2024_11,Pierre Gasly
8,8.0,0.0,14.666666666666666,5.773502691896257,13.333333333333334,-1.3333333333333333,8.666666666666666,8.333333333333334,11.5,-0.5,-1.5,-0.3333333333333333,1,2024,11,2024_11,Sergio Pérez
18,18.0,0.0,14.0,1.7320508075688772,15.333333333333334,1.3333333333333333,14.333333333333334,16.5,13.0,-0.5,-6.0,2.0,2,2024,11,2024_11,Valtteri Bottas
14,14.0,0.0,13.666666666666666,5.507570547286103,11.0,-2.6666666666666665,12.666666666666666,11.333333333333334,17.5,-0.5,-1.5,-2.6666666666666665,0,2024,11,2024_11,Yuki Tsunoda
9,9.0,0.0,16.666666666666668,1.5275252316519472,15.0,-1.6666666666666667,18.166666666666668,16.166666666666668,14.0,0.0,-2.0,-1.3333333333333333,0,2024,12,2024_12,Alexander Albon
7,7.0,0.0,8.333333333333334,6.8068592855540455,7.333333333333333,-1.0,10.0,7.333333333333333,5.5,0.0,-2.5,-1.0,2,2024,12,2024_12,Carlos Sainz
11,11.0,0.0,11.666666666666666,7.023769168568493,7.333333333333333,-4.333333333333333,10.0,7.333333333333333,6.5,0.0,-3.0,-4.333333333333333,-3,2024,12,2024_12,Charles Leclerc
15,15.0,0.0,10.666666666666666,3.7859388972001833,11.333333333333334,0.6666666666666666,13.166666666666666,12.166666666666666,13.0,0.0,1.0,0.6666666666666666,2,2024,12,2024_12,Daniel Ricciardo
18,18.0,0.0,10.666666666666666,1.1547005383792517,12.333333333333334,1.6666666666666667,10.0,12.0,17.5,0.0,-3.5,1.3333333333333333,2,2024,12,2024_12,Esteban Ocon
10,10.0,0.0,12.0,5.999999999999999,10.666666666666666,-1.3333333333333333,11.666666666666666,12.0,6.0,0.0,2.0,-1.6666666666666667,2,2024,12,2024_12,Fernando Alonso
1,1.0,0.0,2.6666666666666665,1.527525231651943,2.6666666666666665,0.0,3.1666666666666665,3.8333333333333335,11.5,0.0,-4.5,0.0,-18,2024,12,2024_12,George Russell
14,14.0,0.0,15.0,1.9999999999999996,18.333333333333332,3.3333333333333335,15.0,17.0,17.0,0.0,-4.0,3.3333333333333335,-4,2024,12,2024_12,Guanyu Zhou
17,17.0,0.0,12.333333333333334,4.509249752822893,14.0,1.6666666666666667,10.833333333333334,13.833333333333334,14.5,0.0,3.5,1.6666666666666667,5,2024,12,2024_12,Kevin Magnussen
8,8.0,0.0,11.333333333333334,3.7859388972001824,13.333333333333334,2.0,11.666666666666666,12.0,12.5,0.0,3.5,2.0,1,2024,12,2024_12,Lance Stroll
3,3.0,0.0,8.0,10.392304845413264,2.0,-6.0,6.333333333333333,4.5,4.0,0.0,0.0,-6.0,0,2024,12,2024_12,Lando Norris
2,2.0,0.0,3.6666666666666665,0.577350269189628,5.0,1.3333333333333333,3.1666666666666665,3.8333333333333335,3.0,0.0,3.0,1.3333333333333333,1,2024,12,2024_12,Lewis Hamilton
12,12.0,0.0,19.666666666666668,0.5773502691896263,17.333333333333332,-2.3333333333333335,18.166666666666668,16.166666666666668,11.0,0.0,3.0,-2.6666666666666665,1,2024,12,2024_12,Logan Sargeant
4,4.0,0.0,2.3333333333333335,2.3094010767585034,1.6666666666666667,-0.6666666666666666,6.666666666666667,6.166666666666667,4.0,0.0,-2.5,-0.6666666666666666,2,2024,12,2024_12,Max Verstappen
6,6.0,0.0,9.333333333333334,2.886751345948129,13.666666666666666,4.333333333333333,10.833333333333334,13.833333333333334,13.0,0.0,-2.0,3.6666666666666665,0,2024,12,2024_12,Nico Hülkenberg
5,5.0,0.0,4.666666666666667,2.516611478423586,7.0,2.3333333333333335,6.333333333333333,4.5,4.0,0.0,-1.0,2.0,1,2024,12,2024_12,Oscar Piastri
19,20.0,-1.0,9.333333333333334,0.5773502691896255,11.666666666666666,2.3333333333333335,10.0,12.0,17.0,0.0,-6.5,2.3333333333333335,-1,2024,12,2024_12,Pierre Gasly
20,19.0,1.0,11.0,6.082762530298219,10.666666666666666,-0.3333333333333333,6.666666666666667,6.166666666666667,4.0,0.0,5.5,0.6666666666666666,3,2024,12,2024_12,Sergio Pérez
16,16.0,0.0,15.0,1.7320508075688772,15.666666666666666,0.6666666666666666,15.0,17.0,14.5,0.0,1.5,1.3333333333333333,1,2024,12,2024_12,Valtteri Bottas
13,13.0,0.0,15.666666666666666,2.886751345948131,13.0,-2.6666666666666665,13.166666666666666,12.166666666666666,15.0,0.0,-0.5,-2.6666666666666665,3,2024,12,2024_12,Yuki Tsunoda
13,13.0,0.0,14.0,4.58257569495584,14.666666666666666,0.6666666666666666,15.333333333333334,15.833333333333334,14.0,-0.5,2.5,1.0,-1,2024,13,2024_13,Alexander Albon
4,4.0,0.0,4.666666666666667,1.527525231651949,5.666666666666667,1.0,7.333333333333333,6.5,6.0,-0.5,0.5,1.0,-2,2024,13,2024_13,Carlos Sainz
6,6.0,0.0,10.0,4.582575694955841,7.333333333333333,-2.6666666666666665,7.333333333333333,6.5,6.5,-0.5,-2.0,-2.6666666666666665,2,2024,13,2024_13,Charles Leclerc
9,9.0,0.0,12.333333333333334,3.055050463303895,14.666666666666666,2.3333333333333335,13.333333333333334,14.666666666666666,14.0,-0.5,-3.0,2.3333333333333335,-3,2024,13,2024_13,Daniel Ricciardo
19,19.0,0.0,12.666666666666666,3.0550504633038935,12.333333333333334,-0.3333333333333333,12.833333333333334,12.833333333333334,14.0,-0.5,-5.5,-0.6666666666666666,1,2024,13,2024_13,Esteban Ocon
7,7.0,0.0,12.666666666666666,5.033222956847165,12.0,-0.6666666666666666,12.0,12.5,8.5,-0.5,-1.5,-1.0,-4,2024,13,2024_13,Fernando Alonso
17,17.0,0.0,8.0,9.643650760992955,2.6666666666666665,-5.333333333333333,5.333333333333333,3.0,4.5,-0.5,5.0,-5.333333333333333,9,2024,13,2024_13,George Russell
18,18.0,0.0,16.0,2.6457513110645903,16.333333333333332,0.3333333333333333,15.833333333333334,15.833333333333334,14.5,-0.5,-6.0,0.3333333333333333,-1,2024,13,2024_13,Guanyu Zhou
15,15.0,0.0,12.333333333333334,4.509249752822893,15.0,2.6666666666666665,10.0,12.166666666666666,16.5,-0.5,-0.5,2.6666666666666665,0,2024,13,2024_13,Kevin Magnussen
8,8.0,0.0,11.333333333333334,3.7859388972001824,13.0,1.6666666666666667,12.0,12.5,10.5,-0.5,3.5,1.6666666666666667,-2,2024,13,2024_13,Lance Stroll
1,1.0,0.0,8.333333333333334,10.115993936995679,2.0,-6.333333333333333,6.333333333333333,4.666666666666667,4.5,-0.5,-1.0,-6.333333333333333,-1,2024,13,2024_13,Lando Norris
5,5.0,0.0,2.6666666666666665,1.5275252316519476,3.3333333333333335,0.6666666666666666,5.333333333333333,3.0,3.0,-0.5,1.0,0.6666666666666666,2,2024,13,2024_13,Lewis Hamilton
14,14.0,0.0,16.666666666666668,4.932882862316248,17.0,0.3333333333333333,15.333333333333334,15.833333333333334,18.0,-0.5,2.0,0.0,-3,2024,13,2024_13,Logan Sargeant
3,3.0,0.0,2.6666666666666665,2.081665999466133,2.3333333333333335,-0.3333333333333333,6.666666666666667,7.0,1.0,-0.5,5.0,-0.3333333333333333,-2,2024,13,2024_13,Max Verstappen
11,11.0,0.0,7.666666666666667,2.8867513459481295,9.333333333333334,1.6666666666666667,10.0,12.166666666666666,14.0,-0.5,-4.0,1.6666666666666667,-2,2024,13,2024_13,Nico Hülkenberg
2,2.0,0.0,4.333333333333333,2.516611478423586,7.333333333333333,3.0,6.333333333333333,4.666666666666667,5.0,-0.5,-1.0,2.6666666666666665,1,2024,13,2024_13,Oscar Piastri
20,20.0,0.0,13.0,6.082762530298219,13.333333333333334,0.3333333333333333,12.833333333333334,12.833333333333334,16.0,-0.5,-8.5,0.0,0,2024,13,2024_13,Pierre Gasly
16,16.0,0.0,10.666666666666666,5.507570547286101,11.666666666666666,1.0,6.666666666666667,7.0,4.0,-0.5,6.0,2.3333333333333335,9,2024,13,2024_13,Sergio Pérez
12,12.0,0.0,15.666666666666666,0.5773502691896255,15.333333333333334,-0.3333333333333333,15.833333333333334,15.833333333333334,16.0,-0.5,-8.5,-0.3333333333333333,-4,2024,13,2024_13,Valtteri Bottas
10,10.0,0.0,14.333333333333334,4.509249752822896,14.666666666666666,0.3333333333333333,13.333333333333334,14.666666666666666,17.0,-0.5,-0.5,0.3333333333333333,1,2024,13,2024_13,Yuki Tsunoda
10,11.0,-1.0,12.666666666666666,3.2145502536643185,12.666666666666666,0.0,14.166666666666666,13.833333333333334,12.0,-0.7,-1.5,0.0,-2,2024,14,2024_14,Alexander Albon
7,8.0,-1.0,4.666666666666667,1.527525231651949,5.0,0.3333333333333333,7.166666666666667,6.333333333333333,11.0,-0.7,-8.5,0.3333333333333333,1,2024,14,2024_14,Carlos Sainz
1,2.0,-1.0,9.666666666666666,5.131601439446885,7.666666666666667,-2.0,7.166666666666667,6.333333333333333,4.5,-0.7,3.5,-2.0,-2,2024,14,2024_14,Charles Leclerc
13,13.0,0.0,11.333333333333334,2.0816659994661353,11.666666666666666,0.3333333333333333,11.166666666666666,12.0,15.5,-0.7,-2.5,0.3333333333333333,3,2024,14,2024_14,Daniel Ricciardo
9,10.0,-1.0,15.333333333333334,3.0550504633038935,15.666666666666666,0.3333333333333333,16.0,16.666666666666668,7.5,-0.7,7.5,0.3333333333333333,0,2024,14,2024_14,Esteban Ocon
8,9.0,-1.0,12.333333333333334,5.131601439446882,10.666666666666666,-1.6666666666666667,11.166666666666666,10.833333333333334,5.0,-0.7,1.0,-1.6666666666666667,0,2024,14,2024_14,Fernando Alonso
6,7.0,-1.0,9.333333333333334,9.073771725877467,7.0,-2.3333333333333335,6.0,5.5,5.0,-0.7,1.5,-2.3333333333333335,-14,2024,14,2024_14,George Russell
19,20.0,-1.0,18.0,0.9999999999999991,17.333333333333332,-0.6666666666666666,16.833333333333332,16.333333333333332,13.5,-0.7,4.0,-0.6666666666666666,0,2024,14,2024_14,Guanyu Zhou
17,17.0,0.0,11.666666666666666,3.511884584284244,14.666666666666666,3.0,10.0,11.666666666666666,15.5,-0.7,-1.5,3.0,3,2024,14,2024_14,Kevin Magnussen
15,15.0,0.0,10.0,3.0000000000000004,11.0,1.0,11.166666666666666,10.833333333333334,10.0,-0.7,-0.5,1.0,4,2024,14,2024_14,Lance Stroll
4,5.0,-1.0,8.333333333333334,10.115993936995679,2.0,-6.333333333333333,5.333333333333333,3.3333333333333335,9.5,-0.7,2.5,-6.333333333333333,-1,2024,14,2024_14,Lando Norris
3,4.0,-1.0,2.6666666666666665,1.5275252316519476,4.0,1.3333333333333333,6.0,5.5,12.0,-0.7,-8.5,1.3333333333333333,2,2024,14,2024_14,Lewis Hamilton
18,19.0,-1.0,15.666666666666666,4.163331998932267,15.0,-0.6666666666666666,14.166666666666666,13.833333333333334,17.0,-0.7,1.0,-0.6666666666666666,1,2024,14,2024_14,Logan Sargeant
11,1.0,10.0,4.0,1.7320508075688776,2.6666666666666665,-1.3333333333333333,7.166666666666667,8.5,1.0,-0.7,9.0,-1.3333333333333333,7,2024,14,2024_14,Max Verstappen
16,16.0,0.0,8.333333333333334,4.041451884327381,8.666666666666666,0.3333333333333333,10.0,11.666666666666666,18.0,-0.7,2.0,0.3333333333333333,-2,2024,14,2024_14,Nico Hülkenberg
5,6.0,-1.0,2.3333333333333335,1.5275252316519503,4.666666666666667,2.3333333333333335,5.333333333333333,3.3333333333333335,20.0,-0.7,-15.0,2.3333333333333335,3,2024,14,2024_14,Oscar Piastri
12,12.0,0.0,16.666666666666668,5.773502691896257,17.666666666666668,1.0,16.0,16.666666666666668,10.0,-0.7,-4.0,0.6666666666666666,-1,2024,14,2024_14,Pierre Gasly
2,3.0,-1.0,10.333333333333334,5.773502691896257,14.333333333333334,4.0,7.166666666666667,8.5,2.0,-0.7,0.0,4.333333333333333,-5,2024,14,2024_14,Sergio Pérez
14,14.0,0.0,15.666666666666666,0.5773502691896255,15.333333333333334,-0.3333333333333333,16.833333333333332,16.333333333333332,15.5,-0.7,-2.5,-0.3333333333333333,-1,2024,14,2024_14,Valtteri Bottas
20,18.0,2.0,11.0,2.645751311064594,12.333333333333334,1.3333333333333333,11.166666666666666,12.0,11.5,-0.7,-6.0,1.3333333333333333,4,2024,14,2024_14,Yuki Tsunoda
19,10.0,9.0,11.666666666666666,2.5166114784235836,11.0,-0.6666666666666666,13.333333333333334,13.0,10.0,-0.5,-0.5,-1.0,5,2024,15,2024_15,Alexander Albon
10,10.0,0.0,5.666666666666667,0.5773502691896311,6.333333333333333,0.6666666666666666,6.333333333333333,6.333333333333333,6.5,-0.5,-2.0,0.3333333333333333,5,2024,15,2024_15,Carlos Sainz
6,6.0,0.0,7.0,6.08276253029822,6.333333333333333,-0.6666666666666666,6.333333333333333,6.333333333333333,11.0,-0.5,-5.5,-1.0,3,2024,15,2024_15,Charles Leclerc
13,15.0,-2.0,11.666666666666666,1.5275252316519496,12.333333333333334,0.6666666666666666,11.666666666666666,13.0,17.0,-0.5,0.0,0.6666666666666666,1,2024,15,2024_15,Daniel Ricciardo
15,16.0,-1.0,14.333333333333334,4.725815626252609,15.666666666666666,1.3333333333333333,16.0,16.5,9.5,-0.5,4.5,1.0,0,2024,15,2024_15,Esteban Ocon
7,7.0,0.0,9.0,1.7320508075688652,8.666666666666666,-0.3333333333333333,9.166666666666666,9.5,4.0,-0.5,5.0,-0.6666666666666666,-3,2024,15,2024_15,Fernando Alonso
4,4.0,0.0,15.666666666666666,6.658328118479397,8.333333333333334,-7.333333333333333,8.666666666666666,6.0,9.5,-0.5,-5.0,-7.666666666666667,-3,2024,15,2024_15,George Russell
17,18.0,-1.0,18.666666666666668,0.577350269189624,17.333333333333332,-1.3333333333333333,17.0,15.666666666666666,17.0,-0.5,-2.5,-1.6666666666666667,-3,2024,15,2024_15,Guanyu Zhou
20,14.0,6.0,13.666666666666666,1.5275252316519414,16.333333333333332,2.6666666666666665,13.0,13.666666666666666,15.5,-0.5,-6.5,2.6666666666666665,2,2024,15,2024_15,Kevin Magnussen
8,8.0,0.0,9.333333333333334,2.081665999466133,10.333333333333334,1.0,9.166666666666666,9.5,10.5,-0.5,0.0,1.0,-5,2024,15,2024_15,Lance Stroll
1,1.0,0.0,3.3333333333333335,1.5275252316519508,3.0,-0.3333333333333333,2.8333333333333335,3.6666666666666665,7.0,-0.5,-2.5,-0.6666666666666666,0,2024,15,2024_15,Lando Norris
14,11.0,3.0,1.6666666666666667,1.1547005383792532,3.6666666666666665,2.0,8.666666666666666,6.0,5.0,-0.5,3.5,1.6666666666666667,6,2024,15,2024_15,Lewis Hamilton
18,20.0,-2.0,15.0,3.4641016151377566,15.0,0.0,13.333333333333334,13.0,20.0,-0.5,-10.0,-0.3333333333333333,2,2024,15,2024_15,Logan Sargeant
2,2.0,0.0,3.6666666666666665,1.527525231651947,2.6666666666666665,-1.0,7.0,7.666666666666667,1.0,-0.5,0.0,2.3333333333333335,0,2024,15,2024_15,Max Verstappen
12,13.0,-1.0,12.333333333333334,6.027713773341707,11.0,-1.3333333333333333,13.0,13.666666666666666,12.0,-0.5,2.0,-1.3333333333333333,1,2024,15,2024_15,Nico Hülkenberg
3,3.0,0.0,2.3333333333333335,1.5275252316519503,4.333333333333333,2.0,2.8333333333333335,3.6666666666666665,9.0,-0.5,-1.0,1.6666666666666667,-1,2024,15,2024_15,Oscar Piastri
9,9.0,0.0,17.666666666666668,4.041451884327381,17.333333333333332,-0.3333333333333333,16.0,16.5,7.0,-0.5,4.5,-0.6666666666666666,0,2024,15,2024_15,Pierre Gasly
5,5.0,0.0,10.333333333333334,5.773502691896257,12.666666666666666,2.3333333333333335,7.0,7.666666666666667,4.5,-0.5,1.5,2.3333333333333335,-1,2024,15,2024_15,Sergio Pérez
16,17.0,-1.0,15.333333333333334,0.5773502691896255,14.0,-1.3333333333333333,17.0,15.666666666666666,16.5,-0.5,0.5,-1.3333333333333333,-3,2024,15,2024_15,Valtteri Bottas
11,12.0,-1.0,11.666666666666666,3.785938897200185,13.666666666666666,2.0,11.666666666666666,13.0,17.5,-0.5,-4.5,2.6666666666666665,-6,2024,15,2024_15,Yuki Tsunoda
9,9.0,0.0,13.333333333333334,1.1547005383792521,11.333333333333334,-2.0,15.0,14.5,7.0,0.0,-1.0,0.6666666666666666,0,2024,16,2024_16,Alexander Albon
5,5.0,0.0,5.666666666666667,0.5773502691896258,7.333333333333333,1.6666666666666667,4.5,6.0,3.5,0.0,6.0,1.3333333333333333,1,2024,16,2024_16,Carlos Sainz
4,4.0,0.0,3.3333333333333335,0.577350269189632,4.666666666666667,1.3333333333333333,4.5,6.0,3.0,0.0,-1.0,1.0,3,2024,16,2024_16,Charles Leclerc
12,12.0,0.0,11.333333333333334,1.154700538379255,12.333333333333334,1.0,12.666666666666666,12.833333333333334,17.0,0.0,-13.0,0.3333333333333333,-1,2024,16,2024_16,Daniel Ricciardo
15,15.0,0.0,14.0,4.582575694955841,15.0,1.0,14.0,14.333333333333334,15.0,0.0,1.0,0.3333333333333333,1,2024,16,2024_16,Esteban Ocon
11,11.0,0.0,9.666666666666666,1.5275252316519343,7.666666666666667,-2.0,10.5,9.0,14.0,0.0,-6.0,-2.3333333333333335,0,2024,16,2024_16,Fernando Alonso
18,18.0,0.0,11.333333333333334,3.0550504633038913,11.333333333333334,0.3333333333333333,15.0,14.5,10.0,0.0,0.0,0.3333333333333333,6,2024,16,2024_16,Franco Colapinto
3,3.0,0.0,11.666666666666666,7.234178138070238,9.333333333333334,-2.3333333333333335,7.833333333333333,8.0,4.0,0.0,-1.0,-2.6666666666666665,-4,2024,16,2024_16,George Russell
20,20.0,0.0,19.333333333333332,0.5773502691896263,18.666666666666668,-0.6666666666666666,18.0,16.5,12.0,0.0,0.5,-1.3333333333333333,2,2024,16,2024_16,Guanyu Zhou
13,13.0,0.0,15.666666666666666,2.081665999466129,15.333333333333334,-0.3333333333333333,14.833333333333334,14.333333333333334,17.0,0.0,0.5,1.6666666666666667,3,2024,16,2024_16,Kevin Magnussen
17,17.0,0.0,11.333333333333334,1.5275252316519465,10.333333333333334,-1.0,10.5,9.0,17.0,0.0,-1.0,-1.0,-2,2024,16,2024_16,Lance Stroll
1,1.0,0.0,2.6666666666666665,2.081665999466136,2.3333333333333335,-0.3333333333333333,2.5,3.0,7.5,0.0,-1.5,-0.6666666666666666,-2,2024,16,2024_16,Lando Norris
6,6.0,0.0,4.0,3.6055512754639896,6.666666666666667,2.6666666666666665,7.833333333333333,8.0,5.5,0.0,8.0,3.3333333333333335,1,2024,16,2024_16,Lewis Hamilton
7,7.0,0.0,3.6666666666666665,1.527525231651947,2.0,-1.6666666666666667,5.166666666666667,5.0,1.0,0.0,3.5,1.6666666666666667,1,2024,16,2024_16,Max Verstappen
10,10.0,0.0,14.0,3.6055512754639882,13.333333333333334,-0.6666666666666666,14.833333333333334,14.333333333333334,17.0,0.0,-4.0,-1.0,-7,2024,16,2024_16,Nico Hülkenberg
2,2.0,0.0,2.3333333333333335,1.5275252316519503,3.6666666666666665,1.3333333333333333,2.5,3.0,12.0,0.0,-5.0,1.0,0,2024,16,2024_16,Oscar Piastri
14,14.0,0.0,14.0,5.567764362830022,13.666666666666666,-0.3333333333333333,14.0,14.333333333333334,11.5,0.0,-0.5,-0.3333333333333333,-1,2024,16,2024_16,Pierre Gasly
8,8.0,0.0,6.666666666666667,0.5773502691896258,8.0,1.3333333333333333,5.166666666666667,5.0,4.0,0.0,5.0,1.0,0,2024,16,2024_16,Sergio Pérez
19,19.0,0.0,16.666666666666668,2.081665999466132,14.333333333333334,-2.3333333333333335,18.0,16.5,11.5,0.0,3.0,-2.6666666666666665,3,2024,16,2024_16,Valtteri Bottas
16,16.0,0.0,14.0,4.358898943540676,13.333333333333334,-0.6666666666666666,12.666666666666666,12.833333333333334,17.0,0.0,-1.5,-0.3333333333333333,-4,2024,16,2024_16,Yuki Tsunoda
9,10.0,-1.0,11.666666666666666,2.5166114784235836,10.0,-1.6666666666666667,13.333333333333334,14.5,12.0,0.0,2.5,1.0,2,2024,17,2024_17,Alexander Albon
3,3.0,0.0,5.0,1.0,7.666666666666667,2.6666666666666665,3.6666666666666665,5.833333333333333,12.5,0.0,-8.5,2.3333333333333335,-15,2024,17,2024_17,Carlos Sainz
1,1.0,0.0,2.3333333333333335,1.1547005383792517,4.0,1.6666666666666667,3.6666666666666665,5.833333333333333,11.0,0.0,-10.0,1.3333333333333333,-1,2024,17,2024_17,Charles Leclerc
14,15.0,-1.0,11.666666666666666,1.5275252316519496,13.333333333333334,1.6666666666666667,14.666666666666666,14.333333333333334,8.0,0.0,4.0,1.0,1,2024,17,2024_17,Daniel Ricciardo
20,19.0,1.0,12.666666666666666,3.214550253664319,13.666666666666666,1.0,12.5,12.666666666666666,12.5,0.0,3.5,0.3333333333333333,5,2024,17,2024_17,Esteban Ocon
7,8.0,-1.0,9.666666666666666,1.5275252316519343,9.0,-0.6666666666666666,12.0,11.166666666666666,5.5,0.0,2.5,-1.0,1,2024,17,2024_17,Fernando Alonso
8,9.0,-1.0,12.0,3.0550504633038913,18.0,6.0,13.333333333333334,14.5,10.0,0.0,0.0,6.0,0,2024,17,2024_17,Franco Colapinto
5,5.0,0.0,11.333333333333334,7.505553499465137,4.666666666666667,-6.666666666666667,8.0,5.833333333333333,5.5,0.0,2.5,-7.0,2,2024,17,2024_17,George Russell
17,18.0,-1.0,19.0,1.0000000000000004,19.333333333333332,0.3333333333333333,17.833333333333332,18.0,18.5,0.0,-4.0,-0.3333333333333333,3,2024,17,2024_17,Guanyu Zhou
13,14.0,-1.0,14.333333333333334,4.163331998932265,13.333333333333334,-1.0,12.0,11.166666666666666,11.5,0.0,2.5,-1.0,-6,2024,17,2024_17,Lance Stroll
15,16.0,-1.0,3.0,2.000000000000003,2.3333333333333335,-0.6666666666666666,2.8333333333333335,3.0,9.0,0.0,0.0,-1.0,11,2024,17,2024_17,Lando Norris
19,7.0,12.0,4.666666666666667,3.511884584284247,7.0,2.3333333333333335,8.0,5.833333333333333,5.0,0.0,1.0,3.0,10,2024,17,2024_17,Lewis Hamilton
6,6.0,0.0,4.0,2.0,3.3333333333333335,-0.6666666666666666,5.5,4.333333333333333,1.5,0.0,1.0,2.6666666666666665,1,2024,17,2024_17,Max Verstappen
12,13.0,-1.0,15.333333333333334,3.7859388972001815,13.0,-2.3333333333333335,14.666666666666666,13.833333333333334,17.0,0.0,3.0,-2.6666666666666665,1,2024,17,2024_17,Nico Hülkenberg
10,11.0,-1.0,7.0,3.0550504633038913,11.0,4.0,14.666666666666666,13.833333333333334,10.0,0.0,0.0,4.0,0,2024,17,2024_17,Oliver Bearman
2,2.0,0.0,2.6666666666666665,1.1547005383792566,3.6666666666666665,1.0,2.8333333333333335,3.0,11.0,0.0,-1.0,0.6666666666666666,1,2024,17,2024_17,Oscar Piastri
18,15.0,3.0,12.333333333333334,3.0550504633038935,11.666666666666666,-0.6666666666666666,12.5,12.666666666666666,9.5,0.0,2.0,-0.6666666666666666,6,2024,17,2024_17,Pierre Gasly
4,4.0,0.0,7.0,1.0,5.333333333333333,-1.6666666666666667,5.5,4.333333333333333,1.5,0.0,1.0,-2.0,-13,2024,17,2024_17,Sergio Pérez
16,17.0,-1.0,16.666666666666668,2.081665999466132,16.666666666666668,0.0,17.833333333333332,18.0,14.5,0.0,-0.5,-0.3333333333333333,0,2024,17,2024_17,Valtteri Bottas
11,12.0,-1.0,17.666666666666668,2.0816659994661375,15.333333333333334,-2.3333333333333335,14.666666666666666,14.333333333333334,11.5,0.0,-3.5,-2.0,-9,2024,17,2024_17,Yuki Tsunoda
11,11.0,0.0,10.0,3.605551275463989,9.666666666666666,-0.3333333333333333,11.0,12.666666666666666,14.0,-1.0,2.0,2.3333333333333335,-9,2024,18,2024_18,Alexander Albon
10,10.0,0.0,9.0,7.810249675906654,6.0,-3.0,5.5,4.833333333333333,2.0,-1.0,0.5,-3.0,3,2024,18,2024_18,Carlos Sainz
9,9.0,0.0,2.0,1.0,3.6666666666666665,1.6666666666666667,5.5,4.833333333333333,3.0,-1.0,-1.0,1.6666666666666667,4,2024,18,2024_18,Charles Leclerc
16,16.0,0.0,12.666666666666666,0.5773502691896344,14.0,1.3333333333333333,15.833333333333334,13.666666666666666,5.0,-1.0,11.0,0.3333333333333333,-2,2024,18,2024_18,Daniel Ricciardo
15,15.0,0.0,14.666666666666666,0.5773502691896305,16.666666666666668,2.0,13.333333333333334,14.666666666666666,17.0,-1.0,-4.5,2.0,2,2024,18,2024_18,Esteban Ocon
7,7.0,0.0,9.0,2.6457513110645827,8.666666666666666,-0.3333333333333333,13.0,10.833333333333334,16.5,-1.0,-10.5,-0.6666666666666666,-1,2024,18,2024_18,Fernando Alonso
12,12.0,0.0,10.0,2.8284271247461903,13.5,3.5,11.0,12.666666666666666,10.0,-1.0,0.0,3.0,1,2024,18,2024_18,Franco Colapinto
4,4.0,0.0,5.666666666666667,2.3094010767585034,4.0,-1.6666666666666667,6.5,6.0,15.0,-1.0,-14.0,-1.6666666666666667,0,2024,18,2024_18,George Russell
20,20.0,0.0,17.333333333333332,3.055050463303893,18.666666666666668,1.3333333333333333,17.166666666666668,18.166666666666668,16.0,-1.0,0.5,0.6666666666666666,5,2024,18,2024_18,Guanyu Zhou
14,14.0,0.0,14.0,3.9999999999999982,14.666666666666666,0.6666666666666666,12.833333333333334,12.333333333333334,11.0,-1.0,-3.5,2.6666666666666665,-5,2024,18,2024_18,Kevin Magnussen
17,17.0,0.0,17.0,3.464101615137754,13.0,-4.0,13.0,10.833333333333334,13.0,-1.0,-7.5,-4.333333333333333,3,2024,18,2024_18,Lance Stroll
1,1.0,0.0,2.6666666666666665,1.527525231651951,6.0,3.3333333333333335,2.5,4.166666666666667,3.0,-1.0,2.0,3.0,0,2024,18,2024_18,Lando Norris
3,3.0,0.0,7.333333333333333,2.0816659994661335,8.0,0.6666666666666666,6.5,6.0,6.0,-1.0,-2.0,5.666666666666667,-3,2024,18,2024_18,Lewis Hamilton
2,2.0,0.0,4.333333333333333,2.081665999466133,5.0,0.6666666666666666,7.333333333333333,5.333333333333333,6.0,-1.0,3.5,0.6666666666666666,0,2024,18,2024_18,Max Verstappen
6,6.0,0.0,13.0,3.4641016151377535,12.0,-1.0,12.833333333333334,12.333333333333334,13.0,-1.0,-4.0,-1.6666666666666667,-3,2024,18,2024_18,Nico Hülkenberg
5,5.0,0.0,2.3333333333333335,1.5275252316519505,2.3333333333333335,0.0,2.5,4.166666666666667,7.0,-1.0,10.0,0.0,2,2024,18,2024_18,Oscar Piastri
18,18.0,0.0,12.0,3.0000000000000004,12.666666666666666,0.6666666666666666,13.333333333333334,14.666666666666666,8.0,-1.0,1.5,1.6666666666666667,1,2024,18,2024_18,Pierre Gasly
13,13.0,0.0,10.333333333333334,5.859465277082315,5.666666666666667,-4.666666666666667,7.333333333333333,5.333333333333333,4.5,-1.0,3.0,-4.666666666666667,3,2024,18,2024_18,Sergio Pérez
19,19.0,0.0,17.0,1.732050807568876,17.666666666666668,0.6666666666666666,17.166666666666668,18.166666666666668,14.0,-1.0,1.5,0.0,3,2024,18,2024_18,Valtteri Bottas
8,8.0,0.0,19.0,1.7320508075688825,13.333333333333334,-5.666666666666667,15.833333333333334,13.666666666666666,17.0,-1.0,-4.5,-6.333333333333333,-4,2024,18,2024_18,Yuki Tsunoda
14,16.0,-2.0,12.0,7.0,10.0,-2.0,11.166666666666666,11.5,11.0,-0.5,0.5,-2.3333333333333335,-2,2024,19,2024_19,Alexander Albon
3,3.0,0.0,9.666666666666666,7.371114795831994,6.0,-3.6666666666666665,6.166666666666667,5.333333333333333,11.5,-0.5,-9.0,-3.6666666666666665,1,2024,19,2024_19,Carlos Sainz
4,4.0,0.0,2.6666666666666665,2.0816659994661326,4.666666666666667,2.0,6.166666666666667,5.333333333333333,11.5,-0.5,-5.0,2.0,3,2024,19,2024_19,Charles Leclerc
12,13.0,-1.0,14.0,1.0000000000000027,16.333333333333332,2.3333333333333335,14.333333333333334,16.0,14.5,-0.5,-10.5,2.6666666666666665,-6,2024,19,2024_19,Esteban Ocon
7,8.0,-1.0,8.333333333333334,2.5166114784235742,8.666666666666666,0.3333333333333333,12.833333333333334,12.333333333333334,11.5,-0.5,5.0,0.0,-6,2024,19,2024_19,Fernando Alonso
15,17.0,-2.0,10.333333333333334,2.0816659994661326,13.0,2.6666666666666665,11.166666666666666,11.5,10.0,-0.5,0.0,2.3333333333333335,5,2024,19,2024_19,Franco Colapinto
20,6.0,14.0,4.666666666666667,2.081665999466133,4.0,-0.6666666666666666,5.666666666666667,4.666666666666667,5.0,-0.5,-0.5,-0.6666666666666666,14,2024,19,2024_19,George Russell
18,20.0,-2.0,15.666666666666666,2.081665999466131,19.333333333333332,3.6666666666666665,15.833333333333334,18.833333333333332,12.5,-0.5,2.5,3.3333333333333335,-1,2024,19,2024_19,Guanyu Zhou
8,9.0,-1.0,15.666666666666666,4.932882862316246,13.666666666666666,-2.0,12.666666666666666,11.166666666666666,11.5,-0.5,3.5,0.0,-3,2024,19,2024_19,Kevin Magnussen
13,14.0,-1.0,17.333333333333332,2.886751345948128,16.0,-1.3333333333333333,12.833333333333334,12.333333333333334,12.5,-0.5,0.0,-1.6666666666666667,-2,2024,19,2024_19,Lance Stroll
1,1.0,0.0,2.6666666666666665,1.527525231651951,6.0,3.3333333333333335,2.3333333333333335,4.5,4.0,-0.5,0.0,3.0,-3,2024,19,2024_19,Lando Norris
17,19.0,-2.0,6.666666666666667,2.0816659994661335,5.333333333333333,-1.3333333333333333,5.666666666666667,4.666666666666667,10.5,-0.5,-7.5,2.6666666666666665,-3,2024,19,2024_19,Lewis Hamilton
19,15.0,4.0,12.333333333333334,4.163331998932265,13.0,0.6666666666666666,16.0,13.166666666666666,10.0,-0.5,0.0,0.3333333333333333,10,2024,19,2024_19,Liam Lawson
2,2.0,0.0,4.333333333333333,2.081665999466133,5.0,0.6666666666666666,8.0,6.666666666666667,1.0,-0.5,3.0,0.6666666666666666,-1,2024,19,2024_19,Max Verstappen
11,12.0,-1.0,12.333333333333334,4.163331998932265,9.666666666666666,-2.6666666666666665,12.666666666666666,11.166666666666666,11.0,-0.5,7.0,-3.0,3,2024,19,2024_19,Nico Hülkenberg
5,5.0,0.0,2.0,1.000000000000006,3.0,1.0,2.3333333333333335,4.5,17.0,-0.5,-7.0,1.0,0,2024,19,2024_19,Oscar Piastri
6,7.0,-1.0,14.666666666666666,2.516611478423584,15.666666666666666,1.0,14.333333333333334,16.0,10.0,-0.5,-1.0,2.0,-6,2024,19,2024_19,Pierre Gasly
9,10.0,-1.0,11.666666666666666,4.725815626252608,8.333333333333334,-3.3333333333333335,8.0,6.666666666666667,4.0,-0.5,5.0,-3.3333333333333335,2,2024,19,2024_19,Sergio Pérez
16,18.0,-2.0,16.0,0.0,18.333333333333332,2.3333333333333335,15.833333333333334,18.833333333333332,15.5,-0.5,-5.5,2.0,-1,2024,19,2024_19,Valtteri Bottas
10,11.0,-1.0,17.333333333333332,4.618802153517006,12.0,-5.333333333333333,16.0,13.166666666666666,9.0,-0.5,6.0,-5.666666666666667,-4,2024,19,2024_19,Yuki Tsunoda
9,9.0,0.0,14.333333333333334,6.658328118479393,12.333333333333334,-2.0,12.0,12.5,10.5,-0.5,5.0,-3.0,-10,2024,20,2024_20,Alexander Albon
1,1.0,0.0,9.0,8.18535277187245,5.333333333333333,-3.6666666666666665,5.833333333333333,5.0,4.5,-0.5,-1.0,-3.6666666666666665,0,2024,20,2024_20,Carlos Sainz
4,4.0,0.0,2.6666666666666665,2.0816659994661326,4.666666666666667,2.0,5.833333333333333,5.0,4.5,-0.5,-0.5,2.0,1,2024,20,2024_20,Charles Leclerc
0,19.0,-19.0,15.333333333333334,2.516611478423584,15.666666666666666,0.3333333333333333,14.5,14.5,9.0,-0.5,3.5,0.3333333333333333,-13,2024,20,2024_20,Esteban Ocon
13,13.0,0.0,9.0,3.605551275463984,7.666666666666667,-1.3333333333333333,12.5,11.333333333333334,18.5,-0.5,-7.5,-2.0,-5,2024,20,2024_20,Fernando Alonso
16,16.0,0.0,9.666666666666666,1.5275252316519468,12.666666666666666,3.0,12.0,12.5,10.0,-0.5,0.0,2.0,4,2024,20,2024_20,Franco Colapinto
5,5.0,0.0,4.333333333333333,1.5275252316519468,5.0,0.6666666666666666,8.0,7.333333333333333,5.0,-0.5,0.0,5.333333333333333,0,2024,20,2024_20,George Russell
19,20.0,-1.0,16.0,2.645751311064589,19.333333333333332,3.3333333333333335,16.166666666666668,18.666666666666668,13.5,-0.5,-2.5,2.3333333333333335,4,2024,20,2024_20,Guanyu Zhou
7,7.0,0.0,13.333333333333334,4.932882862316246,12.0,-1.3333333333333333,11.333333333333334,10.833333333333334,18.0,-0.5,-0.5,-1.6666666666666667,0,2024,20,2024_20,Kevin Magnussen
14,14.0,0.0,16.0,2.64575131106459,15.0,-1.0,12.5,11.333333333333334,16.0,-0.5,-6.0,-1.6666666666666667,3,2024,20,2024_20,Lance Stroll
3,3.0,0.0,3.0,1.732050807568881,6.0,3.0,3.0,5.0,7.0,-0.5,5.5,2.6666666666666665,1,2024,20,2024_20,Lando Norris
6,6.0,0.0,11.666666666666666,7.371114795831994,9.666666666666666,-2.0,8.0,7.333333333333333,2.0,-0.5,2.5,1.3333333333333333,2,2024,20,2024_20,Lewis Hamilton
12,12.0,0.0,12.333333333333334,4.163331998932265,14.666666666666666,2.3333333333333335,14.333333333333334,12.833333333333334,10.0,-0.5,0.0,3.3333333333333335,-4,2024,20,2024_20,Liam Lawson
2,2.0,0.0,3.3333333333333335,1.5275252316519465,3.3333333333333335,0.0,7.333333333333333,6.166666666666667,1.0,-0.5,1.0,0.0,-4,2024,20,2024_20,Max Verstappen
10,10.0,0.0,9.333333333333334,1.5275252316519456,10.333333333333334,1.0,11.333333333333334,10.833333333333334,13.0,-0.5,-1.0,0.3333333333333333,1,2024,20,2024_20,Nico Hülkenberg
17,17.0,0.0,3.0,2.000000000000003,4.0,1.0,3.0,5.0,8.0,-0.5,-1.0,1.0,9,2024,20,2024_20,Oscar Piastri
8,8.0,0.0,13.666666666666666,2.886751345948129,13.333333333333334,-0.3333333333333333,14.5,14.5,11.0,-0.5,1.5,0.3333333333333333,-2,2024,20,2024_20,Pierre Gasly
18,18.0,0.0,11.333333333333334,5.131601439446884,9.0,-2.3333333333333335,7.333333333333333,6.166666666666667,11.5,-0.5,-7.0,-2.6666666666666665,1,2024,20,2024_20,Sergio Pérez
15,15.0,0.0,16.333333333333332,0.5773502691896263,18.0,1.6666666666666667,16.166666666666668,18.666666666666668,12.5,-0.5,-5.0,0.6666666666666666,1,2024,20,2024_20,Valtteri Bottas
11,11.0,0.0,15.333333333333334,4.163331998932264,10.333333333333334,-5.0,14.333333333333334,12.833333333333334,16.0,-0.5,-0.5,-5.666666666666667,-9,2024,20,2024_20,Yuki Tsunoda
7,7.0,0.0,18.333333333333332,2.081665999466133,12.0,-6.333333333333333,14.666666666666666,13.5,17.0,-0.5,-1.0,-7.0,-11,2024,21,2024_21,Alexander Albon
20,14.0,6.0,3.3333333333333335,3.214550253664318,4.666666666666667,1.3333333333333333,3.1666666666666665,5.166666666666667,4.5,-0.5,2.5,1.3333333333333333,4,2024,21,2024_21,Carlos Sainz
6,6.0,0.0,3.0,1.9999999999999998,5.666666666666667,2.6666666666666665,3.1666666666666665,5.166666666666667,12.0,-0.5,-8.5,2.6666666666666665,1,2024,21,2024_21,Charles Leclerc
4,4.0,0.0,14.666666666666666,2.886751345948129,15.666666666666666,1.0,13.833333333333334,13.333333333333334,9.0,-0.5,6.0,-5.666666666666667,2,2024,21,2024_21,Esteban Ocon
9,9.0,0.0,13.0,5.000000000000001,9.333333333333334,-3.6666666666666665,13.166666666666666,12.166666666666666,4.0,-0.5,6.5,-4.0,-5,2024,21,2024_21,Fernando Alonso
16,18.0,-2.0,11.0,1.0000000000000007,15.0,4.0,14.666666666666666,13.5,10.0,-0.5,0.0,3.3333333333333335,-1,2024,21,2024_21,Franco Colapinto
2,2.0,0.0,5.0,0.9999999999999997,5.0,0.0,7.5,7.166666666666667,8.0,-0.5,-3.5,4.666666666666667,-2,2024,21,2024_21,George Russell
19,20.0,-1.0,16.333333333333332,2.309401076758501,20.0,3.6666666666666665,16.0,18.666666666666668,14.5,-0.5,2.0,2.6666666666666665,4,2024,21,2024_21,Guanyu Zhou
10,10.0,0.0,13.333333333333334,2.0816659994661317,15.0,1.6666666666666667,13.166666666666666,12.166666666666666,7.5,-0.5,1.5,1.3333333333333333,-9,2024,21,2024_21,Lance Stroll
1,1.0,0.0,2.3333333333333335,1.527525231651951,1.6666666666666667,-0.6666666666666666,3.8333333333333335,5.333333333333333,10.0,-0.5,-4.0,-0.6666666666666666,-5,2024,21,2024_21,Lando Norris
14,16.0,-2.0,10.0,8.717797887081348,9.333333333333334,-0.6666666666666666,7.5,7.166666666666667,5.0,-0.5,-1.5,-1.3333333333333333,4,2024,21,2024_21,Lewis Hamilton
5,5.0,0.0,14.0,4.358898943540674,15.0,1.0,14.833333333333334,12.166666666666666,10.0,-0.5,0.0,2.0,-4,2024,21,2024_21,Liam Lawson
17,12.0,5.0,3.6666666666666665,2.081665999466133,2.0,-1.6666666666666667,7.5,7.833333333333333,3.5,-0.5,-1.5,-1.6666666666666667,16,2024,21,2024_21,Max Verstappen
18,19.0,-1.0,8.666666666666666,0.577350269189624,9.333333333333334,0.6666666666666666,10.5,9.666666666666666,12.0,-0.5,-1.0,0.3333333333333333,-2,2024,21,2024_21,Nico Hülkenberg
15,17.0,-2.0,8.5,2.1213203435596424,11.0,2.5,10.5,9.666666666666666,10.0,-0.5,0.0,2.0,3,2024,21,2024_21,Oliver Bearman
8,8.0,0.0,5.333333333333333,2.516611478423586,9.0,3.6666666666666665,3.8333333333333335,5.333333333333333,14.0,-0.5,-4.0,3.6666666666666665,0,2024,21,2024_21,Oscar Piastri
13,15.0,-2.0,13.0,3.6055512754639896,11.0,-2.0,13.833333333333334,13.333333333333334,10.5,-0.5,2.0,-2.3333333333333335,10,2024,21,2024_21,Pierre Gasly
12,13.0,-1.0,11.333333333333334,5.131601439446884,13.666666666666666,2.3333333333333335,7.5,7.833333333333333,5.5,-0.5,1.0,2.0,1,2024,21,2024_21,Sergio Pérez
11,11.0,0.0,15.666666666666666,1.5275252316519468,17.333333333333332,1.6666666666666667,16.0,18.666666666666668,12.5,-0.5,3.5,1.0,-2,2024,21,2024_21,Valtteri Bottas
3,3.0,0.0,15.333333333333334,4.163331998932264,10.0,-5.333333333333333,14.833333333333334,12.166666666666666,13.0,-0.5,-5.0,-5.666666666666667,-4,2024,21,2024_21,Yuki Tsunoda
17,18.0,-1.0,17.666666666666668,1.5275252316519463,10.666666666666666,-7.0,15.333333333333334,13.833333333333334,12.0,0.0,-7.0,-7.666666666666667,-2,2024,22,2024_22,Alexander Albon
2,2.0,0.0,6.333333333333333,8.386497083606084,6.0,-0.3333333333333333,4.666666666666667,5.333333333333333,6.0,0.0,6.0,1.6666666666666667,-1,2024,22,2024_22,Carlos Sainz
4,4.0,0.0,3.0,1.9999999999999998,4.666666666666667,1.6666666666666667,4.666666666666667,5.333333333333333,2.0,0.0,-1.0,1.6666666666666667,0,2024,22,2024_22,Charles Leclerc
11,11.0,0.0,11.0,8.18535277187245,12.0,1.0,9.666666666666666,11.0,4.0,0.0,12.0,-5.666666666666667,-6,2024,22,2024_22,Esteban Ocon
16,17.0,-1.0,15.0,2.6457513110645956,10.0,-5.0,15.0,11.333333333333334,9.0,0.0,0.0,-5.333333333333333,5,2024,22,2024_22,Fernando Alonso
20,14.0,6.0,13.0,3.6055512754639896,17.0,4.0,15.333333333333334,13.833333333333334,10.0,0.0,0.0,2.6666666666666665,6,2024,22,2024_22,Franco Colapinto
1,1.0,0.0,5.0,0.9999999999999997,4.333333333333333,-0.6666666666666666,8.166666666666666,9.0,8.0,0.0,-5.0,4.0,0,2024,22,2024_22,George Russell
13,13.0,0.0,16.333333333333332,2.309401076758501,20.0,3.6666666666666665,15.5,17.333333333333332,15.0,0.0,2.0,2.3333333333333335,0,2024,22,2024_22,Guanyu Zhou
12,12.0,0.0,12.333333333333334,6.110100926607786,10.0,-2.3333333333333335,11.166666666666666,12.333333333333334,13.0,0.0,-5.0,-2.6666666666666665,0,2024,22,2024_22,Kevin Magnussen
18,20.0,-2.0,15.0,3.9999999999999996,12.666666666666666,-2.3333333333333335,15.0,11.333333333333334,5.0,0.0,14.0,-2.6666666666666665,3,2024,22,2024_22,Lance Stroll
6,6.0,0.0,4.0,2.000000000000002,1.6666666666666667,-2.3333333333333335,5.5,5.833333333333333,20.0,0.0,-5.0,-2.3333333333333335,0,2024,22,2024_22,Lando Norris
10,10.0,0.0,11.333333333333334,8.082903768654761,13.666666666666666,2.3333333333333335,8.166666666666666,9.0,7.0,0.0,3.0,1.0,8,2024,22,2024_22,Lewis Hamilton
14,15.0,-1.0,11.333333333333334,4.041451884327381,10.666666666666666,-0.6666666666666666,12.5,9.5,10.0,0.0,0.0,0.6666666666666666,-2,2024,22,2024_22,Liam Lawson
5,5.0,0.0,3.3333333333333335,2.5166114784235836,5.333333333333333,2.0,7.5,9.5,1.0,0.0,1.0,3.6666666666666665,0,2024,22,2024_22,Max Verstappen
9,9.0,0.0,12.333333333333334,6.6583281184793925,13.666666666666666,1.3333333333333333,11.166666666666666,12.333333333333334,19.0,0.0,-6.0,0.6666666666666666,1,2024,22,2024_22,Nico Hülkenberg
8,8.0,0.0,7.0,1.7320508075688812,10.0,3.0,5.5,5.833333333333333,10.0,0.0,8.0,3.0,1,2024,22,2024_22,Oscar Piastri
3,3.0,0.0,8.333333333333334,4.725815626252609,10.0,1.6666666666666667,9.666666666666666,11.0,11.0,0.0,-7.0,0.6666666666666666,-17,2024,22,2024_22,Pierre Gasly
15,16.0,-1.0,11.666666666666666,5.033222956847165,13.666666666666666,2.0,7.5,9.5,3.0,0.0,8.0,1.3333333333333333,5,2024,22,2024_22,Sergio Pérez
19,19.0,0.0,14.666666666666666,2.0816659994661326,14.666666666666666,0.0,15.5,17.333333333333332,17.0,0.0,-10.0,-0.6666666666666666,1,2024,22,2024_22,Valtteri Bottas
7,7.0,0.0,13.666666666666666,6.506407098647711,8.333333333333334,-5.333333333333333,12.5,9.5,18.0,0.0,2.0,-5.666666666666667,-2,2024,22,2024_22,Yuki Tsunoda
16,16.0,0.0,18.666666666666668,0.5773502691896232,11.333333333333334,-7.333333333333333,16.5,13.666666666666666,13.0,0.0,0.0,-7.666666666666667,1,2024,23,2024_23,Alexander Albon
7,7.0,0.0,6.666666666666667,8.144527815247079,5.666666666666667,-1.0,5.333333333333333,5.166666666666667,20.0,0.0,-8.0,1.0,1,2024,23,2024_23,Carlos Sainz
5,5.0,0.0,4.0,0.9999999999999989,4.666666666666667,0.6666666666666666,5.333333333333333,5.166666666666667,5.0,0.0,0.0,0.6666666666666666,3,2024,23,2024_23,Charles Leclerc
20,20.0,0.0,10.666666666666666,7.767453465154029,11.333333333333334,0.6666666666666666,10.833333333333334,10.0,7.0,0.0,1.0,-5.666666666666667,0,2024,23,2024_23,Esteban Ocon
8,8.0,0.0,14.333333333333334,3.511884584284249,13.0,-1.3333333333333333,14.666666666666666,13.833333333333334,6.0,0.0,-2.0,-1.6666666666666667,1,2024,23,2024_23,Fernando Alonso
19,19.0,0.0,14.333333333333334,2.5166114784235836,16.0,1.6666666666666667,16.5,13.666666666666666,10.0,0.0,0.0,3.0,0,2024,23,2024_23,Franco Colapinto
1,2.0,-1.0,3.3333333333333335,2.081665999466134,2.6666666666666665,-0.6666666666666666,4.333333333333333,6.666666666666667,4.0,0.0,-2.0,-0.6666666666666666,-3,2024,23,2024_23,George Russell
12,12.0,0.0,14.333333333333334,1.1547005383792517,17.666666666666668,3.3333333333333335,14.666666666666666,16.333333333333332,9.0,0.0,10.0,2.6666666666666665,4,2024,23,2024_23,Guanyu Zhou
10,10.0,0.0,10.0,2.6457513110645894,9.333333333333334,-0.6666666666666666,11.333333333333334,12.333333333333334,14.0,0.0,4.0,-1.0,1,2024,23,2024_23,Kevin Magnussen
15,15.0,0.0,15.0,3.9999999999999996,14.666666666666666,-0.3333333333333333,14.666666666666666,13.833333333333334,11.0,0.0,5.0,-1.0,-3,2024,23,2024_23,Lance Stroll
3,3.0,0.0,4.666666666666667,2.3094010767585047,3.3333333333333335,-1.3333333333333333,6.166666666666667,7.166666666666667,3.0,0.0,7.0,-1.3333333333333333,-7,2024,23,2024_23,Lando Norris
6,6.0,0.0,5.333333333333333,4.16333199893227,10.666666666666666,5.333333333333333,4.333333333333333,6.666666666666667,19.0,0.0,-16.0,4.666666666666667,-6,2024,23,2024_23,Lewis Hamilton
17,17.0,0.0,13.666666666666666,4.041451884327381,10.666666666666666,-3.0,12.833333333333334,8.833333333333334,17.0,0.0,0.0,-3.3333333333333335,3,2024,23,2024_23,Liam Lawson
2,1.0,1.0,4.0,2.6457513110645907,6.333333333333333,2.3333333333333335,8.333333333333334,11.0,1.0,0.0,0.0,4.0,1,2024,23,2024_23,Max Verstappen
18,18.0,0.0,12.333333333333334,6.6583281184793925,12.666666666666666,0.3333333333333333,11.333333333333334,12.333333333333334,16.0,0.0,-2.0,0.0,2,2024,23,2024_23,Nico Hülkenberg
4,4.0,0.0,7.666666666666667,0.5773502691896258,11.0,3.3333333333333335,6.166666666666667,7.166666666666667,2.0,0.0,4.0,3.3333333333333335,1,2024,23,2024_23,Oscar Piastri
11,11.0,0.0,11.0,8.544003745317532,8.666666666666666,-2.3333333333333335,10.833333333333334,10.0,12.0,0.0,-5.0,-3.0,6,2024,23,2024_23,Pierre Gasly
9,9.0,0.0,12.666666666666666,3.7859388972001815,15.666666666666666,3.0,8.333333333333334,11.0,10.0,0.0,10.0,2.3333333333333335,-8,2024,23,2024_23,Sergio Pérez
13,13.0,0.0,15.0,2.6457513110645903,15.0,0.0,14.666666666666666,16.333333333333332,8.0,0.0,1.0,0.0,2,2024,23,2024_23,Valtteri Bottas
14,14.0,0.0,12.0,6.999999999999999,7.0,-5.0,12.833333333333334,8.833333333333334,15.0,0.0,-4.0,-5.0,1,2024,23,2024_23,Yuki Tsunoda
18,16.0,2.0,17.333333333333332,2.0816659994661317,13.666666666666666,-3.6666666666666665,17.0,15.333333333333334,13.5,0.0,3.0,-4.0,7,2024,24,2024_24,Alexander Albon
3,3.0,0.0,8.333333333333334,6.806859285554047,7.666666666666667,-0.6666666666666666,6.0,6.333333333333333,11.0,0.0,-1.0,1.3333333333333333,1,2024,24,2024_24,Carlos Sainz
19,14.0,5.0,3.6666666666666665,1.5275252316519463,5.0,1.3333333333333333,6.0,6.333333333333333,2.0,0.0,0.5,1.3333333333333333,16,2024,24,2024_24,Charles Leclerc
8,8.0,0.0,10.666666666666666,3.511884584284245,11.333333333333334,0.6666666666666666,14.0,13.166666666666666,13.5,0.0,-5.0,0.3333333333333333,-1,2024,24,2024_24,Fernando Alonso
20,19.0,1.0,16.666666666666668,2.516611478423583,17.0,0.3333333333333333,17.0,15.333333333333334,10.0,0.0,0.0,1.6666666666666667,1,2024,24,2024_24,Franco Colapinto
6,7.0,-1.0,3.0,1.7320508075688794,1.6666666666666667,-1.3333333333333333,5.5,6.166666666666667,4.0,0.0,1.0,-1.6666666666666667,1,2024,24,2024_24,George Russell
15,17.0,-2.0,12.0,3.605551275463989,15.0,3.0,13.0,14.666666666666666,14.5,0.0,2.5,2.6666666666666665,2,2024,24,2024_24,Guanyu Zhou
17,20.0,-3.0,11.333333333333334,3.0550504633038913,11.333333333333334,0.3333333333333333,11.166666666666666,10.666666666666666,10.0,0.0,0.0,0.3333333333333333,2,2024,24,2024_24,Jack Doohan
14,15.0,-1.0,9.333333333333334,2.516611478423582,9.666666666666666,0.3333333333333333,12.833333333333334,14.166666666666666,18.5,0.0,-2.0,0.3333333333333333,-2,2024,24,2024_24,Kevin Magnussen
13,13.0,0.0,17.333333333333332,2.081665999466132,15.0,-2.3333333333333335,14.0,13.166666666666666,9.0,0.0,4.5,-3.0,-1,2024,24,2024_24,Lance Stroll
1,1.0,0.0,7.333333333333333,2.3094010767585034,3.3333333333333335,-4.0,6.666666666666667,5.0,5.5,0.0,0.5,-4.0,0,2024,24,2024_24,Lando Norris
16,18.0,-2.0,8.0,5.291502622129183,10.666666666666666,2.6666666666666665,5.5,6.166666666666667,13.5,0.0,-5.5,2.0,12,2024,24,2024_24,Lewis Hamilton
12,12.0,0.0,13.0,3.6055512754639896,12.333333333333334,-0.6666666666666666,11.333333333333334,10.166666666666666,10.0,0.0,0.0,-1.0,-5,2024,24,2024_24,Liam Lawson
4,5.0,-1.0,2.3333333333333335,2.309401076758503,6.0,3.6666666666666665,7.5,9.333333333333334,1.0,0.0,0.0,5.666666666666667,-2,2024,24,2024_24,Max Verstappen
7,4.0,3.0,14.666666666666666,6.110100926607786,15.333333333333334,0.6666666666666666,12.833333333333334,14.166666666666666,15.0,0.0,-7.0,0.3333333333333333,-1,2024,24,2024_24,Nico Hülkenberg
2,2.0,0.0,6.0,2.6457513110645907,6.666666666666667,0.6666666666666666,6.666666666666667,5.0,6.0,0.0,-3.0,0.6666666666666666,-8,2024,24,2024_24,Oscar Piastri
5,6.0,-1.0,9.333333333333334,9.29157324317757,9.666666666666666,0.3333333333333333,11.166666666666666,10.666666666666666,13.5,0.0,0.0,-0.3333333333333333,-2,2024,24,2024_24,Pierre Gasly
10,10.0,0.0,12.666666666666666,3.7859388972001815,12.666666666666666,0.0,7.5,9.333333333333334,3.5,0.0,2.0,-0.6666666666666666,-10,2024,24,2024_24,Sergio Pérez
9,9.0,0.0,14.0,3.605551275463989,14.333333333333334,0.3333333333333333,13.0,14.666666666666666,17.0,0.0,1.0,0.3333333333333333,-9,2024,24,2024_24,Valtteri Bottas
11,11.0,0.0,9.666666666666666,3.0550504633038913,8.0,-1.6666666666666667,11.333333333333334,10.166666666666666,9.5,0.0,-1.0,-1.6666666666666667,-1,2024,24,2024_24,Yuki Tsunoda
6,6.0,0.0,15.0,3.999999999999999,16.666666666666668,1.6666666666666667,16.166666666666668,17.0,13.333333333333334,0.0,0.0,2.0,1,2025,1,2025_1,Alexander Albon
16,16.0,0.0,11.333333333333334,3.0550504633038913,11.333333333333334,0.3333333333333333,4.666666666666667,7.333333333333333,10.0,0.0,0.0,0.3333333333333333,12,2025,1,2025_1,Andrea Kimi Antonelli
10,10.0,0.0,3.6666666666666665,2.081665999466132,4.0,0.3333333333333333,16.166666666666668,17.0,11.0,0.0,-5.666666666666667,0.3333333333333333,-8,2025,1,2025_1,Carlos Sainz
7,7.0,0.0,3.0,1.0000000000000004,7.666666666666667,4.666666666666667,3.3333333333333335,5.833333333333333,7.666666666666667,0.0,-3.6666666666666665,6.333333333333333,-1,2025,1,2025_1,Charles Leclerc
19,19.0,0.0,13.0,9.643650760992955,11.666666666666666,-1.3333333333333333,11.5,11.333333333333334,12.333333333333334,0.0,-1.0,-1.3333333333333333,6,2025,1,2025_1,Esteban Ocon
12,12.0,0.0,9.0,1.9999999999999956,11.0,2.0,12.333333333333334,13.5,9.333333333333334,0.0,-1.3333333333333333,1.6666666666666667,-5,2025,1,2025_1,Fernando Alonso
15,15.0,0.0,11.333333333333334,3.0550504633038913,11.333333333333334,0.3333333333333333,13.5,13.833333333333334,10.0,0.0,0.0,0.3333333333333333,-1,2025,1,2025_1,Gabriel Bortoleto
4,4.0,0.0,3.3333333333333335,2.081665999466134,3.3333333333333335,0.0,4.666666666666667,7.333333333333333,12.666666666666666,0.0,-7.666666666666667,-0.6666666666666666,1,2025,1,2025_1,George Russell
11,11.0,0.0,11.333333333333334,3.0550504633038913,11.333333333333334,0.3333333333333333,13.5,12.666666666666666,10.0,0.0,0.0,0.3333333333333333,-9,2025,1,2025_1,Isack Hadjar
14,14.0,0.0,15.0,3.0550504633038913,20.0,5.0,14.0,11.833333333333334,10.0,0.0,0.0,2.0,-5,2025,1,2025_1,Jack Doohan
13,13.0,0.0,15.666666666666666,2.0816659994661317,16.0,0.3333333333333333,12.333333333333334,13.5,7.333333333333333,0.0,4.0,-0.3333333333333333,7,2025,1,2025_1,Lance Stroll
1,1.0,0.0,5.666666666666667,4.509249752822894,3.3333333333333335,-2.3333333333333335,6.166666666666667,4.0,4.666666666666667,0.0,2.0,-2.3333333333333335,0,2025,1,2025_1,Lando Norris
8,8.0,0.0,6.0,5.291502622129184,11.333333333333334,5.333333333333333,3.3333333333333335,5.833333333333333,8.0,0.0,-1.6666666666666667,4.666666666666667,-2,2025,1,2025_1,Lewis Hamilton
18,18.0,0.0,15.666666666666666,1.5275252316519474,14.666666666666666,-1.0,9.833333333333334,7.666666666666667,10.0,0.0,0.0,-1.3333333333333333,3,2025,1,2025_1,Liam Lawson
3,3.0,0.0,4.0,2.6457513110645907,3.6666666666666665,-0.3333333333333333,9.833333333333334,7.666666666666667,12.666666666666666,0.0,-11.333333333333334,-0.3333333333333333,1,2025,1,2025_1,Max Verstappen
17,17.0,0.0,10.666666666666666,4.618802153517005,10.333333333333334,-0.3333333333333333,13.5,13.833333333333334,8.0,0.0,5.0,0.6666666666666666,10,2025,1,2025_1,Nico Hülkenberg
20,20.0,0.0,9.666666666666666,2.5166114784235836,13.0,3.3333333333333335,11.5,11.333333333333334,10.0,0.0,0.0,2.3333333333333335,6,2025,1,2025_1,Oliver Bearman
2,2.0,0.0,6.666666666666667,3.511884584284246,4.666666666666667,-2.0,6.166666666666667,4.0,6.0,0.0,4.5,-2.0,-7,2025,1,2025_1,Oscar Piastri
9,9.0,0.0,10.666666666666666,8.144527815247079,6.666666666666667,-4.0,14.0,11.833333333333334,11.666666666666666,0.0,0.6666666666666666,-4.333333333333333,-2,2025,1,2025_1,Pierre Gasly
5,5.0,0.0,11.333333333333334,2.08166599946613,10.666666666666666,-0.6666666666666666,13.5,12.666666666666666,10.666666666666666,0.0,0.3333333333333333,-0.6666666666666666,-7,2025,1,2025_1,Yuki Tsunoda
10,10.0,0.0,10.333333333333334,5.033222956847166,12.666666666666666,2.3333333333333335,14.5,14.333333333333334,12.0,0.0,2.0,3.0,3,2025,2,2025_2,Alexander Albon
8,8.0,0.0,4.0,3.0550504633038913,16.0,12.0,5.333333333333333,8.833333333333334,10.0,0.0,0.0,12.0,2,2025,2,2025_2,Andrea Kimi Antonelli
15,15.0,0.0,8.666666666666666,8.326663997864532,6.666666666666667,-2.0,14.5,14.333333333333334,5.0,0.0,2.0,-2.0,5,2025,2,2025_2,Carlos Sainz
6,6.0,0.0,4.333333333333333,3.214550253664318,8.666666666666666,4.333333333333333,5.166666666666667,7.333333333333333,4.0,0.0,2.0,6.0,-12,2025,2,2025_2,Charles Leclerc
11,11.0,0.0,16.666666666666668,3.5118845842842465,16.666666666666668,0.0,12.666666666666666,14.333333333333334,11.0,0.0,2.0,0.0,6,2025,2,2025_2,Esteban Ocon
13,13.0,0.0,11.0,5.2915026221291805,9.333333333333334,-1.6666666666666667,11.833333333333334,11.5,7.0,0.0,-4.0,-1.6666666666666667,-4,2025,2,2025_2,Fernando Alonso
19,19.0,0.0,16.0,3.0550504633038913,15.0,-1.0,12.166666666666666,13.833333333333334,10.0,0.0,0.0,-1.0,5,2025,2,2025_2,Gabriel Bortoleto
2,2.0,0.0,4.0,1.0000000000000016,4.333333333333333,0.3333333333333333,5.333333333333333,8.833333333333334,6.0,0.0,2.0,-0.3333333333333333,-1,2025,2,2025_2,George Russell
7,7.0,0.0,20.0,3.0550504633038913,11.0,-9.0,14.666666666666666,11.666666666666666,10.0,0.0,0.0,-9.0,-4,2025,2,2025_2,Isack Hadjar
18,18.0,0.0,17.0,2.8284271247461903,17.0,0.0,12.833333333333334,13.333333333333334,10.0,0.0,0.0,-1.5,5,2025,2,2025_2,Jack Doohan
14,14.0,0.0,12.666666666666666,6.110100926607786,13.666666666666666,1.0,11.833333333333334,11.5,15.0,0.0,-4.0,1.0,5,2025,2,2025_2,Lance Stroll
3,3.0,0.0,4.0,5.196152422706631,1.6666666666666667,-2.3333333333333335,5.666666666666667,2.1666666666666665,2.0,0.0,2.0,-2.3333333333333335,1,2025,2,2025_2,Lando Norris
5,5.0,0.0,8.666666666666666,4.163331998932267,10.666666666666666,2.0,5.166666666666667,7.333333333333333,9.0,0.0,9.0,1.3333333333333333,-14,2025,2,2025_2,Lewis Hamilton
20,20.0,0.0,15.333333333333334,1.5275252316519474,15.666666666666666,0.3333333333333333,10.166666666666666,7.666666666666667,10.0,0.0,0.0,0.3333333333333333,8,2025,2,2025_2,Liam Lawson
4,4.0,0.0,3.0,2.6457513110645903,3.0,0.0,10.166666666666666,7.666666666666667,1.0,0.0,0.0,0.0,0,2025,2,2025_2,Max Verstappen
12,12.0,0.0,10.333333333333334,4.932882862316247,13.0,2.6666666666666665,12.166666666666666,13.833333333333334,10.0,0.0,-1.0,3.6666666666666665,-3,2025,2,2025_2,Nico Hülkenberg
17,17.0,0.0,12.0,2.0000000000000004,16.0,4.0,12.666666666666666,14.333333333333334,10.0,0.0,0.0,3.0,9,2025,2,2025_2,Oliver Bearman
1,1.0,0.0,7.333333333333333,3.7859388972001824,2.6666666666666665,-4.666666666666667,5.666666666666667,2.1666666666666665,8.0,0.0,-3.0,-4.666666666666667,0,2025,2,2025_2,Oscar Piastri
16,16.0,0.0,7.666666666666667,3.0550504633038935,8.666666666666666,1.0,12.833333333333334,13.333333333333334,13.0,0.0,2.0,0.6666666666666666,-4,2025,2,2025_2,Pierre Gasly
9,9.0,0.0,12.333333333333334,0.5773502691896159,10.0,-2.3333333333333335,14.666666666666666,11.666666666666666,19.0,0.0,0.0,-2.3333333333333335,-7,2025,2,2025_2,Yuki Tsunoda
9,9.0,0.0,7.666666666666667,3.055050463303893,10.666666666666666,3.0,11.666666666666666,12.666666666666666,18.666666666666668,0.0,-4.333333333333333,3.6666666666666665,0,2025,3,2025_3,Alexander Albon
6,6.0,0.0,5.0,1.4142135623730951,12.0,7.0,4.166666666666667,9.166666666666666,10.0,0.0,0.0,7.0,0,2025,3,2025_3,Andrea Kimi Antonelli
15,12.0,3.0,10.0,8.000000000000002,9.333333333333334,-0.6666666666666666,11.666666666666666,12.666666666666666,9.333333333333334,0.0,-5.0,-0.6666666666666666,1,2025,3,2025_3,Carlos Sainz
4,4.0,0.0,9.666666666666666,7.6376261582597325,9.0,-0.6666666666666666,10.0,7.166666666666667,3.6666666666666665,0.0,1.0,1.0,0,2025,3,2025_3,Charles Leclerc
18,18.0,0.0,12.666666666666666,7.505553499465135,16.666666666666668,4.0,10.666666666666666,14.333333333333334,9.333333333333334,0.0,2.0,4.0,0,2025,3,2025_3,Esteban Ocon
12,13.0,-1.0,14.333333333333334,4.618802153517008,11.0,-3.3333333333333335,12.0,12.166666666666666,7.0,0.0,0.3333333333333333,-3.3333333333333335,1,2025,3,2025_3,Fernando Alonso
17,17.0,0.0,15.0,1.4142135623730951,17.0,2.0,13.833333333333334,14.833333333333334,10.0,0.0,0.0,2.0,-2,2025,3,2025_3,Gabriel Bortoleto
5,5.0,0.0,3.6666666666666665,1.1547005383792535,4.333333333333333,0.6666666666666666,4.166666666666667,9.166666666666666,7.333333333333333,0.0,1.0,0.3333333333333333,0,2025,3,2025_3,George Russell
7,7.0,0.0,15.5,6.363961030678928,9.0,-6.5,14.666666666666666,9.166666666666666,10.0,0.0,0.0,-6.5,-1,2025,3,2025_3,Isack Hadjar
19,19.0,0.0,15.666666666666666,3.055050463303893,17.333333333333332,1.6666666666666667,14.166666666666666,13.833333333333334,10.0,0.0,0.0,0.6666666666666666,4,2025,3,2025_3,Jack Doohan
20,20.0,0.0,9.666666666666666,4.041451884327379,13.333333333333334,3.6666666666666665,12.0,12.166666666666666,14.0,0.0,3.3333333333333335,3.6666666666666665,0,2025,3,2025_3,Lance Stroll
2,2.0,0.0,1.3333333333333333,0.5773502691896258,1.6666666666666667,0.3333333333333333,4.0,1.6666666666666667,5.666666666666667,0.0,-0.3333333333333333,0.3333333333333333,0,2025,3,2025_3,Lando Norris
8,8.0,0.0,11.0,7.54983443527075,10.333333333333334,-0.6666666666666666,10.0,7.166666666666667,6.333333333333333,0.0,0.3333333333333333,-1.3333333333333333,1,2025,3,2025_3,Lewis Hamilton
13,14.0,-1.0,14.666666666666666,2.5166114784235836,16.666666666666668,2.0,14.666666666666666,9.166666666666666,11.0,0.0,0.0,2.0,-4,2025,3,2025_3,Liam Lawson
1,1.0,0.0,4.0,2.0,4.0,0.0,9.833333333333334,10.0,1.0,0.0,0.0,-0.3333333333333333,0,2025,3,2025_3,Max Verstappen
16,16.0,0.0,10.0,4.358898943540673,11.0,1.0,13.833333333333334,14.833333333333334,12.5,0.0,2.5,2.0,0,2025,3,2025_3,Nico Hülkenberg
10,10.0,0.0,11.333333333333334,3.055050463303894,18.0,6.666666666666667,10.666666666666666,14.333333333333334,10.0,0.0,0.0,6.0,0,2025,3,2025_3,Oliver Bearman
3,3.0,0.0,6.666666666666667,4.932882862316247,1.6666666666666667,-5.0,4.0,1.6666666666666667,5.5,0.0,-1.5,-5.0,0,2025,3,2025_3,Oscar Piastri
11,11.0,0.0,12.666666666666666,6.658328118479393,10.333333333333334,-2.3333333333333335,14.166666666666666,13.833333333333334,14.666666666666666,0.0,0.6666666666666666,-2.6666666666666665,-2,2025,3,2025_3,Pierre Gasly
14,15.0,-1.0,13.333333333333334,2.309401076758503,8.333333333333334,-5.0,9.833333333333334,10.0,11.666666666666666,0.0,-1.0,-5.0,2,2025,3,2025_3,Yuki Tsunoda
15,15.0,0.0,7.0,1.9999999999999996,8.333333333333334,1.3333333333333333,10.5,10.333333333333334,12.666666666666666,0.0,1.3333333333333333,1.3333333333333333,3,2025,4,2025_4,Alexander Albon
5,4.0,1.0,5.333333333333333,1.1547005383792517,10.0,4.666666666666667,4.5,6.833333333333333,10.0,0.0,0.0,4.666666666666667,-6,2025,4,2025_4,Andrea Kimi Antonelli
8,8.0,0.0,14.0,4.000000000000006,12.333333333333334,-1.6666666666666667,10.5,10.333333333333334,3.0,0.0,0.6666666666666666,-0.6666666666666666,-11,2025,4,2025_4,Carlos Sainz
2,3.0,-1.0,10.0,7.211102550927977,5.666666666666667,-4.333333333333333,11.0,6.333333333333333,8.0,0.0,-6.0,-4.333333333333333,-2,2025,4,2025_4,Charles Leclerc
14,14.0,0.0,12.0,6.557438524302,16.0,4.0,11.333333333333334,15.833333333333334,14.0,0.0,-1.0,4.0,6,2025,4,2025_4,Esteban Ocon
13,13.0,0.0,15.0,3.4641016151377544,12.666666666666666,-2.3333333333333335,13.333333333333334,14.166666666666666,7.0,0.0,-0.6666666666666666,-2.6666666666666665,-2,2025,4,2025_4,Fernando Alonso
18,18.0,0.0,16.333333333333332,2.5166114784235836,17.0,0.6666666666666666,14.5,16.0,10.0,0.0,0.0,0.6666666666666666,0,2025,4,2025_4,Gabriel Bortoleto
3,2.0,1.0,3.6666666666666665,1.1547005383792517,3.6666666666666665,0.0,4.5,6.833333333333333,5.333333333333333,0.0,0.6666666666666666,0.0,1,2025,4,2025_4,George Russell
12,12.0,0.0,13.0,6.244997998398398,8.333333333333334,-4.666666666666667,14.0,8.833333333333334,10.0,0.0,0.0,-4.666666666666667,-1,2025,4,2025_4,Isack Hadjar
11,11.0,0.0,15.666666666666666,3.055050463303893,17.0,1.3333333333333333,15.166666666666666,14.5,10.0,0.0,0.0,1.3333333333333333,-3,2025,4,2025_4,Jack Doohan
19,19.0,0.0,11.666666666666666,7.371114795831993,15.666666666666666,4.0,13.333333333333334,14.166666666666666,9.333333333333334,0.0,3.6666666666666665,4.0,2,2025,4,2025_4,Lance Stroll
6,6.0,0.0,1.6666666666666667,0.5773502691896258,2.0,0.3333333333333333,3.0,2.0,12.666666666666666,0.0,-2.3333333333333335,0.3333333333333333,3,2025,4,2025_4,Lando Norris
9,9.0,0.0,12.0,6.244997998398397,7.0,-5.0,11.0,6.333333333333333,5.0,0.0,2.0,-5.0,4,2025,4,2025_4,Lewis Hamilton
17,17.0,0.0,14.666666666666666,2.5166114784235836,17.333333333333332,2.6666666666666665,14.0,8.833333333333334,10.0,0.0,0.0,2.3333333333333335,1,2025,4,2025_4,Liam Lawson
7,7.0,0.0,2.3333333333333335,1.5275252316519456,2.6666666666666665,0.3333333333333333,7.666666666666667,10.166666666666666,7.0,0.0,-5.666666666666667,0.3333333333333333,1,2025,4,2025_4,Max Verstappen
16,16.0,0.0,12.666666666666666,4.932882862316247,15.0,2.3333333333333335,14.5,16.0,16.0,0.0,-3.6666666666666665,2.3333333333333335,-4,2025,4,2025_4,Nico Hülkenberg
20,20.0,0.0,10.666666666666666,3.0550504633038935,15.666666666666666,5.0,11.333333333333334,15.833333333333334,10.0,0.0,0.0,5.0,10,2025,4,2025_4,Oliver Bearman
1,1.0,0.0,4.333333333333333,4.163331998932265,2.0,-2.3333333333333335,3.0,2.0,14.0,0.0,-1.0,-2.3333333333333335,0,2025,4,2025_4,Oscar Piastri
4,5.0,-1.0,14.666666666666666,4.72581562625261,12.0,-2.6666666666666665,15.166666666666666,14.5,15.666666666666666,0.0,1.0,-2.6666666666666665,-3,2025,4,2025_4,Pierre Gasly
10,10.0,0.0,13.333333333333334,2.309401076758503,9.666666666666666,-3.6666666666666665,7.666666666666667,10.166666666666666,11.0,0.0,2.6666666666666665,-4.0,1,2025,4,2025_4,Yuki Tsunoda
11,11.0,0.0,9.333333333333334,2.5166114784235827,11.333333333333334,2.0,11.833333333333334,11.5,14.666666666666666,-0.3333333333333333,0.3333333333333333,2.0,2,2025,5,2025_5,Alexander Albon
5,5.0,0.0,7.666666666666667,2.8867513459481287,6.0,-1.6666666666666667,5.5,4.5,10.0,-0.3333333333333333,0.0,-1.3333333333333333,-1,2025,5,2025_5,Andrea Kimi Antonelli
6,6.0,0.0,14.333333333333334,4.5092497528229005,11.666666666666666,-2.6666666666666665,11.833333333333334,11.5,4.5,-0.3333333333333333,-1.0,-1.6666666666666667,-2,2025,5,2025_5,Carlos Sainz
4,4.0,0.0,8.666666666666666,8.082903768654761,4.333333333333333,-4.333333333333333,9.5,5.833333333333333,4.0,-0.3333333333333333,1.3333333333333333,-4.666666666666667,1,2025,5,2025_5,Charles Leclerc
19,19.0,0.0,10.333333333333334,6.8068592855540455,14.333333333333334,4.0,9.833333333333334,15.0,9.0,-0.3333333333333333,0.3333333333333333,4.0,5,2025,5,2025_5,Esteban Ocon
13,13.0,0.0,14.333333333333334,3.055050463303893,13.0,-1.3333333333333333,14.833333333333334,15.333333333333334,8.0,-0.3333333333333333,-3.6666666666666665,-1.6666666666666667,2,2025,5,2025_5,Fernando Alonso
20,20.0,0.0,17.0,2.645751311064591,18.0,1.0,17.0,16.333333333333332,10.0,-0.3333333333333333,0.0,1.0,2,2025,5,2025_5,Gabriel Bortoleto
3,3.0,0.0,3.3333333333333335,1.5275252316519468,3.0,-0.3333333333333333,5.5,4.5,5.0,-0.3333333333333333,0.3333333333333333,0.0,-2,2025,5,2025_5,George Russell
14,14.0,0.0,10.666666666666666,2.5166114784235836,8.666666666666666,-2.0,13.5,11.0,10.0,-0.3333333333333333,0.0,-2.0,4,2025,5,2025_5,Isack Hadjar
17,17.0,0.0,14.0,0.9999999999999982,16.0,2.0,13.666666666666666,13.333333333333334,10.0,-0.3333333333333333,0.0,2.0,0,2025,5,2025_5,Jack Doohan
16,16.0,0.0,15.333333333333334,5.686240703077325,17.666666666666668,2.3333333333333335,14.833333333333334,15.333333333333334,17.333333333333332,-0.3333333333333333,-8.0,2.3333333333333335,0,2025,5,2025_5,Lance Stroll
10,10.0,0.0,2.3333333333333335,0.5773502691896257,3.6666666666666665,1.3333333333333333,2.0,2.6666666666666665,10.666666666666666,-0.3333333333333333,1.3333333333333333,1.3333333333333333,6,2025,5,2025_5,Lando Norris
7,7.0,0.0,10.333333333333334,7.571877794400366,7.333333333333333,-3.0,9.5,5.833333333333333,8.0,-0.3333333333333333,2.0,-3.0,0,2025,5,2025_5,Lewis Hamilton
12,12.0,0.0,15.0,2.6457513110645907,17.0,2.0,13.5,11.0,10.0,-0.3333333333333333,0.0,1.6666666666666667,0,2025,5,2025_5,Liam Lawson
1,1.0,0.0,3.6666666666666665,2.516611478423583,4.0,0.3333333333333333,7.333333333333333,9.5,1.3333333333333333,-0.3333333333333333,5.333333333333333,0.3333333333333333,-1,2025,5,2025_5,Max Verstappen
18,18.0,0.0,17.0,2.64575131106459,14.666666666666666,-2.3333333333333335,17.0,16.333333333333332,11.333333333333334,-0.3333333333333333,2.6666666666666665,-2.3333333333333335,3,2025,5,2025_5,Nico Hülkenberg
15,15.0,0.0,9.333333333333334,1.1547005383792515,15.666666666666666,6.333333333333333,9.833333333333334,15.0,7.0,-0.3333333333333333,4.0,6.333333333333333,2,2025,5,2025_5,Oliver Bearman
2,2.0,0.0,1.6666666666666667,1.1547005383792484,1.6666666666666667,0.0,2.0,2.6666666666666665,9.5,-0.3333333333333333,-3.0,0.0,1,2025,5,2025_5,Oscar Piastri
9,9.0,0.0,13.333333333333334,6.5064070986477125,10.666666666666666,-2.6666666666666665,13.666666666666666,13.333333333333334,12.333333333333334,-0.3333333333333333,-0.3333333333333333,-3.0,-11,2025,5,2025_5,Pierre Gasly
8,8.0,0.0,12.333333333333334,3.5118845842842465,11.333333333333334,-1.0,7.333333333333333,9.5,15.0,-0.3333333333333333,-0.3333333333333333,-1.3333333333333333,-11,2025,5,2025_5,Yuki Tsunoda
7,7.0,0.0,10.0,1.7320508075688763,11.666666666666666,1.6666666666666667,11.833333333333334,10.166666666666666,13.666666666666666,-0.3833333333333333,0.6666666666666666,1.6666666666666667,2,2025,6,2025_6,Alexander Albon
3,3.0,0.0,7.666666666666667,2.8867513459481287,5.0,-2.6666666666666665,5.833333333333333,4.166666666666667,10.0,-0.3833333333333333,0.0,-2.3333333333333335,-3,2025,6,2025_6,Andrea Kimi Antonelli
6,6.0,0.0,13.666666666666666,5.507570547286107,8.666666666666666,-5.0,11.833333333333334,10.166666666666666,4.333333333333333,-0.3833333333333333,-1.6666666666666667,-4.0,-3,2025,6,2025_6,Carlos Sainz
8,8.0,0.0,3.6666666666666665,0.5773502691896257,3.6666666666666665,0.0,5.0,5.833333333333333,4.0,-0.3833333333333333,-0.6666666666666666,-0.3333333333333333,1,2025,6,2025_6,Charles Leclerc
9,9.0,0.0,13.333333333333334,5.033222956847165,17.0,3.6666666666666665,12.166666666666666,16.0,9.0,-0.3833333333333333,4.666666666666667,3.6666666666666665,-3,2025,6,2025_6,Esteban Ocon
17,17.0,0.0,12.333333333333334,2.3094010767585034,13.0,0.6666666666666666,15.0,15.666666666666666,7.666666666666667,-0.3833333333333333,1.6666666666666667,0.3333333333333333,2,2025,6,2025_6,Fernando Alonso
13,13.0,0.0,18.333333333333332,0.5773502691896278,18.333333333333332,0.0,17.666666666666668,17.5,10.0,-0.3833333333333333,0.0,0.0,-5,2025,6,2025_6,Gabriel Bortoleto
5,5.0,0.0,4.0,1.7320508075688774,3.3333333333333335,-0.6666666666666666,5.833333333333333,4.166666666666667,5.666666666666667,-0.3833333333333333,2.6666666666666665,-0.3333333333333333,2,2025,6,2025_6,George Russell
11,11.0,0.0,10.333333333333334,2.5166114784235836,11.0,0.6666666666666666,12.666666666666666,12.666666666666666,10.0,-0.3833333333333333,0.0,0.6666666666666666,0,2025,6,2025_6,Isack Hadjar
14,14.0,0.0,15.333333333333334,1.5275252316519452,15.666666666666666,0.3333333333333333,14.333333333333334,12.0,10.0,-0.3833333333333333,0.0,0.3333333333333333,-6,2025,6,2025_6,Jack Doohan
18,19.0,-1.0,17.666666666666668,2.081665999466128,18.333333333333332,0.6666666666666666,15.0,15.666666666666666,13.0,-0.3833333333333333,-3.3333333333333335,0.6666666666666666,2,2025,6,2025_6,Lance Stroll
2,2.0,0.0,3.0,0.9999999999999999,6.0,3.0,2.3333333333333335,4.0,12.333333333333334,-0.3833333333333333,-2.6666666666666665,3.0,0,2025,6,2025_6,Lando Norris
12,12.0,0.0,6.333333333333333,1.1547005383792805,8.0,1.6666666666666667,5.0,5.833333333333333,6.0,-0.3833333333333333,3.0,1.6666666666666667,4,2025,6,2025_6,Lewis Hamilton
15,15.0,0.0,15.0,2.6457513110645907,14.333333333333334,-0.6666666666666666,12.666666666666666,12.666666666666666,10.0,-0.3833333333333333,0.0,-1.0,-2,2025,6,2025_6,Liam Lawson
1,1.0,0.0,3.0,2.6457513110645903,3.0,0.0,8.166666666666666,7.0,1.3333333333333333,-0.3833333333333333,3.0,0.0,-3,2025,6,2025_6,Max Verstappen
16,16.0,0.0,17.0,2.64575131106459,16.666666666666668,-0.3333333333333333,17.666666666666668,17.5,13.0,-0.3833333333333333,-2.5,-0.3333333333333333,2,2025,6,2025_6,Nico Hülkenberg
19,20.0,-1.0,11.0,1.7320508075688772,15.0,4.0,12.166666666666666,16.0,10.0,-0.3833333333333333,0.0,4.0,0,2025,6,2025_6,Oliver Bearman
4,4.0,0.0,1.6666666666666667,1.1547005383792484,2.0,0.3333333333333333,2.3333333333333335,4.0,16.0,-0.3833333333333333,-3.5,0.3333333333333333,3,2025,6,2025_6,Oscar Piastri
20,18.0,2.0,13.333333333333334,6.5064070986477125,8.333333333333334,-5.0,14.333333333333334,12.0,12.666666666666666,-0.3833333333333333,-4.666666666666667,-5.333333333333333,7,2025,6,2025_6,Pierre Gasly
10,10.0,0.0,13.333333333333334,5.131601439446884,11.0,-2.3333333333333335,8.166666666666666,7.0,10.0,-0.3833333333333333,2.0,-2.6666666666666665,0,2025,6,2025_6,Yuki Tsunoda
7,7.0,0.0,8.666666666666666,3.5118845842842457,11.0,2.3333333333333335,10.333333333333334,8.833333333333334,15.5,-0.5,0.5,2.3333333333333335,2,2025,7,2025_7,Alexander Albon
13,13.0,0.0,7.666666666666667,2.8867513459481287,4.0,-3.6666666666666665,5.5,3.6666666666666665,10.0,-0.5,0.0,-3.3333333333333335,-6,2025,7,2025_7,Andrea Kimi Antonelli
6,6.0,0.0,12.0,6.082762530298224,6.666666666666667,-5.333333333333333,10.333333333333334,8.833333333333334,12.5,-0.5,-8.5,-5.333333333333333,-2,2025,7,2025_7,Carlos Sainz
11,11.0,0.0,4.666666666666667,2.0816659994661326,5.0,0.3333333333333333,5.666666666666667,7.166666666666667,4.5,-0.5,-2.0,0.0,5,2025,7,2025_7,Charles Leclerc
18,18.0,0.0,11.333333333333334,3.055050463303892,14.0,2.6666666666666665,12.666666666666666,16.166666666666668,14.0,-0.5,0.0,2.6666666666666665,-2,2025,7,2025_7,Esteban Ocon
5,5.0,0.0,13.666666666666666,2.3094010767585034,14.333333333333334,0.6666666666666666,15.0,16.166666666666668,19.0,-0.5,-4.5,0.6666666666666666,-6,2025,7,2025_7,Fernando Alonso
16,15.0,1.0,17.333333333333332,2.886751345948129,17.333333333333332,0.0,15.166666666666666,12.333333333333334,10.0,-0.5,0.0,2.3333333333333335,0,2025,7,2025_7,Franco Colapinto
14,14.0,0.0,18.0,0.0,17.0,-1.0,17.166666666666668,16.833333333333332,10.0,-0.5,0.0,-1.0,-4,2025,7,2025_7,Gabriel Bortoleto
3,3.0,0.0,3.3333333333333335,1.5275252316519468,3.3333333333333335,0.0,5.5,3.6666666666666665,5.5,-0.5,3.0,0.3333333333333333,-4,2025,7,2025_7,George Russell
9,9.0,0.0,11.333333333333334,1.5275252316519468,12.333333333333334,1.0,13.166666666666666,13.5,10.0,-0.5,0.0,1.0,0,2025,7,2025_7,Isack Hadjar
8,8.0,0.0,16.333333333333332,0.5773502691896101,18.0,1.6666666666666667,15.0,16.166666666666668,9.5,-0.5,4.5,1.3333333333333333,-7,2025,7,2025_7,Lance Stroll
4,4.0,0.0,3.0,0.9999999999999999,6.0,3.0,2.0,4.166666666666667,2.5,-0.5,1.0,3.0,2,2025,7,2025_7,Lando Norris
12,12.0,0.0,6.666666666666667,1.5275252316519672,9.333333333333334,2.6666666666666665,5.666666666666667,7.166666666666667,9.5,-0.5,1.5,2.6666666666666665,8,2025,7,2025_7,Lewis Hamilton
15,16.0,-1.0,15.0,2.6457513110645907,14.666666666666666,-0.3333333333333333,13.166666666666666,13.5,10.0,-0.5,0.0,-0.3333333333333333,1,2025,7,2025_7,Liam Lawson
2,2.0,0.0,4.0,1.9999999999999996,3.0,-1.0,8.333333333333334,6.166666666666667,1.0,-0.5,0.0,-1.0,1,2025,7,2025_7,Max Verstappen
17,17.0,0.0,16.333333333333332,3.2145502536643176,16.666666666666668,0.3333333333333333,17.166666666666668,16.833333333333332,11.0,-0.5,-1.0,0.3333333333333333,5,2025,7,2025_7,Nico Hülkenberg
19,16.0,3.0,14.0,4.58257569495584,18.333333333333332,4.333333333333333,12.666666666666666,16.166666666666668,10.0,-0.5,0.0,4.0,2,2025,7,2025_7,Oliver Bearman
1,1.0,0.0,1.0,0.0,2.3333333333333335,1.3333333333333333,2.0,4.166666666666667,4.0,-0.5,1.0,1.3333333333333333,-2,2025,7,2025_7,Oscar Piastri
10,10.0,0.0,13.333333333333334,6.5064070986477125,10.666666666666666,-2.6666666666666665,15.166666666666666,12.333333333333334,14.0,-0.5,2.0,-2.3333333333333335,-3,2025,7,2025_7,Pierre Gasly
20,20.0,0.0,12.666666666666666,5.507570547286102,9.333333333333334,-3.3333333333333335,8.333333333333334,6.166666666666667,8.5,-0.5,1.0,-3.3333333333333335,10,2025,7,2025_7,Yuki Tsunoda
10,10.0,0.0,6.333333333333333,2.309401076758501,8.333333333333334,2.0,7.333333333333333,7.166666666666667,13.666666666666666,0.0,-1.0,2.0,1,2025,8,2025_8,Alexander Albon
15,15.0,0.0,10.333333333333334,7.505553499465136,7.0,-3.3333333333333335,7.666666666666667,5.333333333333333,10.0,0.0,0.0,-3.3333333333333335,-3,2025,8,2025_8,Andrea Kimi Antonelli
11,11.0,0.0,8.333333333333334,0.5773502691896492,6.0,-2.3333333333333335,7.333333333333333,7.166666666666667,4.333333333333333,0.0,-1.3333333333333333,-2.3333333333333335,1,2025,8,2025_8,Carlos Sainz
2,2.0,0.0,5.333333333333333,2.0816659994661326,7.666666666666667,2.3333333333333335,5.833333333333333,9.0,3.6666666666666665,0.0,-1.0,2.3333333333333335,0,2025,8,2025_8,Charles Leclerc
8,8.0,0.0,15.333333333333334,4.163331998932264,15.333333333333334,0.0,15.833333333333334,16.166666666666668,10.666666666666666,0.0,-2.6666666666666665,0.0,1,2025,8,2025_8,Esteban Ocon
6,7.0,-1.0,12.333333333333334,2.3094010767585034,11.666666666666666,-0.6666666666666666,14.0,13.0,6.666666666666667,0.0,1.0,-0.6666666666666666,-13,2025,8,2025_8,Fernando Alonso
18,20.0,-2.0,18.0,1.7320508075688772,17.666666666666668,-0.3333333333333333,16.5,13.833333333333334,10.0,0.0,0.0,0.3333333333333333,5,2025,8,2025_8,Franco Colapinto
16,16.0,0.0,18.0,0.0,15.666666666666666,-2.3333333333333335,15.833333333333334,16.333333333333332,10.0,0.0,0.0,-2.3333333333333335,2,2025,8,2025_8,Gabriel Bortoleto
14,14.0,0.0,5.0,2.0,3.6666666666666665,-1.3333333333333333,7.666666666666667,5.333333333333333,5.0,0.0,1.3333333333333333,-1.3333333333333333,3,2025,8,2025_8,George Russell
5,6.0,-1.0,10.0,1.0000000000000004,11.333333333333334,1.3333333333333333,12.166666666666666,12.833333333333334,10.0,0.0,0.0,1.3333333333333333,-1,2025,8,2025_8,Isack Hadjar
19,19.0,0.0,15.666666666666666,0.5773502691896255,14.333333333333334,-1.3333333333333333,14.0,13.0,16.0,0.0,-1.0,-1.6666666666666667,4,2025,8,2025_8,Lance Stroll
1,1.0,0.0,2.6666666666666665,1.1547005383792515,5.333333333333333,2.6666666666666665,2.1666666666666665,3.8333333333333335,6.333333333333333,0.0,0.0,2.6666666666666665,0,2025,8,2025_8,Lando Norris
7,4.0,3.0,6.333333333333333,2.0816659994661486,10.333333333333334,4.0,5.833333333333333,9.0,6.333333333333333,0.0,0.3333333333333333,4.0,2,2025,8,2025_8,Lewis Hamilton
9,9.0,0.0,14.333333333333334,2.5166114784235836,14.333333333333334,0.0,12.166666666666666,12.833333333333334,10.0,0.0,0.0,-0.3333333333333333,1,2025,8,2025_8,Liam Lawson
4,5.0,-1.0,2.3333333333333335,1.5275252316519452,1.3333333333333333,-1.0,7.666666666666667,7.0,3.3333333333333335,0.0,0.3333333333333333,-1.0,0,2025,8,2025_8,Max Verstappen
13,13.0,0.0,13.666666666666666,1.5275252316519425,17.0,3.3333333333333335,15.833333333333334,16.333333333333332,18.0,0.0,0.5,3.3333333333333335,-3,2025,8,2025_8,Nico Hülkenberg
20,17.0,3.0,16.333333333333332,3.0550504633038935,17.0,0.6666666666666666,15.833333333333334,16.166666666666668,10.0,0.0,0.0,1.3333333333333333,8,2025,8,2025_8,Oliver Bearman
3,3.0,0.0,1.6666666666666667,1.1547005383792517,2.3333333333333335,0.6666666666666666,2.1666666666666665,3.8333333333333335,6.0,0.0,0.5,0.6666666666666666,0,2025,8,2025_8,Oscar Piastri
17,18.0,-1.0,15.333333333333334,4.0414518843273814,12.333333333333334,-3.0,16.5,13.833333333333334,9.333333333333334,0.0,2.0,-2.3333333333333335,-3,2025,8,2025_8,Pierre Gasly
12,12.0,0.0,13.0,5.196152422706632,12.666666666666666,-0.3333333333333333,7.666666666666667,7.0,13.333333333333334,0.0,-4.0,-0.3333333333333333,-5,2025,8,2025_8,Yuki Tsunoda
11,11.0,0.0,6.333333333333333,2.3094010767585034,8.0,1.6666666666666667,7.666666666666667,7.833333333333333,17.333333333333332,0.0,1.3333333333333333,1.6666666666666667,-8,2025,9,2025_9,Alexander Albon
6,6.0,0.0,14.333333333333334,7.234178138070237,10.333333333333334,-4.0,10.666666666666666,8.833333333333334,10.0,0.0,0.0,-4.0,-12,2025,9,2025_9,Andrea Kimi Antonelli
17,18.0,-1.0,9.0,1.0000000000000158,7.666666666666667,-1.3333333333333333,7.666666666666667,7.833333333333333,5.0,0.0,-1.3333333333333333,-1.3333333333333333,3,2025,9,2025_9,Carlos Sainz
7,7.0,0.0,5.0,2.6457513110645907,7.0,2.0,5.333333333333333,8.166666666666666,12.0,0.0,-3.6666666666666665,2.0,4,2025,9,2025_9,Charles Leclerc
16,17.0,-1.0,13.0,6.5574385243019995,11.666666666666666,-1.3333333333333333,14.5,14.666666666666666,8.333333333333334,0.0,0.3333333333333333,-1.3333333333333333,0,2025,9,2025_9,Esteban Ocon
10,10.0,0.0,15.0,4.0,9.666666666666666,-5.333333333333333,15.166666666666666,12.5,9.333333333333334,0.0,3.3333333333333335,-5.666666666666667,1,2025,9,2025_9,Fernando Alonso
18,19.0,-1.0,16.0,3.0,18.0,2.0,15.833333333333334,15.833333333333334,10.0,0.0,0.0,2.0,3,2025,9,2025_9,Franco Colapinto
12,12.0,0.0,16.666666666666668,2.3094010767585034,14.333333333333334,-2.3333333333333335,15.333333333333334,14.833333333333334,10.0,0.0,0.0,-2.3333333333333335,0,2025,9,2025_9,Gabriel Bortoleto
4,4.0,0.0,7.0,4.0,7.333333333333333,0.3333333333333333,10.666666666666666,8.833333333333334,3.3333333333333335,0.0,3.3333333333333335,0.3333333333333333,0,2025,9,2025_9,George Russell
9,9.0,0.0,8.666666666666666,2.516611478423583,8.666666666666666,0.0,10.833333333333334,11.0,10.0,0.0,0.0,-0.3333333333333333,2,2025,9,2025_9,Isack Hadjar
2,2.0,0.0,1.6666666666666667,0.5773502691896258,2.3333333333333335,0.6666666666666666,2.0,2.5,9.0,0.0,-4.0,0.6666666666666666,0,2025,9,2025_9,Lando Norris
5,5.0,0.0,5.666666666666667,2.0816659994661504,9.333333333333334,3.6666666666666665,5.333333333333333,8.166666666666666,3.3333333333333335,0.0,1.0,4.666666666666667,-1,2025,9,2025_9,Lewis Hamilton
13,13.0,0.0,13.0,4.58257569495584,13.333333333333334,0.3333333333333333,10.833333333333334,11.0,10.0,0.0,0.0,0.0,2,2025,9,2025_9,Liam Lawson
3,3.0,0.0,3.0,1.7320508075688763,2.6666666666666665,-0.3333333333333333,7.666666666666667,8.333333333333334,1.0,0.0,0.6666666666666666,-0.6666666666666666,-7,2025,9,2025_9,Max Verstappen
15,16.0,-1.0,14.0,1.9999999999999967,15.333333333333334,1.3333333333333333,15.333333333333334,14.833333333333334,13.0,0.0,-3.0,1.3333333333333333,10,2025,9,2025_9,Nico Hülkenberg
14,15.0,-1.0,16.0,3.6055512754639896,17.666666666666668,1.6666666666666667,14.5,14.666666666666666,10.0,0.0,0.0,3.3333333333333335,-3,2025,9,2025_9,Oliver Bearman
1,1.0,0.0,2.3333333333333335,1.1547005383792517,2.6666666666666665,0.3333333333333333,2.0,2.5,10.0,0.0,-1.0,0.3333333333333333,0,2025,9,2025_9,Oscar Piastri
8,8.0,0.0,15.333333333333334,4.041451884327381,15.333333333333334,0.0,15.833333333333334,15.833333333333334,10.666666666666666,0.0,-0.3333333333333333,0.3333333333333333,0,2025,9,2025_9,Pierre Gasly
19,20.0,-1.0,12.333333333333334,4.041451884327381,14.0,1.6666666666666667,7.666666666666667,8.333333333333334,13.666666666666666,0.0,1.3333333333333333,1.6666666666666667,6,2025,9,2025_9,Yuki Tsunoda
9,10.0,-1.0,11.0,7.211102550927978,9.333333333333334,-1.6666666666666667,10.833333333333334,10.5,12.333333333333334,0.0,-2.0,-1.6666666666666667,-11,2025,10,2025_10,Alexander Albon
4,4.0,0.0,18.333333333333332,0.5773502691896502,11.333333333333334,-7.0,12.833333333333334,9.166666666666666,10.0,0.0,0.0,-7.0,1,2025,10,2025_10,Andrea Kimi Antonelli
16,17.0,-1.0,10.666666666666666,3.0550504633039006,11.666666666666666,1.0,10.833333333333334,10.5,7.666666666666667,0.0,1.0,0.6666666666666666,6,2025,10,2025_10,Carlos Sainz
8,8.0,0.0,3.6666666666666665,2.0816659994661326,6.666666666666667,3.0,4.333333333333333,6.833333333333333,9.333333333333334,0.0,4.0,3.0,3,2025,10,2025_10,Charles Leclerc
14,15.0,-1.0,14.333333333333334,6.658328118479392,14.333333333333334,0.0,14.833333333333334,15.166666666666666,8.0,0.0,2.3333333333333335,-0.3333333333333333,5,2025,10,2025_10,Esteban Ocon
6,6.0,0.0,13.0,5.291502622129181,7.333333333333333,-5.666666666666667,13.0,9.833333333333334,5.666666666666667,0.0,-2.3333333333333335,-6.0,-1,2025,10,2025_10,Fernando Alonso
10,12.0,-2.0,14.666666666666666,1.5275252316519468,18.0,3.3333333333333335,14.166666666666666,15.0,10.0,0.0,0.0,2.6666666666666665,-3,2025,10,2025_10,Franco Colapinto
15,16.0,-1.0,14.666666666666666,3.0550504633038935,14.0,-0.6666666666666666,12.833333333333334,14.666666666666666,10.0,0.0,0.0,-0.6666666666666666,1,2025,10,2025_10,Gabriel Bortoleto
1,1.0,0.0,7.333333333333333,3.511884584284246,7.0,-0.3333333333333333,12.833333333333334,9.166666666666666,8.666666666666666,0.0,-4.333333333333333,-0.3333333333333333,0,2025,10,2025_10,George Russell
12,9.0,3.0,7.333333333333333,1.5275252316519456,8.0,0.6666666666666666,9.166666666666666,10.333333333333334,10.0,0.0,0.0,0.3333333333333333,-4,2025,10,2025_10,Isack Hadjar
17,18.0,-1.0,15.333333333333334,0.5773502691896255,15.333333333333334,0.0,13.0,9.833333333333334,8.666666666666666,0.0,5.333333333333333,-0.3333333333333333,0,2025,10,2025_10,Lance Stroll
7,7.0,0.0,1.6666666666666667,0.5773502691896258,2.3333333333333335,0.6666666666666666,2.0,2.0,10.0,0.0,-2.0,0.6666666666666666,-11,2025,10,2025_10,Lando Norris
5,5.0,0.0,5.0,1.0000000000000404,7.0,2.0,4.333333333333333,6.833333333333333,3.3333333333333335,0.0,1.3333333333333333,3.0,-1,2025,10,2025_10,Lewis Hamilton
19,19.0,0.0,11.0,3.0,12.666666666666666,1.6666666666666667,9.166666666666666,10.333333333333334,10.0,0.0,0.0,1.3333333333333333,0,2025,10,2025_10,Liam Lawson
2,2.0,0.0,5.0,4.58257569495584,3.3333333333333335,-1.6666666666666667,9.166666666666666,10.333333333333334,1.0,0.0,0.3333333333333333,-2.0,0,2025,10,2025_10,Max Verstappen
11,13.0,-2.0,11.0,5.567764362830021,15.333333333333334,4.333333333333333,12.833333333333334,14.666666666666666,13.0,0.0,-2.0,4.0,3,2025,10,2025_10,Nico Hülkenberg
13,14.0,-1.0,15.333333333333334,2.886751345948129,16.0,0.6666666666666666,14.833333333333334,15.166666666666666,10.0,0.0,0.0,2.3333333333333335,2,2025,10,2025_10,Oliver Bearman
3,3.0,0.0,2.3333333333333335,1.1547005383792517,1.6666666666666667,-0.6666666666666666,2.0,2.0,8.0,0.0,-2.0,-0.6666666666666666,-1,2025,10,2025_10,Oscar Piastri
20,20.0,0.0,13.666666666666666,6.027713773341707,12.0,-1.6666666666666667,14.166666666666666,15.0,11.666666666666666,0.0,3.3333333333333335,-2.0,5,2025,10,2025_10,Pierre Gasly
18,11.0,7.0,13.333333333333334,3.511884584284246,17.333333333333332,4.0,9.166666666666666,10.333333333333334,15.333333333333334,0.0,0.3333333333333333,3.6666666666666665,6,2025,10,2025_10,Yuki Tsunoda
12,12.0,0.0,16.0,6.082762530298219,10.333333333333334,-5.666666666666667,13.666666666666666,12.833333333333334,12.666666666666666,-0.3333333333333333,1.0,-6.0,-5,2025,11,2025_11,Alexander Albon
9,9.0,0.0,13.0,8.660254037844387,8.333333333333334,-4.666666666666667,9.166666666666666,7.333333333333333,10.0,-0.3333333333333333,0.0,-4.666666666666667,-10,2025,11,2025_11,Andrea Kimi Antonelli
19,19.0,0.0,11.333333333333334,2.309401076758513,15.333333333333334,4.0,13.666666666666666,12.833333333333334,9.0,-0.3333333333333333,-5.666666666666667,3.3333333333333335,-1,2025,11,2025_11,Carlos Sainz
2,2.0,0.0,3.3333333333333335,1.5275252316519463,5.666666666666667,2.3333333333333335,4.5,5.166666666666667,4.666666666666667,-0.3333333333333333,-1.3333333333333333,2.3333333333333335,-1,2025,11,2025_11,Charles Leclerc
17,17.0,0.0,10.666666666666666,4.725815626252607,13.333333333333334,2.6666666666666665,12.0,14.333333333333334,10.333333333333334,-0.3333333333333333,-1.0,2.0,7,2025,11,2025_11,Esteban Ocon
11,11.0,0.0,11.666666666666666,6.429100507328636,7.666666666666667,-4.0,12.666666666666666,11.666666666666666,11.0,-0.3333333333333333,2.6666666666666665,-4.333333333333333,4,2025,11,2025_11,Fernando Alonso
14,14.0,0.0,13.666666666666666,1.1547005383792512,17.0,3.3333333333333335,14.0,16.166666666666668,10.0,-0.3333333333333333,0.0,1.6666666666666667,-1,2025,11,2025_11,Franco Colapinto
8,8.0,0.0,13.333333333333334,1.1547005383792515,14.666666666666666,1.3333333333333333,11.5,14.333333333333334,10.0,-0.3333333333333333,0.0,1.0,0,2025,11,2025_11,Gabriel Bortoleto
5,5.0,0.0,5.333333333333333,5.131601439446884,6.333333333333333,1.0,9.166666666666666,7.333333333333333,4.0,-0.3333333333333333,2.0,1.0,0,2025,11,2025_11,George Russell
13,13.0,0.0,9.666666666666666,5.507570547286102,8.0,-1.6666666666666667,11.166666666666666,10.833333333333334,10.0,-0.3333333333333333,0.0,-1.0,1,2025,11,2025_11,Isack Hadjar
16,16.0,0.0,15.666666666666666,1.1547005383792517,15.0,-0.6666666666666666,12.666666666666666,11.666666666666666,11.666666666666666,-0.3333333333333333,0.0,-1.0,2,2025,11,2025_11,Lance Stroll
1,1.0,0.0,7.0,9.539392014169456,3.3333333333333335,-3.6666666666666665,4.833333333333333,2.8333333333333335,10.333333333333334,-0.3333333333333333,-5.0,-3.6666666666666665,0,2025,11,2025_11,Lando Norris
4,4.0,0.0,5.666666666666667,0.5773502691896896,4.666666666666667,-1.0,4.5,5.166666666666667,5.0,-0.3333333333333333,1.0,0.0,0,2025,11,2025_11,Lewis Hamilton
6,6.0,0.0,12.666666666666666,5.686240703077327,13.666666666666666,1.0,11.166666666666666,10.833333333333334,10.0,-0.3333333333333333,0.0,1.0,0,2025,11,2025_11,Liam Lawson
7,7.0,0.0,5.333333333333333,4.163331998932265,3.3333333333333335,-2.0,9.666666666666666,8.833333333333334,2.6666666666666665,-0.3333333333333333,-1.6666666666666667,-2.3333333333333335,-11,2025,11,2025_11,Max Verstappen
20,20.0,0.0,9.666666666666666,5.686240703077326,14.0,4.333333333333333,11.5,14.333333333333334,13.0,-0.3333333333333333,-4.5,3.3333333333333335,11,2025,11,2025_11,Nico Hülkenberg
15,15.0,0.0,13.333333333333334,3.214550253664319,15.333333333333334,2.0,12.0,14.333333333333334,10.0,-0.3333333333333333,0.0,2.3333333333333335,4,2025,11,2025_11,Oliver Bearman
3,3.0,0.0,2.6666666666666665,1.5275252316519468,2.3333333333333335,-0.3333333333333333,4.833333333333333,2.8333333333333335,9.0,-0.3333333333333333,1.0,-0.3333333333333333,1,2025,11,2025_11,Oscar Piastri
10,10.0,0.0,14.333333333333334,6.027713773341707,15.333333333333334,1.0,14.0,16.166666666666668,11.666666666666666,-0.3333333333333333,0.3333333333333333,0.6666666666666666,-3,2025,11,2025_11,Pierre Gasly
18,18.0,0.0,14.0,2.64575131106459,14.333333333333334,0.3333333333333333,9.666666666666666,8.833333333333334,16.333333333333332,-0.3333333333333333,-1.0,2.3333333333333335,2,2025,11,2025_11,Yuki Tsunoda
13,14.0,-1.0,18.666666666666668,1.5275252316519472,11.0,-7.666666666666667,16.666666666666668,14.5,12.333333333333334,0.0,-1.3333333333333333,-8.0,5,2025,12,2025_12,Alexander Albon
10,7.0,3.0,13.333333333333334,8.962886439832502,6.333333333333333,-7.0,8.333333333333334,4.833333333333333,10.0,0.0,0.0,-7.0,-6,2025,12,2025_12,Andrea Kimi Antonelli
9,11.0,-2.0,14.666666666666666,5.033222956847173,18.0,3.3333333333333335,16.666666666666668,14.5,5.333333333333333,0.0,-1.0,2.6666666666666665,-3,2025,12,2025_12,Carlos Sainz
6,6.0,0.0,3.6666666666666665,1.154700538379251,5.666666666666667,2.0,4.5,5.166666666666667,9.0,0.0,-3.0,2.0,-8,2025,12,2025_12,Charles Leclerc
14,15.0,-1.0,11.666666666666666,3.785938897200181,16.333333333333332,4.666666666666667,12.333333333333334,15.5,17.0,0.0,-1.6666666666666667,4.0,1,2025,12,2025_12,Esteban Ocon
7,9.0,-2.0,7.666666666666667,1.1547005383792481,9.0,1.3333333333333333,10.5,11.833333333333334,6.666666666666667,0.0,2.0,1.3333333333333333,-2,2025,12,2025_12,Fernando Alonso
20,20.0,0.0,14.333333333333334,1.1547005383792512,15.0,0.6666666666666666,13.166666666666666,13.833333333333334,10.0,0.0,0.0,-0.3333333333333333,0,2025,12,2025_12,Franco Colapinto
16,17.0,-1.0,11.333333333333334,3.0550504633038935,12.0,0.6666666666666666,9.333333333333334,14.166666666666666,10.0,0.0,0.0,0.3333333333333333,-2,2025,12,2025_12,Gabriel Bortoleto
4,4.0,0.0,3.3333333333333335,2.0816659994661335,3.3333333333333335,0.0,8.333333333333334,4.833333333333333,14.0,0.0,-9.0,0.0,-6,2025,12,2025_12,George Russell
12,13.0,-1.0,11.666666666666666,4.509249752822894,10.333333333333334,-1.3333333333333333,11.833333333333334,11.5,10.0,0.0,0.0,-0.3333333333333333,-5,2025,12,2025_12,Isack Hadjar
17,18.0,-1.0,15.333333333333334,1.5275252316519472,17.666666666666668,2.3333333333333335,10.5,11.833333333333334,10.666666666666666,0.0,2.6666666666666665,2.0,10,2025,12,2025_12,Lance Stroll
3,3.0,0.0,7.0,9.539392014169456,3.3333333333333335,-3.6666666666666665,4.666666666666667,2.8333333333333335,3.6666666666666665,0.0,0.0,-3.6666666666666665,2,2025,12,2025_12,Lando Norris
5,5.0,0.0,5.333333333333333,1.1547005383792515,4.666666666666667,-0.6666666666666666,4.5,5.166666666666667,2.3333333333333335,0.0,2.3333333333333335,-0.6666666666666666,1,2025,12,2025_12,Lewis Hamilton
15,16.0,-1.0,12.0,6.557438524302,12.666666666666666,0.6666666666666666,11.833333333333334,11.5,10.0,0.0,0.0,0.6666666666666666,-4,2025,12,2025_12,Liam Lawson
1,1.0,0.0,10.0,8.0,4.0,-6.0,11.833333333333334,10.166666666666666,3.3333333333333335,0.0,-1.0,-6.0,-4,2025,12,2025_12,Max Verstappen
19,19.0,0.0,7.333333333333333,2.0816659994661295,16.333333333333332,9.0,9.333333333333334,14.166666666666666,9.5,0.0,-1.0,8.0,16,2025,12,2025_12,Nico Hülkenberg
18,8.0,10.0,13.0,3.4641016151377553,14.666666666666666,1.6666666666666667,12.333333333333334,15.5,10.0,0.0,0.0,1.0,7,2025,12,2025_12,Oliver Bearman
2,2.0,0.0,2.3333333333333335,1.5275252316519468,2.3333333333333335,0.0,4.666666666666667,2.8333333333333335,4.0,0.0,0.0,0.0,0,2025,12,2025_12,Oscar Piastri
8,10.0,-2.0,12.0,3.6055512754639887,12.666666666666666,0.6666666666666666,13.166666666666666,13.833333333333334,18.0,0.0,-4.666666666666667,0.6666666666666666,2,2025,12,2025_12,Pierre Gasly
11,12.0,-1.0,13.666666666666666,2.081665999466132,16.333333333333332,2.6666666666666665,11.833333333333334,10.166666666666666,13.333333333333334,0.0,0.6666666666666666,4.666666666666667,-4,2025,12,2025_12,Yuki Tsunoda
5,5.0,0.0,15.0,6.244997998398398,12.0,-3.0,14.5,13.833333333333334,12.0,-0.4666666666666666,-1.6666666666666667,-3.6666666666666665,-1,2025,13,2025_13,Alexander Albon
19,18.0,1.0,12.666666666666666,8.504900548115383,6.666666666666667,-6.0,9.0,5.0,10.0,-0.4666666666666666,0.0,-5.0,3,2025,13,2025_13,Andrea Kimi Antonelli
17,15.0,2.0,14.0,5.291502622129188,15.666666666666666,1.6666666666666667,14.5,13.833333333333334,9.333333333333334,-0.4666666666666666,-5.333333333333333,0.6666666666666666,-1,2025,13,2025_13,Carlos Sainz
3,3.0,0.0,7.333333333333333,5.859465277082315,5.333333333333333,-2.0,6.0,5.0,4.0,-0.4666666666666666,1.6666666666666667,-2.0,0,2025,13,2025_13,Charles Leclerc
11,11.0,0.0,10.666666666666666,2.0816659994661295,15.666666666666666,5.0,10.833333333333334,14.0,8.0,-0.4666666666666666,5.0,4.333333333333333,-4,2025,13,2025_13,Esteban Ocon
20,19.0,1.0,7.666666666666667,1.1547005383792515,8.666666666666666,1.0,10.166666666666666,13.0,6.0,-0.4666666666666666,0.6666666666666666,0.3333333333333333,3,2025,13,2025_13,Fernando Alonso
15,17.0,-2.0,16.0,3.605551275463989,15.333333333333334,-0.6666666666666666,13.666666666666666,14.333333333333334,10.0,-0.4666666666666666,0.0,-1.3333333333333333,-4,2025,13,2025_13,Franco Colapinto
10,10.0,0.0,13.333333333333334,5.033222956847167,13.666666666666666,0.3333333333333333,10.0,15.5,10.0,-0.4666666666666666,0.0,-0.3333333333333333,1,2025,13,2025_13,Gabriel Bortoleto
6,6.0,0.0,5.333333333333333,4.509249752822894,3.3333333333333335,-2.0,9.0,5.0,10.0,-0.4666666666666666,-3.6666666666666665,-2.0,1,2025,13,2025_13,George Russell
8,8.0,0.0,15.0,2.6457513110645907,11.666666666666666,-3.3333333333333335,14.833333333333334,12.666666666666666,10.0,-0.4666666666666666,0.0,-2.6666666666666665,-12,2025,13,2025_13,Isack Hadjar
16,20.0,-4.0,12.666666666666666,5.131601439446884,17.333333333333332,4.666666666666667,10.166666666666666,13.0,10.333333333333334,-0.4666666666666666,1.0,4.0,2,2025,13,2025_13,Lance Stroll
1,1.0,0.0,6.666666666666667,9.814954576223638,3.6666666666666665,-3.0,4.666666666666667,3.1666666666666665,8.0,-0.4666666666666666,1.3333333333333333,-3.0,-1,2025,13,2025_13,Lando Norris
18,16.0,2.0,4.666666666666667,1.1547005383792515,4.666666666666667,0.0,6.0,5.0,8.333333333333334,-0.4666666666666666,-5.0,0.0,11,2025,13,2025_13,Lewis Hamilton
9,9.0,0.0,14.666666666666666,7.505553499465135,13.666666666666666,-1.0,14.833333333333334,12.666666666666666,10.0,-0.4666666666666666,0.0,-1.3333333333333333,1,2025,13,2025_13,Liam Lawson
4,4.0,0.0,8.333333333333334,8.504900548115383,3.3333333333333335,-5.0,11.333333333333334,8.5,2.0,-0.4666666666666666,8.333333333333334,-5.0,0,2025,13,2025_13,Max Verstappen
14,14.0,0.0,6.666666666666667,3.2145502536643167,17.333333333333332,10.666666666666666,10.0,15.5,18.0,-0.4666666666666666,0.0,10.0,2,2025,13,2025_13,Nico Hülkenberg
12,12.0,0.0,11.0,0.0,12.333333333333334,1.3333333333333333,10.833333333333334,14.0,10.0,-0.4666666666666666,0.0,4.333333333333333,1,2025,13,2025_13,Oliver Bearman
2,2.0,0.0,2.6666666666666665,1.1547005383792517,2.6666666666666665,0.0,4.666666666666667,3.1666666666666665,11.0,-0.4666666666666666,-6.0,0.0,1,2025,13,2025_13,Oscar Piastri
13,13.0,0.0,11.333333333333334,4.725815626252608,13.333333333333334,2.0,13.666666666666666,14.333333333333334,11.0,-0.4666666666666666,-3.0,1.3333333333333333,3,2025,13,2025_13,Pierre Gasly
7,7.0,0.0,14.333333333333334,2.081665999466132,13.666666666666666,-0.6666666666666666,11.333333333333334,8.5,13.0,-0.4666666666666666,-2.6666666666666665,1.3333333333333333,-6,2025,13,2025_13,Yuki Tsunoda
19,20.0,-1.0,10.333333333333334,5.8594652770823155,10.333333333333334,0.0,13.5,12.666666666666666,14.0,-0.3333333333333333,1.3333333333333333,-0.3333333333333333,4,2025,14,2025_14,Alexander Albon
15,15.0,0.0,17.0,1.7320508075688814,11.333333333333334,-5.666666666666667,11.833333333333334,8.166666666666666,10.0,-0.3333333333333333,0.0,-4.333333333333333,5,2025,14,2025_14,Andrea Kimi Antonelli
13,13.0,0.0,16.666666666666668,4.163331998932276,15.0,-1.6666666666666667,13.5,12.666666666666666,6.0,-0.3333333333333333,-0.3333333333333333,-1.6666666666666667,-1,2025,14,2025_14,Carlos Sainz
1,1.0,0.0,6.666666666666667,6.350852961085883,3.6666666666666665,-3.0,5.833333333333333,6.0,5.666666666666667,-0.3333333333333333,-0.6666666666666666,-3.0,-3,2025,14,2025_14,Charles Leclerc
17,18.0,-1.0,12.666666666666666,2.516611478423581,14.333333333333334,1.6666666666666667,11.833333333333334,13.0,15.333333333333334,-0.3333333333333333,-3.3333333333333335,1.3333333333333333,1,2025,14,2025_14,Esteban Ocon
5,5.0,0.0,11.0,5.291502622129181,13.0,2.0,11.333333333333334,15.5,9.333333333333334,-0.3333333333333333,-2.3333333333333335,1.6666666666666667,0,2025,14,2025_14,Fernando Alonso
14,14.0,0.0,18.0,2.6457513110645907,17.0,-1.0,13.833333333333334,14.0,10.0,-0.3333333333333333,0.0,-1.6666666666666667,-4,2025,14,2025_14,Franco Colapinto
7,7.0,0.0,11.666666666666666,5.507570547286102,11.666666666666666,0.0,9.833333333333334,14.666666666666666,10.0,-0.3333333333333333,0.0,-0.3333333333333333,1,2025,14,2025_14,Gabriel Bortoleto
4,4.0,0.0,6.666666666666667,2.886751345948128,5.0,-1.6666666666666667,11.833333333333334,8.166666666666666,5.666666666666667,-0.3333333333333333,6.333333333333333,-1.6666666666666667,1,2025,14,2025_14,George Russell
10,10.0,0.0,16.333333333333332,4.041451884327381,11.333333333333334,-5.0,13.666666666666666,10.833333333333334,10.0,-0.3333333333333333,0.0,-5.333333333333333,-1,2025,14,2025_14,Isack Hadjar
6,6.0,0.0,11.666666666666666,4.04145188432738,18.0,6.333333333333333,11.333333333333334,15.5,10.333333333333334,-0.3333333333333333,1.6666666666666667,4.666666666666667,-1,2025,14,2025_14,Lance Stroll
3,3.0,0.0,1.3333333333333333,0.5773502691896258,1.6666666666666667,0.3333333333333333,1.5,2.0,3.6666666666666665,-0.3333333333333333,-1.0,0.3333333333333333,2,2025,14,2025_14,Lando Norris
12,12.0,0.0,5.0,1.7320508075688772,8.333333333333334,3.3333333333333335,5.833333333333333,6.0,3.0,-0.3333333333333333,1.3333333333333333,4.0,0,2025,14,2025_14,Lewis Hamilton
9,9.0,0.0,11.0,7.0,10.333333333333334,-0.6666666666666666,13.666666666666666,10.833333333333334,10.0,-0.3333333333333333,0.0,-1.0,1,2025,14,2025_14,Liam Lawson
8,8.0,0.0,9.0,7.810249675906655,4.0,-5.0,11.833333333333334,8.166666666666666,2.3333333333333335,-0.3333333333333333,2.6666666666666665,-5.0,-1,2025,14,2025_14,Max Verstappen
18,19.0,-1.0,8.0,4.582575694955839,17.666666666666668,9.666666666666666,9.833333333333334,14.666666666666666,13.5,-0.3333333333333333,-3.0,9.666666666666666,5,2025,14,2025_14,Nico Hülkenberg
11,11.0,0.0,11.0,0.0,11.666666666666666,0.6666666666666666,11.833333333333334,13.0,10.0,-0.3333333333333333,0.0,4.0,-9,2025,14,2025_14,Oliver Bearman
2,2.0,0.0,1.6666666666666667,0.5773502691896258,2.3333333333333335,0.6666666666666666,1.5,2.0,3.0,-0.3333333333333333,0.0,0.6666666666666666,0,2025,14,2025_14,Oscar Piastri
16,17.0,-1.0,9.666666666666666,3.5118845842842465,11.0,1.3333333333333333,13.833333333333334,14.0,17.333333333333332,-0.3333333333333333,-5.666666666666667,0.6666666666666666,-3,2025,14,2025_14,Pierre Gasly
20,16.0,4.0,14.666666666666666,1.5275252316519452,12.333333333333334,-2.3333333333333335,11.833333333333334,8.166666666666666,14.333333333333334,-0.3333333333333333,0.0,-2.6666666666666665,3,2025,14,2025_14,Yuki Tsunoda
15,15.0,0.0,9.666666666666666,4.725815626252608,13.0,3.3333333333333335,12.166666666666666,13.0,11.333333333333334,-0.3333333333333333,1.3333333333333333,2.6666666666666665,10,2025,15,2025_15,Alexander Albon
11,11.0,0.0,14.0,3.4641016151377544,13.333333333333334,-0.6666666666666666,10.0,9.0,10.0,-0.3333333333333333,0.0,0.6666666666666666,-5,2025,15,2025_15,Andrea Kimi Antonelli
9,9.0,0.0,14.666666666666666,3.0550504633039046,13.0,-1.6666666666666667,12.166666666666666,13.0,6.0,-0.3333333333333333,0.3333333333333333,-1.6666666666666667,-4,2025,15,2025_15,Carlos Sainz
6,6.0,0.0,7.0,6.082762530298219,3.3333333333333335,-3.6666666666666665,7.333333333333333,7.166666666666667,8.333333333333334,-0.3333333333333333,-2.6666666666666665,-3.6666666666666665,-13,2025,15,2025_15,Charles Leclerc
18,18.0,0.0,14.666666666666666,1.5275252316519434,14.666666666666666,0.0,14.333333333333334,12.5,11.333333333333334,-0.3333333333333333,3.0,-0.6666666666666666,8,2025,15,2025_15,Esteban Ocon
10,10.0,0.0,10.333333333333334,6.110100926607787,11.0,0.6666666666666666,9.833333333333334,12.833333333333334,6.0,-0.3333333333333333,2.3333333333333335,0.3333333333333333,2,2025,15,2025_15,Fernando Alonso
16,16.0,0.0,19.0,1.0,17.0,-2.0,15.333333333333334,15.166666666666666,10.0,-0.3333333333333333,0.0,-2.6666666666666665,5,2025,15,2025_15,Franco Colapinto
13,13.0,0.0,11.0,6.244997998398398,11.333333333333334,0.3333333333333333,10.166666666666666,14.333333333333334,10.0,-0.3333333333333333,0.0,0.0,-2,2025,15,2025_15,Gabriel Bortoleto
5,5.0,0.0,6.0,3.6055512754639887,4.666666666666667,-1.3333333333333333,10.0,9.0,8.666666666666666,-0.3333333333333333,-4.333333333333333,-1.3333333333333333,1,2025,15,2025_15,George Russell
4,4.0,0.0,16.0,4.582575694955841,10.333333333333334,-5.666666666666667,13.833333333333334,10.833333333333334,10.0,-0.3333333333333333,0.0,-6.0,1,2025,15,2025_15,Isack Hadjar
19,20.0,-1.0,9.333333333333334,4.04145188432738,14.666666666666666,5.333333333333333,9.833333333333334,12.833333333333334,11.333333333333334,-0.3333333333333333,-1.6666666666666667,3.6666666666666665,12,2025,15,2025_15,Lance Stroll
2,2.0,0.0,1.3333333333333333,0.5773502691896258,2.3333333333333335,1.0,1.5,2.1666666666666665,5.0,-0.3333333333333333,-1.6666666666666667,1.0,-16,2025,15,2025_15,Lando Norris
7,7.0,0.0,7.666666666666667,4.041451884327381,11.0,3.3333333333333335,7.333333333333333,7.166666666666667,6.0,-0.3333333333333333,4.333333333333333,4.0,-13,2025,15,2025_15,Lewis Hamilton
8,8.0,0.0,11.666666666666666,6.350852961085883,11.333333333333334,-0.3333333333333333,13.833333333333334,10.833333333333334,13.0,-0.3333333333333333,6.0,-0.6666666666666666,-4,2025,15,2025_15,Liam Lawson
3,3.0,0.0,6.0,2.645751311064592,4.333333333333333,-1.6666666666666667,10.5,8.0,1.3333333333333333,-0.3333333333333333,0.0,-1.6666666666666667,1,2025,15,2025_15,Max Verstappen
17,17.0,0.0,9.333333333333334,5.507570547286101,17.333333333333332,8.0,10.166666666666666,14.333333333333334,11.5,-0.3333333333333333,1.5,7.666666666666667,3,2025,15,2025_15,Nico Hülkenberg
20,19.0,1.0,14.0,5.196152422706632,10.333333333333334,-3.6666666666666665,14.333333333333334,12.5,10.0,-0.3333333333333333,0.0,-0.3333333333333333,14,2025,15,2025_15,Oliver Bearman
1,1.0,0.0,1.6666666666666667,0.5773502691896258,2.0,0.3333333333333333,1.5,2.1666666666666665,6.5,-0.3333333333333333,-1.0,0.3333333333333333,0,2025,15,2025_15,Oscar Piastri
14,14.0,0.0,11.666666666666666,6.658328118479393,13.333333333333334,1.6666666666666667,15.333333333333334,15.166666666666666,7.666666666666667,-0.3333333333333333,3.0,0.6666666666666666,-3,2025,15,2025_15,Pierre Gasly
12,12.0,0.0,15.0,1.9999999999999987,11.666666666666666,-3.3333333333333335,10.5,8.0,17.333333333333332,-0.3333333333333333,-5.0,-2.3333333333333335,3,2025,15,2025_15,Yuki Tsunoda
14,14.0,0.0,8.666666666666666,5.507570547286102,13.333333333333334,4.666666666666667,11.833333333333334,12.833333333333334,8.0,0.0,-0.5,4.333333333333333,7,2025,16,2025_16,Alexander Albon
6,7.0,-1.0,14.0,3.4641016151377544,14.666666666666666,0.6666666666666666,9.0,9.833333333333334,10.0,0.0,0.0,1.0,-3,2025,16,2025_16,Andrea Kimi Antonelli
13,13.0,0.0,15.0,2.6457513110646045,12.333333333333334,-2.6666666666666665,11.833333333333334,12.833333333333334,3.6666666666666665,0.0,4.333333333333333,-2.0,2,2025,16,2025_16,Carlos Sainz
4,4.0,0.0,8.666666666666666,8.9628864398325,3.3333333333333335,-5.333333333333333,10.833333333333334,7.5,2.3333333333333335,0.0,0.3333333333333333,-5.333333333333333,0,2025,16,2025_16,Charles Leclerc
15,15.0,0.0,13.666666666666666,3.2145502536643167,15.666666666666666,2.0,13.0,14.833333333333334,14.666666666666666,0.0,1.0,1.6666666666666667,0,2025,16,2025_16,Esteban Ocon
8,9.0,-1.0,10.0,6.244997998398398,11.333333333333334,1.3333333333333333,9.666666666666666,13.333333333333334,13.0,0.0,-4.0,1.6666666666666667,-11,2025,16,2025_16,Fernando Alonso
17,18.0,-1.0,16.0,4.358898943540674,15.666666666666666,-0.3333333333333333,15.666666666666666,15.166666666666666,12.0,0.0,6.0,-1.0,0,2025,16,2025_16,Franco Colapinto
7,8.0,-1.0,10.0,4.58257569495584,10.0,0.0,11.5,13.333333333333334,10.0,0.0,0.0,0.0,-1,2025,16,2025_16,Gabriel Bortoleto
5,6.0,-1.0,4.0,0.9999999999999973,5.0,1.0,9.0,9.833333333333334,5.0,0.0,-2.0,1.0,0,2025,16,2025_16,George Russell
19,16.0,3.0,11.333333333333334,8.504900548115383,7.333333333333333,-4.0,10.333333333333334,8.0,10.0,0.0,0.0,-4.0,9,2025,16,2025_16,Isack Hadjar
16,17.0,-1.0,9.333333333333334,4.04145188432738,15.333333333333334,6.0,9.666666666666666,13.333333333333334,17.666666666666668,0.0,-1.3333333333333333,4.333333333333333,-2,2025,16,2025_16,Lance Stroll
2,2.0,0.0,7.0,9.539392014169456,2.0,-5.0,4.166666666666667,1.8333333333333333,6.0,0.0,-1.6666666666666667,-5.0,0,2025,16,2025_16,Lando Norris
10,5.0,5.0,13.0,6.557438524302,11.666666666666666,-1.3333333333333333,10.833333333333334,7.5,5.333333333333333,0.0,5.666666666666667,-0.6666666666666666,4,2025,16,2025_16,Lewis Hamilton
18,20.0,-2.0,9.333333333333334,2.309401076758503,8.666666666666666,-0.6666666666666666,10.333333333333334,8.0,11.0,0.0,1.0,-0.6666666666666666,4,2025,16,2025_16,Liam Lawson
1,1.0,0.0,5.0,3.6055512754639905,5.0,0.0,9.0,8.333333333333334,2.6666666666666665,0.0,2.6666666666666665,0.0,0,2025,16,2025_16,Max Verstappen
12,12.0,0.0,13.0,0.9999999999999929,16.666666666666668,3.6666666666666665,11.5,13.333333333333334,17.0,0.0,-5.5,3.3333333333333335,-8,2025,16,2025_16,Nico Hülkenberg
11,11.0,0.0,12.333333333333334,7.094598884597588,14.0,1.6666666666666667,13.0,14.833333333333334,10.0,0.0,0.0,2.0,-1,2025,16,2025_16,Oliver Bearman
3,3.0,0.0,1.3333333333333333,0.5773502691896258,1.6666666666666667,0.3333333333333333,4.166666666666667,1.8333333333333333,7.0,0.0,-2.5,0.3333333333333333,0,2025,16,2025_16,Oscar Piastri
20,19.0,1.0,15.333333333333334,4.725815626252609,14.666666666666666,-0.6666666666666666,15.666666666666666,15.166666666666666,12.666666666666666,0.0,-0.6666666666666666,-1.0,4,2025,16,2025_16,Pierre Gasly
9,10.0,-1.0,13.0,3.999999999999999,11.666666666666666,-1.3333333333333333,9.0,8.333333333333334,18.0,0.0,-2.3333333333333335,0.0,-4,2025,16,2025_16,Yuki Tsunoda
19,19.0,0.0,9.0,5.291502622129181,16.333333333333332,7.333333333333333,10.833333333333334,14.0,10.333333333333334,0.0,2.3333333333333335,7.0,6,2025,17,2025_17,Alexander Albon
4,4.0,0.0,11.666666666666666,3.7859388972001824,11.0,-0.6666666666666666,7.833333333333333,8.0,10.0,0.0,0.0,-1.0,0,2025,17,2025_17,Andrea Kimi Antonelli
2,2.0,0.0,12.666666666666666,1.5275252316519654,11.666666666666666,-1.0,10.833333333333334,14.0,14.333333333333334,0.0,-10.666666666666666,-1.0,-1,2025,17,2025_17,Carlos Sainz
10,10.0,0.0,9.0,8.660254037844386,3.6666666666666665,-5.333333333333333,10.833333333333334,5.833333333333333,8.0,0.0,-7.0,-5.333333333333333,1,2025,17,2025_17,Charles Leclerc
20,20.0,0.0,13.666666666666666,3.2145502536643167,17.0,3.3333333333333335,13.166666666666666,15.333333333333334,13.333333333333334,0.0,4.0,3.0,6,2025,17,2025_17,Esteban Ocon
11,11.0,0.0,10.666666666666666,7.371114795831994,8.0,-2.6666666666666665,10.666666666666666,11.166666666666666,5.666666666666667,0.0,2.0,-3.0,-4,2025,17,2025_17,Fernando Alonso
16,16.0,0.0,15.333333333333334,3.7859388972001824,16.0,0.6666666666666666,16.333333333333332,16.333333333333332,8.0,0.0,0.0,0.3333333333333333,-3,2025,17,2025_17,Franco Colapinto
13,13.0,0.0,9.666666666666666,4.725815626252608,9.333333333333334,-0.3333333333333333,12.666666666666666,12.666666666666666,10.0,0.0,0.0,-0.6666666666666666,2,2025,17,2025_17,Gabriel Bortoleto
5,5.0,0.0,4.0,0.9999999999999973,5.0,1.0,7.833333333333333,8.0,4.666666666666667,0.0,2.3333333333333335,0.6666666666666666,3,2025,17,2025_17,George Russell
8,8.0,0.0,8.0,4.358898943540673,10.0,2.0,9.666666666666666,11.166666666666666,10.0,0.0,0.0,3.0,-2,2025,17,2025_17,Isack Hadjar
14,14.0,0.0,10.666666666666666,6.3508529610858835,14.333333333333334,3.6666666666666665,10.666666666666666,11.166666666666666,14.0,0.0,-0.3333333333333333,3.0,-3,2025,17,2025_17,Lance Stroll
7,7.0,0.0,7.0,9.539392014169456,2.3333333333333335,-4.666666666666667,4.5,2.1666666666666665,7.333333333333333,0.0,3.6666666666666665,-4.666666666666667,0,2025,17,2025_17,Lando Norris
12,12.0,0.0,12.666666666666666,7.023769168568492,8.0,-4.666666666666667,10.833333333333334,5.833333333333333,6.333333333333333,0.0,4.0,-3.0,4,2025,17,2025_17,Lewis Hamilton
3,3.0,0.0,11.333333333333334,3.055050463303893,12.333333333333334,1.0,9.666666666666666,11.166666666666666,10.0,0.0,0.0,0.3333333333333333,-2,2025,17,2025_17,Liam Lawson
1,1.0,0.0,4.0,4.358898943540674,4.0,0.0,8.5,8.333333333333334,2.6666666666666665,0.0,1.0,0.0,0,2025,17,2025_17,Max Verstappen
17,17.0,0.0,15.666666666666666,3.785938897200181,16.0,0.3333333333333333,12.666666666666666,12.666666666666666,14.0,0.0,2.0,0.0,1,2025,17,2025_17,Nico Hülkenberg
15,15.0,0.0,12.666666666666666,7.023769168568493,13.666666666666666,1.0,13.166666666666666,15.333333333333334,10.0,0.0,0.0,1.3333333333333333,3,2025,17,2025_17,Oliver Bearman
9,9.0,0.0,2.0,1.0,2.0,0.0,4.5,2.1666666666666665,6.0,0.0,0.0,0.0,-11,2025,17,2025_17,Oscar Piastri
18,18.0,0.0,17.333333333333332,1.5275252316519463,16.666666666666668,-0.6666666666666666,16.333333333333332,16.333333333333332,10.333333333333334,0.0,3.3333333333333335,-0.6666666666666666,0,2025,17,2025_17,Pierre Gasly
6,6.0,0.0,13.0,3.999999999999999,12.666666666666666,-0.3333333333333333,8.5,8.333333333333334,14.333333333333334,0.0,-5.333333333333333,0.6666666666666666,0,2025,17,2025_17,Yuki Tsunoda
20,19.0,1.0,8.333333333333334,4.163331998932266,16.0,7.666666666666667,8.666666666666666,12.0,16.0,-0.6666666666666666,-1.6666666666666667,7.666666666666667,6,2025,18,2025_18,Alexander Albon
4,4.0,0.0,9.666666666666666,6.027713773341707,7.333333333333333,-2.3333333333333335,6.666666666666667,6.333333333333333,10.0,-0.6666666666666666,0.0,-2.6666666666666665,-1,2025,18,2025_18,Andrea Kimi Antonelli
18,20.0,-2.0,9.0,5.291502622129184,8.0,-1.0,8.666666666666666,12.0,3.6666666666666665,-0.6666666666666666,1.3333333333333333,-1.0,8,2025,18,2025_18,Carlos Sainz
7,7.0,0.0,10.666666666666666,7.6376261582597325,6.666666666666667,-4.0,11.0,7.333333333333333,3.6666666666666665,-0.6666666666666666,0.6666666666666666,-4.0,1,2025,18,2025_18,Charles Leclerc
17,17.0,0.0,13.0,2.6457513110645885,17.666666666666668,4.666666666666667,11.5,16.333333333333332,15.666666666666666,-0.6666666666666666,-2.3333333333333335,4.666666666666667,-1,2025,18,2025_18,Esteban Ocon
10,10.0,0.0,14.0,5.567764362830021,10.0,-4.0,14.0,13.5,13.666666666666666,-0.6666666666666666,-7.333333333333333,-4.333333333333333,3,2025,18,2025_18,Fernando Alonso
16,16.0,0.0,15.666666666666666,4.163331998932266,16.666666666666668,1.0,16.333333333333332,16.833333333333332,11.0,-0.6666666666666666,1.0,0.6666666666666666,0,2025,18,2025_18,Franco Colapinto
14,14.0,0.0,11.333333333333334,3.5118845842842465,11.333333333333334,0.0,14.0,13.333333333333334,10.0,-0.6666666666666666,0.0,-0.3333333333333333,-3,2025,18,2025_18,Gabriel Bortoleto
1,1.0,0.0,3.6666666666666665,1.5275252316519448,5.333333333333333,1.6666666666666667,6.666666666666667,6.333333333333333,11.333333333333334,-0.6666666666666666,-9.333333333333334,1.3333333333333333,0,2025,18,2025_18,George Russell
8,8.0,0.0,7.666666666666667,4.041451884327381,9.333333333333334,1.6666666666666667,9.0,9.833333333333334,10.0,-0.6666666666666666,0.0,2.6666666666666665,-3,2025,18,2025_18,Isack Hadjar
15,15.0,0.0,14.0,6.082762530298219,17.0,3.0,14.0,13.5,13.333333333333334,-0.6666666666666666,-4.0,2.3333333333333335,2,2025,18,2025_18,Lance Stroll
5,5.0,0.0,9.0,8.18535277187245,3.6666666666666665,-5.333333333333333,8.5,4.0,2.3333333333333335,-0.6666666666666666,1.3333333333333333,-5.333333333333333,2,2025,18,2025_18,Lando Norris
6,6.0,0.0,11.333333333333334,7.571877794400365,8.0,-3.3333333333333335,11.0,7.333333333333333,6.0,-0.6666666666666666,-2.3333333333333335,-1.6666666666666667,-2,2025,18,2025_18,Lewis Hamilton
12,12.0,0.0,10.333333333333334,4.725815626252608,10.333333333333334,0.0,9.0,9.833333333333334,9.0,-0.6666666666666666,1.0,-0.6666666666666666,-3,2025,18,2025_18,Liam Lawson
2,2.0,0.0,1.3333333333333333,0.577350269189632,1.6666666666666667,0.3333333333333333,5.333333333333333,5.5,4.666666666666667,-0.6666666666666666,2.3333333333333335,0.3333333333333333,0,2025,18,2025_18,Max Verstappen
11,11.0,0.0,16.666666666666668,3.0550504633038917,15.333333333333334,-1.3333333333333333,14.0,13.333333333333334,11.0,-0.6666666666666666,-3.5,-1.3333333333333333,-9,2025,18,2025_18,Nico Hülkenberg
9,9.0,0.0,10.0,3.4641016151377544,15.0,5.0,11.5,16.333333333333332,10.0,-0.6666666666666666,0.0,5.333333333333333,0,2025,18,2025_18,Oliver Bearman
3,3.0,0.0,8.0,10.44030650891055,4.333333333333333,-3.6666666666666665,8.5,4.0,5.0,-0.6666666666666666,6.0,-3.6666666666666665,-1,2025,18,2025_18,Oscar Piastri
19,18.0,1.0,17.0,0.9999999999999987,17.0,0.0,16.333333333333332,16.833333333333332,11.0,-0.6666666666666666,1.3333333333333333,0.3333333333333333,0,2025,18,2025_18,Pierre Gasly
13,13.0,0.0,9.333333333333334,3.5118845842842457,9.333333333333334,0.0,5.333333333333333,5.5,15.333333333333334,-0.6666666666666666,-4.333333333333333,-0.3333333333333333,1,2025,18,2025_18,Yuki Tsunoda
18,19.0,-1.0,11.333333333333334,3.7859388972001797,17.333333333333332,6.0,9.666666666666666,14.5,12.666666666666666,-0.3333333333333333,-0.3333333333333333,6.333333333333333,4,2025,19,2025_19,Alexander Albon
7,7.0,0.0,6.0,2.645751311064589,5.0,-1.0,4.333333333333333,4.5,10.0,-0.3333333333333333,0.0,-1.3333333333333333,-6,2025,19,2025_19,Andrea Kimi Antonelli
9,9.0,0.0,8.0,4.358898943540677,11.666666666666666,3.6666666666666665,9.666666666666666,14.5,8.333333333333334,-0.3333333333333333,-5.666666666666667,3.0,-11,2025,19,2025_19,Carlos Sainz
3,3.0,0.0,6.333333333333333,2.5166114784235862,7.0,0.6666666666666666,6.833333333333333,7.333333333333333,8.0,-0.3333333333333333,-2.3333333333333335,0.6666666666666666,0,2025,19,2025_19,Charles Leclerc
17,17.0,0.0,15.666666666666666,2.0816659994661304,17.333333333333332,1.6666666666666667,13.333333333333334,14.5,15.666666666666666,-0.3333333333333333,-9.0,1.6666666666666667,2,2025,19,2025_19,Esteban Ocon
10,10.0,0.0,13.666666666666666,6.110100926607786,10.0,-3.6666666666666665,14.833333333333334,12.666666666666666,12.0,-0.3333333333333333,1.3333333333333333,-4.0,0,2025,19,2025_19,Fernando Alonso
15,15.0,0.0,17.333333333333332,1.5275252316519474,16.666666666666668,-0.6666666666666666,17.5,17.5,10.0,-0.3333333333333333,5.0,-1.0,-2,2025,19,2025_19,Franco Colapinto
16,16.0,0.0,12.0,4.58257569495584,11.666666666666666,-0.3333333333333333,15.333333333333334,12.5,10.0,-0.3333333333333333,0.0,-0.6666666666666666,-2,2025,19,2025_19,Gabriel Bortoleto
4,4.0,0.0,2.6666666666666665,2.0816659994661313,4.0,1.3333333333333333,4.333333333333333,4.5,5.333333333333333,-0.3333333333333333,4.333333333333333,1.0,-2,2025,19,2025_19,George Russell
20,20.0,0.0,10.333333333333334,0.5773502691896255,10.666666666666666,0.3333333333333333,10.833333333333334,11.166666666666666,10.0,-0.3333333333333333,0.0,1.3333333333333333,4,2025,19,2025_19,Isack Hadjar
19,18.0,1.0,16.0,2.6457513110645907,15.333333333333334,-0.6666666666666666,14.833333333333334,12.666666666666666,13.333333333333334,-0.3333333333333333,-0.6666666666666666,-1.0,7,2025,19,2025_19,Lance Stroll
2,2.0,0.0,4.0,2.6457513110645907,4.666666666666667,0.6666666666666666,6.5,4.833333333333333,4.0,-0.3333333333333333,-1.0,0.6666666666666666,0,2025,19,2025_19,Lando Norris
5,5.0,0.0,7.333333333333333,1.1547005383792512,7.666666666666667,0.3333333333333333,6.833333333333333,7.333333333333333,13.666666666666666,-0.3333333333333333,-6.0,2.0,1,2025,19,2025_19,Lewis Hamilton
12,12.0,0.0,11.333333333333334,5.507570547286101,11.666666666666666,0.3333333333333333,10.833333333333334,11.166666666666666,9.0,-0.3333333333333333,10.0,-0.3333333333333333,1,2025,19,2025_19,Liam Lawson
1,1.0,0.0,1.3333333333333333,0.5773502691896258,1.3333333333333333,0.0,5.833333333333333,5.5,1.6666666666666667,-0.3333333333333333,1.6666666666666667,0.0,0,2025,19,2025_19,Max Verstappen
11,11.0,0.0,18.666666666666668,2.3094010767585003,13.333333333333334,-5.333333333333333,15.333333333333334,12.5,9.5,-0.3333333333333333,5.0,-5.333333333333333,3,2025,19,2025_19,Nico Hülkenberg
8,8.0,0.0,11.0,1.7320508075688772,11.666666666666666,0.6666666666666666,13.333333333333334,14.5,10.0,-0.3333333333333333,0.0,0.6666666666666666,-1,2025,19,2025_19,Oliver Bearman
6,6.0,0.0,9.0,9.539392014169456,5.0,-4.0,6.5,4.833333333333333,11.0,-0.3333333333333333,-3.5,-4.0,1,2025,19,2025_19,Oscar Piastri
14,14.0,0.0,17.666666666666668,1.5275252316519454,18.333333333333332,0.6666666666666666,17.5,17.5,10.666666666666666,-0.3333333333333333,-2.6666666666666665,1.3333333333333333,-5,2025,19,2025_19,Pierre Gasly
13,13.0,0.0,10.333333333333334,3.785938897200182,9.666666666666666,-0.6666666666666666,5.833333333333333,5.5,10.666666666666666,-0.3333333333333333,2.6666666666666665,-1.0,6,2025,19,2025_19,Yuki Tsunoda
17,17.0,0.0,13.666666666666666,0.5773502691895953,19.0,5.333333333333333,12.333333333333334,14.666666666666666,13.333333333333334,-0.6666666666666666,0.0,5.333333333333333,5,2025,20,2025_20,Alexander Albon
6,6.0,0.0,7.333333333333333,4.932882862316247,5.0,-2.3333333333333335,5.166666666666667,4.166666666666667,10.0,-0.6666666666666666,0.0,-2.3333333333333335,0,2025,20,2025_20,Andrea Kimi Antonelli
12,7.0,5.0,11.0,8.544003745317534,10.333333333333334,-0.6666666666666666,12.333333333333334,14.666666666666666,3.3333333333333335,-0.6666666666666666,-0.6666666666666666,-1.3333333333333333,-5,2025,20,2025_20,Carlos Sainz
2,2.0,0.0,6.0,3.000000000000003,6.666666666666667,0.6666666666666666,6.333333333333333,7.166666666666667,4.0,-0.6666666666666666,0.0,0.6666666666666666,0,2025,20,2025_20,Charles Leclerc
11,12.0,-1.0,15.666666666666666,2.0816659994661304,18.0,2.3333333333333335,12.833333333333334,14.333333333333334,10.333333333333334,-0.6666666666666666,-2.0,2.3333333333333335,2,2025,20,2025_20,Esteban Ocon
14,14.0,0.0,10.666666666666666,4.041451884327382,10.333333333333334,-0.3333333333333333,12.333333333333334,13.0,18.333333333333332,-0.6666666666666666,-6.666666666666667,-0.3333333333333333,-4,2025,20,2025_20,Fernando Alonso
20,20.0,0.0,17.333333333333332,1.5275252316519474,15.666666666666666,-1.6666666666666667,18.0,16.166666666666668,12.0,-0.6666666666666666,4.0,-1.6666666666666667,4,2025,20,2025_20,Franco Colapinto
16,16.0,0.0,15.333333333333334,3.7859388972001824,14.333333333333334,-1.0,15.0,13.666666666666666,10.0,-0.6666666666666666,0.0,-1.0,6,2025,20,2025_20,Gabriel Bortoleto
4,4.0,0.0,3.0,2.6457513110645894,3.3333333333333335,0.3333333333333333,5.166666666666667,4.166666666666667,5.0,-0.6666666666666666,0.0,0.3333333333333333,-3,2025,20,2025_20,George Russell
8,9.0,-1.0,12.333333333333334,3.214550253664318,12.0,-0.3333333333333333,11.333333333333334,10.5,10.0,-0.6666666666666666,0.0,-0.3333333333333333,-5,2025,20,2025_20,Isack Hadjar
19,19.0,0.0,14.0,2.6457513110645907,15.666666666666666,1.6666666666666667,12.333333333333334,13.0,14.333333333333334,-0.6666666666666666,-3.0,2.0,5,2025,20,2025_20,Lance Stroll
1,1.0,0.0,4.0,2.6457513110645907,4.666666666666667,0.6666666666666666,6.833333333333333,5.333333333333333,5.333333333333333,-0.6666666666666666,4.0,0.6666666666666666,0,2025,20,2025_20,Lando Norris
3,3.0,0.0,6.666666666666667,2.3094010767585034,7.666666666666667,1.0,6.333333333333333,7.166666666666667,2.6666666666666665,-0.6666666666666666,2.3333333333333335,1.0,-5,2025,20,2025_20,Lewis Hamilton
15,15.0,0.0,10.333333333333334,5.033222956847166,9.0,-1.3333333333333333,11.333333333333334,10.5,16.0,-0.6666666666666666,-4.0,-1.3333333333333333,-5,2025,20,2025_20,Liam Lawson
5,5.0,0.0,1.3333333333333333,0.5773502691896258,1.3333333333333333,0.0,4.833333333333333,6.0,2.6666666666666665,-0.6666666666666666,-0.6666666666666666,0.0,2,2025,20,2025_20,Max Verstappen
13,13.0,0.0,14.666666666666666,6.110100926607785,13.0,-1.6666666666666667,15.0,13.666666666666666,11.0,-0.6666666666666666,0.0,-1.6666666666666667,-6,2025,20,2025_20,Nico Hülkenberg
9,10.0,-1.0,10.0,1.7320508075688772,10.666666666666666,0.6666666666666666,12.833333333333334,14.333333333333334,10.0,-0.6666666666666666,0.0,0.6666666666666666,5,2025,20,2025_20,Oliver Bearman
7,8.0,-1.0,9.666666666666666,8.962886439832502,6.0,-3.6666666666666665,6.833333333333333,5.333333333333333,8.0,-0.6666666666666666,4.0,-3.6666666666666665,2,2025,20,2025_20,Oscar Piastri
18,18.0,0.0,18.666666666666668,0.5773502691896208,16.666666666666668,-2.0,18.0,16.166666666666668,10.666666666666666,-0.6666666666666666,0.3333333333333333,-1.6666666666666667,3,2025,20,2025_20,Pierre Gasly
10,11.0,-1.0,8.333333333333334,3.214550253664318,10.666666666666666,2.3333333333333335,4.833333333333333,6.0,17.333333333333332,-0.6666666666666666,-3.3333333333333335,2.3333333333333335,-1,2025,20,2025_20,Yuki Tsunoda
12,12.0,0.0,13.333333333333334,1.1547005383792517,18.333333333333332,5.0,14.5,15.166666666666666,17.333333333333332,-0.3333333333333333,-4.333333333333333,5.0,1,2025,21,2025_21,Alexander Albon
2,2.0,0.0,8.0,4.358898943540673,5.666666666666667,-2.3333333333333335,6.333333333333333,4.333333333333333,10.0,-0.3333333333333333,0.0,-2.3333333333333335,0,2025,21,2025_21,Andrea Kimi Antonelli
15,15.0,0.0,15.666666666666666,5.131601439446892,12.0,-3.6666666666666665,14.5,15.166666666666666,8.333333333333334,-0.3333333333333333,3.0,-2.6666666666666665,2,2025,21,2025_21,Carlos Sainz
3,3.0,0.0,3.6666666666666665,2.0816659994661433,4.0,0.3333333333333333,5.166666666666667,4.333333333333333,9.666666666666666,-0.3333333333333333,-5.333333333333333,0.3333333333333333,-16,2025,21,2025_21,Charles Leclerc
20,17.0,3.0,14.0,4.582575694955839,15.333333333333334,1.3333333333333333,10.666666666666666,12.166666666666666,6.666666666666667,-0.3333333333333333,4.666666666666667,1.0,8,2025,21,2025_21,Esteban Ocon
11,11.0,0.0,11.666666666666666,5.686240703077327,11.333333333333334,-0.3333333333333333,12.333333333333334,14.333333333333334,7.333333333333333,-0.3333333333333333,2.6666666666666665,-0.3333333333333333,-3,2025,21,2025_21,Fernando Alonso
16,18.0,-2.0,16.333333333333332,0.5773502691896263,17.0,0.6666666666666666,17.0,16.833333333333332,17.0,-0.3333333333333333,-1.0,0.6666666666666666,1,2025,21,2025_21,Franco Colapinto
18,11.0,0.0,15.0,4.358898943540673,15.333333333333334,0.3333333333333333,15.333333333333334,13.5,10.0,-0.3333333333333333,0.0,0.3333333333333333,-2,2025,21,2025_21,Gabriel Bortoleto
6,6.0,0.0,4.666666666666667,3.214550253664317,3.0,-1.6666666666666667,6.333333333333333,4.333333333333333,6.666666666666667,-0.3333333333333333,-3.0,-1.6666666666666667,2,2025,21,2025_21,George Russell
5,5.0,0.0,13.333333333333334,2.516611478423583,12.333333333333334,-1.0,14.333333333333334,12.666666666666666,10.0,-0.3333333333333333,0.0,-1.3333333333333333,-3,2025,21,2025_21,Isack Hadjar
14,14.0,0.0,13.0,1.0,17.333333333333332,4.333333333333333,12.333333333333334,14.333333333333334,11.333333333333334,-0.3333333333333333,-2.0,4.666666666666667,-2,2025,21,2025_21,Lance Stroll
1,1.0,0.0,2.0,1.0,2.6666666666666665,0.6666666666666666,3.3333333333333335,4.166666666666667,8.666666666666666,-0.3333333333333333,-4.333333333333333,0.6666666666666666,0,2025,21,2025_21,Lando Norris
13,13.0,0.0,6.666666666666667,2.3094010767585034,4.666666666666667,-2.0,5.166666666666667,4.333333333333333,6.666666666666667,-0.3333333333333333,0.3333333333333333,-2.0,-5,2025,21,2025_21,Lewis Hamilton
7,7.0,0.0,15.333333333333334,4.509249752822893,13.0,-2.3333333333333335,14.333333333333334,12.666666666666666,9.0,-0.3333333333333333,-4.0,-2.3333333333333335,0,2025,21,2025_21,Liam Lawson
19,16.0,3.0,2.0,1.0,2.6666666666666665,0.6666666666666666,6.0,7.5,2.6666666666666665,-0.3333333333333333,4.333333333333333,0.6666666666666666,16,2025,21,2025_21,Max Verstappen
10,10.0,0.0,15.666666666666666,6.658328118479392,11.666666666666666,-4.0,15.333333333333334,13.5,16.0,-0.3333333333333333,-1.5,-4.0,1,2025,21,2025_21,Nico Hülkenberg
8,8.0,0.0,7.333333333333333,2.8867513459481287,9.0,1.6666666666666667,10.666666666666666,12.166666666666666,12.0,-0.3333333333333333,3.0,1.3333333333333333,2,2025,21,2025_21,Oliver Bearman
4,4.0,0.0,4.666666666666667,0.5773502691896137,5.666666666666667,1.0,3.3333333333333335,4.166666666666667,11.0,-0.3333333333333333,-2.0,0.6666666666666666,-1,2025,21,2025_21,Oscar Piastri
9,9.0,0.0,17.666666666666668,2.3094010767585034,16.666666666666668,-1.0,17.0,16.833333333333332,8.0,-0.3333333333333333,4.666666666666667,-0.6666666666666666,-1,2025,21,2025_21,Pierre Gasly
17,19.0,-2.0,10.0,2.64575131106459,12.333333333333334,2.3333333333333335,6.0,7.5,11.0,-0.3333333333333333,-4.666666666666667,2.0,0,2025,21,2025_21,Yuki Tsunoda
16,16.0,0.0,12.333333333333334,1.5275252316519472,16.0,3.6666666666666665,14.5,13.166666666666666,15.5,0.0,-4.5,3.3333333333333335,0,2025,22,2025_22,Alexander Albon
17,17.0,0.0,7.0,5.567764362830021,5.0,-2.0,6.333333333333333,4.833333333333333,10.0,0.0,0.0,-2.0,14,2025,22,2025_22,Andrea Kimi Antonelli
3,3.0,0.0,16.666666666666668,3.511884584284259,10.333333333333334,-6.333333333333333,14.5,13.166666666666666,4.5,0.0,2.5,-4.666666666666667,-2,2025,22,2025_22,Carlos Sainz
9,9.0,0.0,8.0,9.539392014169456,2.6666666666666665,-5.333333333333333,9.0,4.833333333333333,3.0,0.0,-0.5,-5.333333333333333,5,2025,22,2025_22,Charles Leclerc
13,13.0,0.0,12.0,2.9999999999999982,15.333333333333334,3.3333333333333335,9.166666666666666,12.0,10.5,0.0,3.0,4.0,4,2025,22,2025_22,Esteban Ocon
7,7.0,0.0,14.0,3.999999999999998,11.666666666666666,-2.3333333333333335,14.0,14.333333333333334,10.0,0.0,2.5,-2.3333333333333335,-4,2025,22,2025_22,Fernando Alonso
15,15.0,0.0,16.0,1.0000000000000004,17.666666666666668,1.6666666666666667,15.333333333333334,15.666666666666666,14.0,0.0,6.0,1.0,0,2025,22,2025_22,Franco Colapinto
18,18.0,0.0,16.0,5.2915026221291805,16.0,2.0,14.0,12.666666666666666,10.0,0.0,0.0,0.6666666666666666,1,2025,22,2025_22,Gabriel Bortoleto
4,4.0,0.0,5.666666666666667,1.5275252316519439,4.666666666666667,-1.0,6.333333333333333,4.833333333333333,4.5,0.0,-2.5,-1.0,2,2025,22,2025_22,George Russell
8,8.0,0.0,12.333333333333334,4.041451884327381,11.333333333333334,-1.0,12.5,11.333333333333334,10.0,0.0,0.0,-1.3333333333333333,2,2025,22,2025_22,Isack Hadjar
12,12.0,0.0,14.0,2.0,17.0,3.0,14.0,14.333333333333334,10.0,0.0,8.5,3.3333333333333335,-6,2025,22,2025_22,Lance Stroll
1,1.0,0.0,1.3333333333333333,0.5773502691896257,1.3333333333333333,0.0,3.1666666666666665,3.6666666666666665,13.0,0.0,-2.5,0.0,-18,2025,22,2025_22,Lando Norris
19,20.0,-1.0,10.0,7.211102550927978,7.0,-3.0,9.0,4.833333333333333,4.5,0.0,5.5,-3.0,11,2025,22,2025_22,Lewis Hamilton
6,6.0,0.0,12.666666666666666,6.6583281184793925,11.333333333333334,-1.3333333333333333,12.5,11.333333333333334,16.0,0.0,-2.0,-1.3333333333333333,-8,2025,22,2025_22,Liam Lawson
2,2.0,0.0,2.3333333333333335,1.1547005383792515,7.333333333333333,5.0,7.0,10.833333333333334,3.0,0.0,0.5,6.0,1,2025,22,2025_22,Max Verstappen
11,11.0,0.0,12.0,6.082762530298218,11.333333333333334,-0.6666666666666666,14.0,12.666666666666666,13.5,0.0,-2.5,-0.6666666666666666,4,2025,22,2025_22,Nico Hülkenberg
14,14.0,0.0,6.333333333333333,2.5166114784235827,8.666666666666666,2.3333333333333335,9.166666666666666,12.0,10.0,0.0,0.0,2.0,4,2025,22,2025_22,Oliver Bearman
5,5.0,0.0,5.0,0.0,6.0,1.0,3.1666666666666665,3.6666666666666665,8.5,0.0,4.5,0.6666666666666666,-15,2025,22,2025_22,Oscar Piastri
10,10.0,0.0,14.666666666666666,4.509249752822894,13.666666666666666,-1.0,15.333333333333334,15.666666666666666,15.5,0.0,-12.0,-1.0,-3,2025,22,2025_22,Pierre Gasly
20,19.0,1.0,11.666666666666666,5.033222956847166,14.333333333333334,2.6666666666666665,7.0,10.833333333333334,13.5,0.0,0.0,1.6666666666666667,8,2025,22,2025_22,Yuki Tsunoda
14,15.0,-1.0,13.0,2.6457513110645907,15.0,2.0,12.333333333333334,11.666666666666666,14.0,0.0,0.5,2.0,3,2025,23,2025_23,Alexander Albon
5,5.0,0.0,3.6666666666666665,2.0816659994661255,8.333333333333334,4.666666666666667,4.0,6.5,10.0,0.0,0.0,4.666666666666667,0,2025,23,2025_23,Andrea Kimi Antonelli
7,7.0,0.0,11.666666666666666,6.110100926607791,8.333333333333334,-3.3333333333333335,12.333333333333334,11.666666666666666,13.0,0.0,-3.5,-1.6666666666666667,4,2025,23,2025_23,Carlos Sainz
10,10.0,0.0,8.333333333333334,9.291573243177568,4.666666666666667,-3.6666666666666665,9.833333333333334,8.333333333333334,3.5,0.0,1.5,-3.6666666666666665,2,2025,23,2025_23,Charles Leclerc
16,17.0,-1.0,10.0,1.7320508075688743,14.0,4.0,8.333333333333334,12.333333333333334,13.5,0.0,0.5,4.666666666666667,1,2025,23,2025_23,Esteban Ocon
8,8.0,0.0,14.333333333333334,3.5118845842842434,10.666666666666666,-3.6666666666666665,15.166666666666666,12.833333333333334,6.5,0.0,-0.5,-3.6666666666666665,1,2025,23,2025_23,Fernando Alonso
20,20.0,0.0,15.333333333333334,0.5773502691896266,17.666666666666668,2.3333333333333335,14.0,15.0,19.0,0.0,0.0,1.6666666666666667,6,2025,23,2025_23,Franco Colapinto
19,14.0,5.0,15.666666666666666,5.131601439446884,17.0,3.5,13.666666666666666,13.0,10.0,0.0,0.0,1.6666666666666667,6,2025,23,2025_23,Gabriel Bortoleto
4,4.0,0.0,4.333333333333333,2.516611478423582,4.666666666666667,0.3333333333333333,4.0,6.5,4.0,0.0,-2.5,0.3333333333333333,-2,2025,23,2025_23,George Russell
6,6.0,0.0,9.0,3.6055512754639896,7.333333333333333,-1.6666666666666667,11.333333333333334,8.333333333333334,10.0,0.0,0.0,-2.0,-12,2025,23,2025_23,Isack Hadjar
18,19.0,-1.0,16.0,2.0,15.0,-1.0,15.166666666666666,12.833333333333334,14.5,0.0,1.0,-1.0,1,2025,23,2025_23,Lance Stroll
2,2.0,0.0,7.0,10.392304845413264,1.0,-6.0,8.5,3.3333333333333335,6.5,0.0,0.0,-6.0,-2,2025,23,2025_23,Lando Norris
17,18.0,-1.0,11.333333333333334,5.773502691896258,12.0,0.6666666666666666,9.833333333333334,8.333333333333334,15.5,0.0,-11.0,0.3333333333333333,5,2025,23,2025_23,Lewis Hamilton
12,12.0,0.0,13.666666666666666,6.506407098647712,9.333333333333334,-4.333333333333333,11.333333333333334,8.333333333333334,15.5,0.0,1.5,-4.333333333333333,3,2025,23,2025_23,Liam Lawson
3,3.0,0.0,2.3333333333333335,1.1547005383792517,7.666666666666667,5.333333333333333,7.833333333333333,12.0,1.0,0.0,0.5,6.333333333333333,2,2025,23,2025_23,Max Verstappen
11,11.0,0.0,11.666666666666666,6.429100507328635,11.333333333333334,-0.3333333333333333,13.666666666666666,13.0,16.0,0.0,0.0,-0.3333333333333333,-9,2025,23,2025_23,Nico Hülkenberg
13,13.0,0.0,6.666666666666667,3.0550504633038926,10.666666666666666,4.0,8.333333333333334,12.333333333333334,10.0,0.0,0.0,3.6666666666666665,-6,2025,23,2025_23,Oliver Bearman
1,1.0,0.0,10.0,8.660254037844387,5.666666666666667,-4.333333333333333,8.5,3.3333333333333335,2.5,0.0,2.5,-4.666666666666667,-1,2025,23,2025_23,Oscar Piastri
9,9.0,0.0,12.666666666666666,2.5166114784235836,12.333333333333334,-0.3333333333333333,14.0,15.0,8.5,0.0,0.5,-0.3333333333333333,-7,2025,23,2025_23,Pierre Gasly
15,16.0,-1.0,13.333333333333334,3.2145502536643185,16.333333333333332,3.0,7.833333333333333,12.0,14.0,0.0,-1.5,2.3333333333333335,5,2025,23,2025_23,Yuki Tsunoda
17,17.0,0.0,12.666666666666666,2.886751345948129,14.333333333333334,1.6666666666666667,9.833333333333334,11.333333333333334,12.666666666666666,0.0,4.333333333333333,1.3333333333333333,1,2025,24,2025_24,Alexander Albon
14,14.0,0.0,3.3333333333333335,1.5275252316519359,8.0,4.666666666666667,3.6666666666666665,6.333333333333333,10.0,0.0,0.0,4.666666666666667,-1,2025,24,2025_24,Andrea Kimi Antonelli
12,12.0,0.0,7.0,5.291502622129183,8.333333333333334,1.3333333333333333,9.833333333333334,11.333333333333334,8.0,0.0,-0.3333333333333333,1.3333333333333333,-1,2025,24,2025_24,Carlos Sainz
5,5.0,0.0,10.333333333333334,7.767453465154026,7.333333333333333,-3.0,11.5,12.166666666666666,2.3333333333333335,0.0,5.666666666666667,-3.0,1,2025,24,2025_24,Charles Leclerc
8,8.0,0.0,12.0,2.9999999999999982,15.666666666666666,3.6666666666666665,11.833333333333334,13.666666666666666,9.5,0.0,0.5,4.333333333333333,1,2025,24,2025_24,Esteban Ocon
6,6.0,0.0,10.666666666666666,3.5118845842842474,8.666666666666666,-2.0,13.833333333333334,11.833333333333334,12.0,0.0,-3.6666666666666665,-2.0,0,2025,24,2025_24,Fernando Alonso
20,20.0,0.0,14.666666666666666,0.5773502691896255,17.666666666666668,3.0,13.833333333333334,13.5,19.0,0.0,1.0,2.3333333333333335,0,2025,24,2025_24,Franco Colapinto
7,7.0,0.0,16.666666666666668,3.511884584284246,16.0,1.0,14.333333333333334,12.333333333333334,10.0,0.0,0.0,1.6666666666666667,-4,2025,24,2025_24,Gabriel Bortoleto
4,4.0,0.0,4.0,1.9999999999999978,4.666666666666667,0.6666666666666666,3.6666666666666665,6.333333333333333,4.333333333333333,0.0,1.0,0.6666666666666666,-1,2025,24,2025_24,George Russell
9,9.0,0.0,10.666666666666666,6.429100507328638,6.333333333333333,-4.333333333333333,10.333333333333334,7.333333333333333,10.0,0.0,0.0,-4.333333333333333,-8,2025,24,2025_24,Isack Hadjar
15,15.0,0.0,17.0,1.0,15.0,-2.0,13.833333333333334,11.833333333333334,10.666666666666666,0.0,2.6666666666666665,-2.3333333333333335,5,2025,24,2025_24,Lance Stroll
2,2.0,0.0,8.0,9.643650760992955,1.3333333333333333,-6.666666666666667,8.5,2.3333333333333335,4.0,0.0,0.3333333333333333,-6.666666666666667,-1,2025,24,2025_24,Lando Norris
16,16.0,0.0,12.666666666666666,5.033222956847166,17.0,4.333333333333333,11.5,12.166666666666666,10.333333333333334,0.0,0.3333333333333333,3.6666666666666665,8,2025,24,2025_24,Lewis Hamilton
13,13.0,0.0,10.0,3.6055512754639882,8.333333333333334,-1.6666666666666667,10.333333333333334,7.333333333333333,17.0,0.0,-5.0,-1.6666666666666667,-5,2025,24,2025_24,Liam Lawson
1,1.0,0.0,1.6666666666666667,1.1547005383792517,7.0,5.333333333333333,7.333333333333333,12.5,2.6666666666666665,0.0,-0.6666666666666666,6.333333333333333,0,2025,24,2025_24,Max Verstappen
18,18.0,0.0,12.0,6.999999999999998,10.666666666666666,-1.3333333333333333,14.333333333333334,12.333333333333334,11.5,0.0,-4.0,-1.3333333333333333,9,2025,24,2025_24,Nico Hülkenberg
11,11.0,0.0,11.666666666666666,6.6583281184793925,11.666666666666666,0.0,11.833333333333334,13.666666666666666,10.0,0.0,0.0,0.0,-1,2025,24,2025_24,Oliver Bearman
3,3.0,0.0,9.0,9.643650760992955,3.3333333333333335,-5.666666666666667,8.5,2.3333333333333335,8.0,0.0,-5.5,-5.666666666666667,1,2025,24,2025_24,Oscar Piastri
19,19.0,0.0,13.0,3.0,9.333333333333334,-3.6666666666666665,13.833333333333334,13.5,11.333333333333334,0.0,-0.6666666666666666,-3.6666666666666665,0,2025,24,2025_24,Pierre Gasly
10,10.0,0.0,13.0,3.605551275463989,18.0,5.0,7.333333333333333,12.5,10.333333333333334,0.0,-1.0,4.333333333333333,-4,2025,24,2025_24,Yuki Tsunoda
15,15.0,0.0,14.333333333333334,2.886751345948129,16.0,1.6666666666666667,10.666666666666666,11.666666666666666,11.25,0.0,0.25,1.3333333333333333,3,2026,1,2026_1,Alexander Albon
2,2.0,0.0,7.666666666666667,6.429100507328636,12.0,4.333333333333333,6.0,8.0,4.0,0.0,12.0,4.333333333333333,0,2026,1,2026_1,Andrea Kimi Antonelli
9,9.0,0.0,11.333333333333334,3.0550504633038913,11.333333333333334,0.3333333333333333,13.666666666666666,9.0,10.0,0.0,0.0,0.3333333333333333,1,2026,1,2026_1,Arvid Lindblad
21,11.0,0.0,7.0,5.291502622129183,7.333333333333333,0.3333333333333333,10.666666666666666,11.666666666666666,12.75,0.0,-6.25,0.3333333333333333,6,2026,1,2026_1,Carlos Sainz
4,4.0,0.0,5.333333333333333,2.309401076758508,8.0,2.6666666666666665,7.333333333333333,13.0,7.75,0.0,-3.0,2.6666666666666665,1,2026,1,2026_1,Charles Leclerc
13,13.0,0.0,10.333333333333334,4.163331998932264,12.666666666666666,2.3333333333333335,12.0,12.666666666666666,12.5,0.0,0.75,2.0,2,2026,1,2026_1,Esteban Ocon
17,17.0,0.0,8.0,2.645751311064596,7.0,-1.0,11.5,11.166666666666666,11.25,0.0,-2.25,-1.0,-1,2026,1,2026_1,Fernando Alonso
16,16.0,0.0,16.333333333333332,3.214550253664319,18.333333333333332,2.0,16.166666666666668,15.5,10.0,0.0,0.0,2.0,2,2026,1,2026_1,Franco Colapinto
10,10.0,0.0,13.666666666666666,3.055050463303895,13.0,-0.6666666666666666,11.291666666666668,11.333333333333334,16.0,0.0,-1.0,1.0,1,2026,1,2026_1,Gabriel Bortoleto
1,1.0,0.0,4.333333333333333,2.081665999466131,4.0,-0.3333333333333333,6.0,8.0,10.25,0.0,-5.5,-0.3333333333333333,0,2026,1,2026_1,George Russell
3,3.0,0.0,13.666666666666666,6.658328118479394,7.666666666666667,-6.0,6.5,8.5,20.0,0.0,-9.0,-6.0,-17,2026,1,2026_1,Isack Hadjar
22,11.0,0.0,15.0,4.358898943540674,15.333333333333334,0.3333333333333333,11.5,11.166666666666666,7.0,0.0,4.75,0.0,5,2026,1,2026_1,Lance Stroll
6,6.0,0.0,8.666666666666666,8.962886439832502,1.6666666666666667,-7.0,8.333333333333334,2.3333333333333335,3.75,0.0,1.5,-7.0,1,2026,1,2026_1,Lando Norris
7,7.0,0.0,9.333333333333334,2.3094010767585025,18.0,8.666666666666666,7.333333333333333,13.0,8.5,0.0,-1.75,8.0,3,2026,1,2026_1,Lewis Hamilton
8,8.0,0.0,13.666666666666666,4.509249752822893,10.333333333333334,-3.3333333333333335,13.666666666666666,9.0,15.0,0.0,3.0,-3.3333333333333335,-5,2026,1,2026_1,Liam Lawson
20,11.0,0.0,1.0,0.0,2.0,1.0,6.5,8.5,10.0,0.0,-8.25,1.0,14,2026,1,2026_1,Max Verstappen
11,11.0,0.0,12.0,6.999999999999998,13.333333333333334,1.3333333333333333,11.291666666666668,11.333333333333334,7.666666666666667,0.0,6.666666666666667,1.3333333333333333,-11,2026,1,2026_1,Nico Hülkenberg
12,12.0,0.0,13.666666666666666,4.725815626252608,12.666666666666666,-1.0,12.0,12.666666666666666,14.0,0.0,6.0,-1.0,5,2026,1,2026_1,Oliver Bearman
5,5.0,0.0,8.0,10.392304845413264,3.0,-5.0,8.333333333333334,2.3333333333333335,7.0,0.0,0.6666666666666666,-5.0,-16,2026,1,2026_1,Oscar Piastri
14,14.0,0.0,16.0,3.0,12.666666666666666,-3.3333333333333335,16.166666666666668,15.5,11.5,0.0,0.0,-3.3333333333333335,4,2026,1,2026_1,Pierre Gasly
18,18.0,0.0,15.666666666666666,5.131601439446884,11.666666666666666,-4.0,11.291666666666668,11.333333333333334,4.0,0.0,5.666666666666667,-4.333333333333333,2,2026,1,2026_1,Sergio Pérez
19,19.0,0.0,15.666666666666666,4.041451884327381,13.666666666666666,-2.0,11.291666666666668,11.333333333333334,11.0,0.0,3.6666666666666665,-2.0,0,2026,1,2026_1,Valtteri Bottas
22,18.0,4.0,13.0,2.6457513110645907,15.666666666666666,2.6666666666666665,11.666666666666666,13.5,9.5,0.0,2.5,2.3333333333333335,0,2026,2,2026_2,Alexander Albon
1,1.0,0.0,7.333333333333333,6.8068592855540455,7.0,-0.3333333333333333,5.666666666666667,5.0,6.0,0.0,2.0,-0.3333333333333333,0,2026,2,2026_2,Andrea Kimi Antonelli
15,15.0,0.0,8.0,3.0550504633038913,9.0,1.0,13.833333333333334,9.5,10.0,0.0,0.0,1.0,3,2026,2,2026_2,Arvid Lindblad
17,17.0,0.0,10.333333333333334,6.4291005073286405,9.5,1.5,11.666666666666666,13.5,7.5,0.0,3.5,3.0,8,2026,2,2026_2,Carlos Sainz
4,4.0,0.0,5.0,2.6457513110645956,6.333333333333333,1.3333333333333333,6.5,10.0,11.0,0.0,-5.0,1.3333333333333333,0,2026,2,2026_2,Charles Leclerc
13,13.0,0.0,11.0,3.9999999999999987,12.666666666666666,1.6666666666666667,11.833333333333334,12.333333333333334,8.0,0.0,4.0,1.3333333333333333,-1,2026,2,2026_2,Esteban Ocon
18,19.0,-1.0,10.333333333333334,6.658328118479393,10.333333333333334,0.0,12.5,13.666666666666666,12.0,0.0,-4.0,0.0,1,2026,2,2026_2,Fernando Alonso
12,12.0,0.0,16.0,3.4641016151377553,18.666666666666668,2.6666666666666665,15.5,16.333333333333332,10.0,0.0,0.0,2.6666666666666665,2,2026,2,2026_2,Franco Colapinto
16,16.0,0.0,11.0,2.000000000000005,10.333333333333334,-0.6666666666666666,15.5,10.5,14.0,0.0,5.0,1.0,-5,2026,2,2026_2,Gabriel Bortoleto
2,2.0,0.0,4.0,2.645751311064589,3.0,-1.0,5.666666666666667,5.0,4.5,0.0,0.5,-1.0,0,2026,2,2026_2,George Russell
9,9.0,0.0,18.333333333333332,1.527525231651954,6.0,-12.333333333333334,8.666666666666666,6.0,11.0,0.0,-4.0,-12.333333333333334,1,2026,2,2026_2,Isack Hadjar
20,21.0,-1.0,14.666666666666666,4.041451884327381,17.0,3.5,12.5,13.666666666666666,12.0,0.0,0.5,3.6666666666666665,2,2026,2,2026_2,Lance Stroll
6,6.0,0.0,4.0,0.9999999999999932,3.3333333333333335,-0.6666666666666666,6.166666666666667,3.1666666666666665,2.0,0.0,1.5,-0.6666666666666666,-14,2026,2,2026_2,Lando Norris
3,3.0,0.0,8.0,3.9999999999999996,13.666666666666666,5.666666666666667,6.5,10.0,14.0,0.0,-2.5,5.333333333333333,0,2026,2,2026_2,Lewis Hamilton
14,14.0,0.0,13.333333333333334,4.509249752822893,11.0,-2.3333333333333335,13.833333333333334,9.5,12.0,0.0,8.0,-2.3333333333333335,7,2026,2,2026_2,Liam Lawson
8,8.0,0.0,2.6666666666666665,2.8867513459481287,2.0,1.0,8.666666666666666,6.0,2.5,0.0,0.0,5.333333333333333,-8,2026,2,2026_2,Max Verstappen
11,11.0,0.0,17.0,6.999999999999998,13.333333333333334,-3.6666666666666665,15.5,10.5,12.5,0.0,-2.0,-3.6666666666666665,0,2026,2,2026_2,Nico Hülkenberg
10,10.0,0.0,12.666666666666666,6.027713773341707,12.0,-0.6666666666666666,11.833333333333334,12.333333333333334,8.0,0.0,9.0,-0.6666666666666666,5,2026,2,2026_2,Oliver Bearman
5,5.0,0.0,8.333333333333334,10.96965511460289,3.0,-5.333333333333333,6.166666666666667,3.1666666666666665,4.5,0.0,-1.5,-5.333333333333333,-14,2026,2,2026_2,Oscar Piastri
7,7.0,0.0,15.0,4.58257569495584,14.0,-1.0,15.5,16.333333333333332,16.5,0.0,-1.0,-1.0,1,2026,2,2026_2,Pierre Gasly
21,22.0,-1.0,17.666666666666668,2.081665999466132,12.333333333333334,-5.333333333333333,17.5,18.5,3.0,0.0,-1.0,-5.333333333333333,6,2026,2,2026_2,Sergio Pérez
19,20.0,-1.0,16.0,4.358898943540674,13.666666666666666,-2.3333333333333335,17.5,18.5,20.0,0.0,-10.0,-2.3333333333333335,6,2026,2,2026_2,Valtteri Bottas
17,17.0,0.0,16.666666666666668,5.033222956847166,16.666666666666668,0.0,14.5,15.666666666666666,16.25,0.0,-3.25,1.3333333333333333,-3,2026,3,2026_3,Alexander Albon
1,1.0,0.0,6.0,7.810249675906653,5.666666666666667,-0.3333333333333333,4.333333333333333,4.0,6.0,0.0,0.0,-0.3333333333333333,0,2026,3,2026_3,Andrea Kimi Antonelli
10,10.0,0.0,10.0,2.8284271247461903,12.0,2.0,12.5,11.333333333333334,10.0,0.0,0.0,2.0,-4,2026,3,2026_3,Arvid Lindblad
16,16.0,0.0,12.333333333333334,3.055050463303903,14.5,3.5,14.5,15.666666666666666,10.5,0.0,-3.5,4.333333333333333,1,2026,3,2026_3,Carlos Sainz
4,4.0,0.0,3.6666666666666665,0.5773502691896646,4.333333333333333,0.6666666666666666,4.333333333333333,6.5,3.75,0.0,0.75,0.6666666666666666,1,2026,3,2026_3,Charles Leclerc
12,12.0,0.0,10.666666666666666,3.511884584284245,11.333333333333334,0.6666666666666666,9.333333333333334,11.166666666666666,11.5,0.0,1.5,0.6666666666666666,2,2026,3,2026_3,Esteban Ocon
21,21.0,0.0,13.666666666666666,6.658328118479392,14.0,0.3333333333333333,14.333333333333334,15.833333333333334,8.0,0.0,0.5,0.0,3,2026,3,2026_3,Fernando Alonso
15,15.0,0.0,14.666666666666666,5.033222956847167,16.0,1.3333333333333333,13.166666666666666,14.666666666666666,10.0,0.0,0.0,1.3333333333333333,-1,2026,3,2026_3,Franco Colapinto
9,9.0,0.0,13.666666666666666,6.429100507328637,11.0,-2.6666666666666665,15.75,12.0,19.0,0.0,-2.0,-2.6666666666666665,-4,2026,3,2026_3,Gabriel Bortoleto
2,2.0,0.0,2.6666666666666665,2.081665999466131,2.3333333333333335,-0.3333333333333333,4.333333333333333,4.0,6.75,0.0,0.75,-0.3333333333333333,-2,2026,3,2026_3,George Russell
8,8.0,0.0,15.0,6.2449979983984,7.0,-8.0,10.833333333333334,5.666666666666667,8.0,0.0,-1.0,-8.0,-4,2026,3,2026_3,Isack Hadjar
22,22.0,0.0,15.0,4.358898943540674,18.0,4.0,14.333333333333334,15.833333333333334,15.5,0.0,2.5,4.0,1,2026,3,2026_3,Lance Stroll
5,5.0,0.0,9.333333333333334,9.291573243177568,4.666666666666667,-4.666666666666667,11.666666666666666,4.5,4.75,0.0,-0.25,-4.666666666666667,0,2026,3,2026_3,Lando Norris
6,6.0,0.0,5.0,2.64575131106459,8.666666666666666,3.6666666666666665,4.333333333333333,6.5,6.5,0.0,0.5,3.6666666666666665,0,2026,3,2026_3,Lewis Hamilton
14,14.0,0.0,12.666666666666666,5.507570547286101,11.666666666666666,-1.0,12.5,11.333333333333334,14.0,0.0,-2.0,-1.0,5,2026,3,2026_3,Liam Lawson
11,11.0,0.0,7.666666666666667,7.637626158259733,4.5,-4.0,10.833333333333334,5.666666666666667,1.0,0.0,0.0,2.0,3,2026,3,2026_3,Max Verstappen
13,13.0,0.0,14.0,6.999999999999998,13.333333333333334,-0.6666666666666666,15.75,12.0,13.666666666666666,0.0,1.6666666666666667,-0.6666666666666666,2,2026,3,2026_3,Nico Hülkenberg
18,18.0,0.0,8.0,3.6055512754639882,11.0,3.0,9.333333333333334,11.166666666666666,10.0,0.0,0.0,3.0,-4,2026,3,2026_3,Oliver Bearman
3,3.0,0.0,14.0,10.440306508910552,4.333333333333333,-9.666666666666666,11.666666666666666,4.5,4.666666666666667,0.0,-1.0,-9.666666666666666,1,2026,3,2026_3,Oscar Piastri
7,7.0,0.0,11.666666666666666,6.6583281184793925,13.333333333333334,1.6666666666666667,13.166666666666666,14.666666666666666,14.25,0.0,0.0,1.6666666666666667,0,2026,3,2026_3,Pierre Gasly
19,19.0,0.0,17.0,2.6457513110645903,16.666666666666668,-0.3333333333333333,15.75,19.75,7.666666666666667,0.0,-4.0,-0.6666666666666666,2,2026,3,2026_3,Sergio Pérez
20,20.0,0.0,16.666666666666668,3.214550253664319,16.0,-0.6666666666666666,15.75,19.75,16.333333333333332,0.0,-2.6666666666666665,-1.0,1,2026,3,2026_3,Valtteri Bottas
15,15.0,0.0,18.0,5.2915026221291805,16.666666666666668,-1.3333333333333333,15.5,16.333333333333332,11.5,-0.2875,1.0,0.0,5,2026,4,2026_4,Alexander Albon
1,1.0,0.0,1.3333333333333333,0.5773502691895881,1.3333333333333333,0.0,1.8333333333333333,1.5,6.0,-0.2875,-3.0,0.0,0,2026,4,2026_4,Andrea Kimi Antonelli
16,16.0,0.0,11.333333333333334,3.055050463303893,11.333333333333334,0.0,10.5,11.666666666666666,10.0,-0.2875,0.0,0.0,2,2026,4,2026_4,Arvid Lindblad
13,13.0,0.0,13.0,3.4641016151377633,16.5,4.5,15.5,16.333333333333332,5.5,-0.2875,-2.0,5.0,4,2026,4,2026_4,Carlos Sainz
3,3.0,0.0,3.3333333333333335,0.5773502691896683,4.0,0.6666666666666666,3.8333333333333335,4.666666666666667,4.75,-0.2875,-0.25,0.6666666666666666,-5,2026,4,2026_4,Charles Leclerc
14,14.0,0.0,11.666666666666666,2.0816659994661313,12.666666666666666,1.0,11.5,13.0,9.75,-0.2875,2.75,1.0,1,2026,4,2026_4,Esteban Ocon
17,17.0,0.0,17.666666666666668,0.5773502691895881,19.0,1.3333333333333333,18.166666666666668,19.5,9.5,-0.2875,1.75,1.0,2,2026,4,2026_4,Fernando Alonso
8,8.0,0.0,13.333333333333334,3.055050463303893,14.333333333333334,1.0,10.5,11.833333333333334,10.0,-0.2875,0.0,1.0,1,2026,4,2026_4,Franco Colapinto
21,21.0,0.0,14.333333333333334,6.110100926607786,11.666666666666666,-2.6666666666666665,14.5,11.666666666666666,18.0,-0.2875,-5.0,-2.6666666666666665,9,2026,4,2026_4,Gabriel Bortoleto
5,5.0,0.0,2.3333333333333335,1.5275252316519439,1.6666666666666667,-0.6666666666666666,1.8333333333333333,1.5,5.0,-0.2875,2.5,-0.6666666666666666,1,2026,4,2026_4,George Russell
22,22.0,0.0,13.333333333333334,6.110100926607789,6.666666666666667,-6.666666666666667,11.666666666666666,7.0,11.0,-0.2875,0.0,-6.666666666666667,0,2026,4,2026_4,Isack Hadjar
18,18.0,0.0,18.666666666666668,2.081665999466132,21.5,2.0,18.166666666666668,19.5,13.75,-0.2875,-2.0,2.6666666666666665,1,2026,4,2026_4,Lance Stroll
4,4.0,0.0,10.0,8.660254037844387,5.666666666666667,-4.333333333333333,12.0,5.0,9.75,-0.2875,-2.0,-4.333333333333333,2,2026,4,2026_4,Lando Norris
6,6.0,0.0,4.333333333333333,1.5275252316519456,5.333333333333333,1.0,3.8333333333333335,4.666666666666667,6.5,-0.2875,3.25,1.0,0,2026,4,2026_4,Lewis Hamilton
11,11.0,0.0,9.666666666666666,3.0550504633038913,12.0,2.3333333333333335,10.5,11.666666666666666,17.0,-0.2875,-2.0,2.3333333333333335,-9,2026,4,2026_4,Liam Lawson
2,2.0,0.0,10.0,5.2915026221291805,9.5,-2.5,11.666666666666666,7.0,2.0,-0.2875,1.5,3.0,-3,2026,4,2026_4,Max Verstappen
10,10.0,0.0,14.666666666666666,6.350852961085882,11.666666666666666,-3.0,14.5,11.666666666666666,13.333333333333334,-0.2875,-1.0,-3.0,-9,2026,4,2026_4,Nico Hülkenberg
12,12.0,0.0,11.333333333333334,9.29157324317757,13.333333333333334,2.0,11.5,13.0,19.0,-0.2875,0.0,2.0,1,2026,4,2026_4,Oliver Bearman
7,7.0,0.0,14.0,10.44030650891055,4.333333333333333,-9.666666666666666,12.0,5.0,11.0,-0.2875,-1.3333333333333333,-9.666666666666666,4,2026,4,2026_4,Oscar Piastri
9,9.0,0.0,7.666666666666667,2.081665999466131,9.333333333333334,1.6666666666666667,10.5,11.833333333333334,12.75,-0.2875,-1.75,1.6666666666666667,-12,2026,4,2026_4,Pierre Gasly
20,20.0,0.0,16.0,0.9999999999999987,19.666666666666668,3.6666666666666665,16.5,19.666666666666668,3.3333333333333335,-0.2875,-0.3333333333333333,3.3333333333333335,4,2026,4,2026_4,Sergio Pérez
19,19.0,0.0,17.0,3.4641016151377553,19.666666666666668,2.6666666666666665,16.5,19.666666666666668,12.0,-0.2875,-1.6666666666666667,2.3333333333333335,1,2026,4,2026_4,Valtteri Bottas
18,18.0,0.0,17.333333333333332,6.429100507328636,16.666666666666668,-0.6666666666666666,14.166666666666666,16.0,14.25,0.0,-4.25,0.6666666666666666,-3,2026,5,2026_5,Alexander Albon
2,2.0,0.0,1.0,0.0,1.0,0.0,2.1666666666666665,2.0,3.0,0.0,1.0,0.0,1,2026,5,2026_5,Andrea Kimi Antonelli
9,9.0,0.0,13.333333333333334,1.15470053837925,13.666666666666666,0.3333333333333333,12.666666666666666,13.333333333333334,10.0,0.0,0.0,0.3333333333333333,-13,2026,5,2026_5,Arvid Lindblad
15,15.0,0.0,11.0,3.464101615137761,15.333333333333334,4.333333333333333,14.166666666666666,16.0,8.25,0.0,2.25,4.333333333333333,6,2026,5,2026_5,Carlos Sainz
8,8.0,0.0,5.0,2.6457513110645956,3.6666666666666665,-1.3333333333333333,5.0,4.333333333333333,8.25,0.0,3.75,-1.3333333333333333,4,2026,5,2026_5,Charles Leclerc
17,17.0,0.0,12.333333333333334,2.0816659994661313,13.0,0.6666666666666666,12.5,13.166666666666666,8.25,0.0,3.0,0.6666666666666666,3,2026,5,2026_5,Esteban Ocon
19,19.0,0.0,16.666666666666668,1.527525231651933,19.0,2.3333333333333335,17.666666666666668,19.666666666666668,6.0,0.0,-2.0,2.0,-1,2026,5,2026_5,Fernando Alonso
10,10.0,0.0,11.0,4.58257569495584,11.666666666666666,0.6666666666666666,11.166666666666666,9.666666666666666,13.0,0.0,-3.0,0.6666666666666666,4,2026,5,2026_5,Franco Colapinto
13,13.0,0.0,15.333333333333334,4.932882862316246,15.333333333333334,0.0,14.5,13.333333333333334,14.0,0.0,1.0,0.0,0,2026,5,2026_5,Gabriel Bortoleto
1,1.0,0.0,3.3333333333333335,1.1547005383792484,3.0,-0.3333333333333333,2.1666666666666665,2.0,6.75,0.0,-3.25,-0.3333333333333333,-18,2026,5,2026_5,George Russell
7,7.0,0.0,14.0,7.211102550927981,13.0,-1.0,11.833333333333334,10.0,16.0,0.0,-4.0,-1.0,2,2026,5,2026_5,Isack Hadjar
22,21.0,1.0,18.666666666666668,2.081665999466132,20.333333333333332,1.6666666666666667,17.666666666666668,19.666666666666668,10.75,0.0,4.0,1.3333333333333333,7,2026,5,2026_5,Lance Stroll
3,3.0,0.0,9.0,9.643650760992955,5.0,-4.0,8.5,5.0,12.0,0.0,-4.25,-4.0,-15,2026,5,2026_5,Lando Norris
5,5.0,0.0,5.0,1.7320508075688765,5.0,0.0,5.0,4.333333333333333,4.0,0.0,0.75,0.0,3,2026,5,2026_5,Lewis Hamilton
12,12.0,0.0,12.0,6.999999999999999,13.0,1.0,12.666666666666666,13.333333333333334,19.0,0.0,0.0,1.0,5,2026,5,2026_5,Liam Lawson
6,6.0,0.0,9.666666666666666,5.686240703077327,7.0,-2.6666666666666665,11.833333333333334,10.0,1.25,0.0,0.25,-2.6666666666666665,3,2026,5,2026_5,Max Verstappen
11,11.0,0.0,13.666666666666666,4.618802153517007,11.333333333333334,-2.3333333333333335,14.5,13.333333333333334,11.333333333333334,0.0,-0.3333333333333333,-2.3333333333333335,-1,2026,5,2026_5,Nico Hülkenberg
16,16.0,0.0,12.666666666666666,8.621678104251709,13.333333333333334,0.6666666666666666,12.5,13.166666666666666,11.0,0.0,2.0,0.6666666666666666,6,2026,5,2026_5,Oliver Bearman
4,4.0,0.0,8.0,9.539392014169454,5.0,-3.0,8.5,5.0,6.666666666666667,0.0,-1.6666666666666667,-3.0,-7,2026,5,2026_5,Oscar Piastri
14,14.0,0.0,11.333333333333334,8.386497083606082,7.666666666666667,-3.6666666666666665,11.166666666666666,9.666666666666666,12.5,0.0,3.75,-3.6666666666666665,6,2026,5,2026_5,Pierre Gasly
20,20.0,0.0,16.0,0.9999999999999987,20.333333333333332,4.333333333333333,16.333333333333332,20.0,14.666666666666666,0.0,-1.0,4.0,3,2026,5,2026_5,Sergio Pérez
21,22.0,-1.0,16.666666666666668,3.214550253664319,19.666666666666668,3.0,16.333333333333332,20.0,10.0,0.0,4.666666666666667,2.6666666666666665,5,2026,5,2026_5,Valtteri Bottas
11,11.0,0.0,17.0,6.0827625302982185,16.666666666666668,-0.3333333333333333,14.0,15.666666666666666,12.5,0.0,-0.5,-0.3333333333333333,3,2026,6,2026_6,Alexander Albon
1,1.0,0.0,1.0,0.0,1.3333333333333333,0.3333333333333333,5.0,2.0,18.0,0.0,-3.0,0.3333333333333333,0,2026,6,2026_6,Andrea Kimi Antonelli
15,15.0,0.0,16.666666666666668,4.618802153517006,11.666666666666666,-5.0,14.333333333333334,12.0,10.0,0.0,0.0,-5.0,9,2026,6,2026_6,Arvid Lindblad
12,12.0,0.0,11.0,3.464101615137761,14.666666666666666,3.6666666666666665,14.0,15.666666666666666,5.75,0.0,-0.75,3.6666666666666665,-4,2026,6,2026_6,Carlos Sainz
4,4.0,0.0,5.0,2.6457513110645956,5.0,0.0,4.833333333333333,5.333333333333333,3.25,0.0,-0.75,0.0,-13,2026,6,2026_6,Charles Leclerc
17,17.0,0.0,12.333333333333334,2.0816659994661313,14.333333333333334,2.0,13.333333333333334,14.833333333333334,9.75,0.0,-1.75,2.0,8,2026,6,2026_6,Esteban Ocon
21,21.0,0.0,17.666666666666668,2.5166114784235747,19.0,1.3333333333333333,17.666666666666668,19.666666666666668,9.75,0.0,-2.5,1.3333333333333333,11,2026,6,2026_6,Fernando Alonso
14,14.0,0.0,9.666666666666666,5.507570547286102,11.0,1.3333333333333333,10.833333333333334,10.5,13.0,0.0,5.0,1.3333333333333333,0,2026,6,2026_6,Franco Colapinto
16,16.0,0.0,12.666666666666666,0.5773502691896307,14.333333333333334,1.6666666666666667,13.333333333333334,12.833333333333334,14.0,0.0,2.0,1.6666666666666667,5,2026,6,2026_6,Gabriel Bortoleto
6,6.0,0.0,9.0,8.660254037844387,2.6666666666666665,-6.333333333333333,5.0,2.0,6.5,0.0,1.75,-6.333333333333333,-6,2026,6,2026_6,George Russell
5,5.0,0.0,13.0,8.544003745317532,12.333333333333334,-0.6666666666666666,9.166666666666666,9.333333333333334,6.0,0.0,-1.0,-0.6666666666666666,2,2026,6,2026_6,Isack Hadjar
22,22.0,0.0,17.666666666666668,3.055050463303893,20.333333333333332,2.6666666666666665,17.666666666666668,19.666666666666668,15.75,0.0,0.25,3.0,4,2026,6,2026_6,Lance Stroll
8,8.0,0.0,8.333333333333334,8.504900548115382,4.0,-4.333333333333333,6.833333333333333,4.333333333333333,5.0,0.0,0.0,-4.333333333333333,-11,2026,6,2026_6,Lando Norris
3,3.0,0.0,4.666666666666667,2.3094010767585034,5.666666666666667,1.0,4.833333333333333,5.333333333333333,6.0,0.0,0.75,1.0,1,2026,6,2026_6,Lewis Hamilton
10,10.0,0.0,12.0,6.999999999999999,12.333333333333334,0.3333333333333333,14.333333333333334,12.0,8.0,0.0,1.0,0.3333333333333333,5,2026,6,2026_6,Liam Lawson
2,2.0,0.0,5.333333333333333,2.51661147842359,6.333333333333333,1.0,9.166666666666666,9.333333333333334,3.5,0.0,0.25,1.0,-20,2026,6,2026_6,Max Verstappen
13,13.0,0.0,14.0,4.358898943540674,11.333333333333334,-2.6666666666666665,13.333333333333334,12.833333333333334,17.333333333333332,0.0,-0.6666666666666666,-2.6666666666666665,0,2026,6,2026_6,Nico Hülkenberg
19,19.0,0.0,14.333333333333334,6.658328118479394,15.333333333333334,1.0,13.333333333333334,14.833333333333334,12.0,0.0,8.0,1.0,-1,2026,6,2026_6,Oliver Bearman
7,7.0,0.0,5.333333333333333,4.93288286231624,4.666666666666667,-0.6666666666666666,6.833333333333333,4.333333333333333,5.0,0.0,0.3333333333333333,-0.6666666666666666,3,2026,6,2026_6,Oscar Piastri
9,9.0,0.0,12.0,7.810249675906654,10.0,-2.0,10.833333333333334,10.5,12.0,0.0,0.75,-2.0,2,2026,6,2026_6,Pierre Gasly
18,18.0,0.0,16.666666666666668,0.5773502691896232,19.666666666666668,3.0,17.166666666666668,20.0,11.666666666666666,0.0,1.3333333333333333,3.0,3,2026,6,2026_6,Sergio Pérez
20,20.0,0.0,17.666666666666668,1.5275252316519472,20.333333333333332,2.6666666666666665,17.166666666666668,20.0,11.0,0.0,3.6666666666666665,2.3333333333333335,-1,2026,6,2026_6,Valtteri Bottas
18,18.0,0.0,13.0,6.999999999999999,14.666666666666666,1.6666666666666667,12.166666666666666,14.0,17.75,0.0,-1.0,1.6666666666666667,0,2026,7,2026_7,Alexander Albon
3,3.0,0.0,1.0,0.0,1.3333333333333333,0.3333333333333333,6.333333333333333,2.6666666666666665,18.0,0.0,-12.0,0.3333333333333333,-13,2026,7,2026_7,Andrea Kimi Antonelli
11,11.0,0.0,14.0,7.999999999999999,13.333333333333334,-0.6666666666666666,12.333333333333334,12.166666666666666,10.0,0.0,0.0,-0.6666666666666666,2,2026,7,2026_7,Arvid Lindblad
16,16.0,0.0,11.333333333333334,4.041451884327381,13.333333333333334,2.0,12.166666666666666,14.0,7.25,0.0,-0.25,2.0,4,2026,7,2026_7,Carlos Sainz
10,10.0,0.0,9.666666666666666,6.65832811847939,5.0,-4.666666666666667,6.5,4.833333333333333,9.75,0.0,-1.75,-4.666666666666667,-5,2026,7,2026_7,Charles Leclerc
17,17.0,0.0,12.0,2.6457513110645894,16.0,4.0,12.833333333333334,15.833333333333334,10.25,0.0,0.25,4.0,4,2026,7,2026_7,Esteban Ocon
22,22.0,0.0,15.0,4.999999999999996,19.0,4.0,15.833333333333334,19.666666666666668,9.25,0.0,2.75,4.0,3,2026,7,2026_7,Fernando Alonso
13,13.0,0.0,9.0,4.358898943540674,10.666666666666666,1.6666666666666667,10.5,10.666666666666666,15.0,0.0,3.0,1.6666666666666667,3,2026,7,2026_7,Franco Colapinto
12,12.0,0.0,12.0,1.000000000000005,16.666666666666668,4.666666666666667,13.333333333333334,14.0,12.0,0.0,0.0,4.666666666666667,1,2026,7,2026_7,Gabriel Bortoleto
1,1.0,0.0,11.666666666666666,7.505553499465135,4.0,-7.666666666666667,6.333333333333333,2.6666666666666665,3.5,0.0,2.5,-7.666666666666667,-1,2026,7,2026_7,George Russell
6,6.0,0.0,10.0,10.44030650891055,11.333333333333334,1.3333333333333333,10.0,7.333333333333333,7.0,0.0,2.0,1.3333333333333333,0,2026,7,2026_7,Isack Hadjar
21,21.0,0.0,16.666666666666668,1.5275252316519468,20.333333333333332,3.6666666666666665,15.833333333333334,19.666666666666668,11.666666666666666,0.0,0.3333333333333333,4.0,-1,2026,7,2026_7,Lance Stroll
4,4.0,0.0,13.0,9.539392014169458,5.0,-8.0,9.5,5.5,7.25,0.0,-3.0,-8.0,1,2026,7,2026_7,Lando Norris
2,2.0,0.0,3.3333333333333335,2.3094010767585034,4.666666666666667,1.3333333333333333,6.5,4.833333333333333,4.0,0.0,0.5,1.3333333333333333,1,2026,7,2026_7,Lewis Hamilton
8,8.0,0.0,10.666666666666666,8.144527815247077,11.0,0.3333333333333333,12.333333333333334,12.166666666666666,11.0,0.0,2.0,0.3333333333333333,0,2026,7,2026_7,Liam Lawson
5,5.0,0.0,10.0,10.440306508910549,3.3333333333333335,-6.666666666666667,10.0,7.333333333333333,3.25,0.0,-1.25,-6.666666666666667,1,2026,7,2026_7,Max Verstappen
9,9.0,0.0,14.666666666666666,3.785938897200183,11.333333333333334,-3.3333333333333335,13.333333333333334,14.0,10.333333333333334,0.0,1.3333333333333333,-3.3333333333333335,-11,2026,7,2026_7,Nico Hülkenberg
15,15.0,0.0,13.666666666666666,5.507570547286104,15.666666666666666,2.0,12.833333333333334,15.833333333333334,17.0,0.0,-3.0,2.0,-2,2026,7,2026_7,Oliver Bearman
7,7.0,0.0,6.0,4.358898943540666,6.0,0.0,9.5,5.5,7.0,0.0,-0.6666666666666666,0.0,2,2026,7,2026_7,Oscar Piastri
14,14.0,0.0,12.0,7.810249675906654,10.666666666666666,-1.3333333333333333,10.5,10.666666666666666,10.0,0.0,-0.25,-1.3333333333333333,7,2026,7,2026_7,Pierre Gasly
19,19.0,0.0,16.0,0.9999999999999987,19.333333333333332,3.3333333333333335,17.166666666666668,19.833333333333332,4.666666666666667,0.0,4.333333333333333,3.3333333333333335,5,2026,7,2026_7,Sergio Pérez
20,20.0,0.0,18.333333333333332,2.516611478423584,20.333333333333332,2.0,17.166666666666668,19.833333333333332,13.666666666666666,0.0,-2.0,1.6666666666666667,-1,2026,7,2026_7,Valtteri Bottas
18,18.0,0.0,15.666666666666666,6.806859285554045,15.666666666666666,0.0,14.0,15.0,13.75,-0.25,-0.5,0.0,1,2026,8,2026_8,Alexander Albon
4,4.0,0.0,6.0,8.660254037844387,2.0,-4.0,8.5,2.3333333333333335,19.0,-0.25,-10.0,-4.0,1,2026,8,2026_8,Andrea Kimi Antonelli
10,10.0,0.0,12.333333333333334,8.504900548115382,11.666666666666666,-0.6666666666666666,9.5,10.833333333333334,10.0,-0.25,0.0,-0.6666666666666666,0,2026,8,2026_8,Arvid Lindblad
17,17.0,0.0,12.333333333333334,3.511884584284246,14.333333333333334,2.0,14.0,15.0,11.75,-0.25,-4.5,2.0,-3,2026,8,2026_8,Carlos Sainz
2,2.0,0.0,12.0,6.999999999999995,7.333333333333333,-4.666666666666667,6.833333333333333,5.333333333333333,4.25,-0.25,-1.25,-4.666666666666667,-6,2026,8,2026_8,Charles Leclerc
15,15.0,0.0,12.0,2.6457513110645894,17.0,5.0,13.833333333333334,16.833333333333332,10.25,-0.25,1.0,5.0,-1,2026,8,2026_8,Esteban Ocon
21,21.0,0.0,16.333333333333332,5.5075705472860985,20.666666666666668,4.333333333333333,17.333333333333332,21.0,10.0,-0.25,3.0,4.333333333333333,3,2026,8,2026_8,Fernando Alonso
16,16.0,0.0,10.0,4.0,12.333333333333334,2.3333333333333335,8.666666666666666,12.333333333333334,15.0,-0.25,-1.0,2.3333333333333335,1,2026,8,2026_8,Franco Colapinto
12,12.0,0.0,11.666666666666666,1.154700538379257,13.666666666666666,2.0,13.333333333333334,12.333333333333334,8.0,-0.25,0.0,2.0,1,2026,8,2026_8,Gabriel Bortoleto
1,1.0,0.0,11.0,8.54400374531753,2.6666666666666665,-8.333333333333334,8.5,2.3333333333333335,4.25,-0.25,1.5,-8.333333333333334,0,2026,8,2026_8,George Russell
8,8.0,0.0,4.666666666666667,1.5275252316519559,6.0,1.3333333333333333,7.166666666666667,5.166666666666667,12.0,-0.25,1.0,1.3333333333333333,2,2026,8,2026_8,Isack Hadjar
22,22.0,0.0,18.333333333333332,3.5118845842842465,21.333333333333332,3.0,17.333333333333332,21.0,12.25,-0.25,0.5,3.3333333333333335,3,2026,8,2026_8,Lance Stroll
6,6.0,0.0,13.333333333333334,8.962886439832502,5.0,-8.333333333333334,10.0,5.5,8.0,-0.25,-3.75,-8.333333333333334,-1,2026,8,2026_8,Lando Norris
3,3.0,0.0,1.6666666666666667,0.5773502691896258,3.3333333333333335,1.6666666666666667,6.833333333333333,5.333333333333333,4.75,-0.25,0.75,1.6666666666666667,-2,2026,8,2026_8,Lewis Hamilton
9,9.0,0.0,6.666666666666667,1.5275252316519379,10.0,3.3333333333333335,9.5,10.833333333333334,6.0,-0.25,0.0,3.3333333333333335,0,2026,8,2026_8,Liam Lawson
5,5.0,0.0,9.666666666666666,10.692676621563626,4.333333333333333,-5.333333333333333,7.166666666666667,5.166666666666667,6.5,-0.25,-4.0,-5.333333333333333,3,2026,8,2026_8,Max Verstappen
14,14.0,0.0,15.0,4.358898943540674,11.0,-4.0,13.333333333333334,12.333333333333334,11.666666666666666,-0.25,0.6666666666666666,-4.0,2,2026,8,2026_8,Nico Hülkenberg
13,13.0,0.0,15.666666666666666,5.131601439446887,16.666666666666668,1.0,13.833333333333334,16.833333333333332,11.0,-0.25,4.0,1.0,-1,2026,8,2026_8,Oliver Bearman
7,7.0,0.0,6.666666666666667,3.7859388972001744,6.0,-0.6666666666666666,10.0,5.5,6.666666666666667,-0.25,1.0,-0.6666666666666666,3,2026,8,2026_8,Oscar Piastri
11,11.0,0.0,7.333333333333333,0.5773502691895942,12.333333333333334,5.0,8.666666666666666,12.333333333333334,12.0,-0.25,-0.5,5.0,-2,2026,8,2026_8,Pierre Gasly
19,19.0,0.0,15.333333333333334,1.527525231651946,19.0,3.6666666666666665,17.333333333333332,19.833333333333332,10.0,-0.25,-0.6666666666666666,3.6666666666666665,-2,2026,8,2026_8,Sergio Pérez
20,20.0,0.0,19.333333333333332,2.88675134594813,20.666666666666668,1.3333333333333333,17.333333333333332,19.833333333333332,14.0,-0.25,-3.3333333333333335,1.0,-2,2026,8,2026_8,Valtteri Bottas
16,16.0,0.0,14.333333333333334,5.5075705472861,15.666666666666666,1.3333333333333333,15.166666666666666,15.333333333333334,11.25,0.0,0.25,1.3333333333333333,-5,2026,9,2026_9,Alexander Albon
1,1.0,0.0,6.666666666666667,8.144527815247077,2.6666666666666665,-4.0,5.833333333333333,2.6666666666666665,16.0,0.0,-6.0,-4.0,-14,2026,9,2026_9,Andrea Kimi Antonelli
9,9.0,0.0,8.333333333333334,2.0816659994661326,12.0,3.6666666666666665,7.833333333333333,10.5,10.0,0.0,0.0,3.6666666666666665,2,2026,9,2026_9,Arvid Lindblad
14,15.0,-1.0,16.0,3.9999999999999996,15.0,-1.0,15.166666666666666,15.333333333333334,7.0,0.0,-1.5,-1.0,-3,2026,9,2026_9,Carlos Sainz
2,2.0,0.0,13.333333333333334,4.725815626252598,5.333333333333333,-8.0,8.0,4.0,10.25,0.0,-4.25,-8.0,1,2026,9,2026_9,Charles Leclerc
17,17.0,0.0,12.666666666666666,3.5118845842842457,16.333333333333332,3.6666666666666665,14.833333333333334,16.0,16.0,0.0,-1.0,3.6666666666666665,4,2026,9,2026_9,Esteban Ocon
21,22.0,-1.0,15.666666666666666,4.932882862316243,21.333333333333332,5.666666666666667,17.666666666666668,21.5,7.25,0.0,1.0,5.666666666666667,3,2026,9,2026_9,Fernando Alonso
19,19.0,0.0,13.0,2.6457513110645907,14.333333333333334,1.3333333333333333,11.0,12.833333333333334,20.0,0.0,0.0,1.3333333333333333,10,2026,9,2026_9,Franco Colapinto
11,11.0,0.0,11.0,0.0,13.333333333333334,2.3333333333333335,13.0,12.666666666666666,18.0,0.0,-2.0,2.3333333333333335,3,2026,9,2026_9,Gabriel Bortoleto
4,4.0,0.0,5.0,6.082762530298219,2.6666666666666665,-2.3333333333333335,5.833333333333333,2.6666666666666665,13.0,0.0,-8.25,-2.3333333333333335,2,2026,9,2026_9,George Russell
5,5.0,0.0,5.0,1.7320508075688854,6.333333333333333,1.3333333333333333,7.166666666666667,5.166666666666667,17.0,0.0,-5.0,1.3333333333333333,0,2026,9,2026_9,Isack Hadjar
22,21.0,1.0,19.666666666666668,2.081665999466134,21.666666666666668,2.0,17.666666666666668,21.5,9.75,0.0,4.5,2.0,3,2026,9,2026_9,Lance Stroll
6,6.0,0.0,9.666666666666666,8.32666399786453,6.0,-3.6666666666666665,7.0,6.5,3.0,0.0,0.5,-3.6666666666666665,2,2026,9,2026_9,Lando Norris
3,3.0,0.0,2.6666666666666665,2.0816659994661326,2.6666666666666665,0.0,8.0,4.0,2.75,0.0,2.0,0.0,0,2026,9,2026_9,Lewis Hamilton
10,10.0,0.0,7.333333333333333,2.0816659994661264,9.0,1.6666666666666667,7.833333333333333,10.5,19.0,0.0,-4.0,1.6666666666666667,4,2026,9,2026_9,Liam Lawson
7,7.0,0.0,9.333333333333334,11.015141094572202,4.0,-5.333333333333333,7.166666666666667,5.166666666666667,3.75,0.0,-1.75,-5.333333333333333,-13,2026,9,2026_9,Max Verstappen
12,13.0,-1.0,15.0,4.358898943540674,12.0,-3.0,13.0,12.666666666666666,7.333333333333333,0.0,4.666666666666667,-3.0,-10,2026,9,2026_9,Nico Hülkenberg
13,14.0,-1.0,17.0,3.000000000000004,15.666666666666666,-1.3333333333333333,14.833333333333334,16.0,11.0,0.0,7.0,-1.3333333333333333,1,2026,9,2026_9,Oliver Bearman
8,8.0,0.0,4.333333333333333,0.5773502691895602,7.0,2.6666666666666665,7.0,6.5,3.3333333333333335,0.0,0.0,2.6666666666666665,-3,2026,9,2026_9,Oscar Piastri
15,12.0,3.0,9.0,3.4641016151377544,11.333333333333334,2.3333333333333335,11.0,12.833333333333334,15.0,0.0,-3.0,2.3333333333333335,5,2026,9,2026_9,Pierre Gasly
20,20.0,0.0,16.666666666666668,3.7859388972001815,18.666666666666668,2.0,19.0,19.333333333333332,8.333333333333334,0.0,4.666666666666667,2.0,6,2026,9,2026_9,Sergio Pérez
18,18.0,0.0,21.333333333333332,0.5773502691896263,20.0,-1.3333333333333333,19.0,19.333333333333332,14.666666666666666,0.0,1.3333333333333333,-1.3333333333333333,2,2026,9,2026_9,Valtteri Bottas
15,17.0,-2.0,18.666666666666668,2.081665999466128,17.333333333333332,-1.3333333333333333,17.5,16.666666666666668,10.5,-0.35,-1.5,-1.3333333333333333,0,2026,10,2026_10,Alexander Albon
1,1.0,0.0,11.333333333333334,7.234178138070234,2.6666666666666665,-8.666666666666666,6.5,2.3333333333333335,16.0,-0.35,3.0,-8.666666666666666,0,2026,10,2026_10,Andrea Kimi Antonelli
7,8.0,-1.0,8.666666666666666,1.5275252316519459,10.0,1.3333333333333333,8.166666666666666,9.5,10.0,-0.35,0.0,1.3333333333333333,-2,2026,10,2026_10,Arvid Lindblad
19,15.0,4.0,16.333333333333332,4.04145188432738,16.0,-0.3333333333333333,17.5,16.666666666666668,11.5,-0.35,-4.25,-0.6666666666666666,3,2026,10,2026_10,Carlos Sainz
4,5.0,-1.0,8.0,6.999999999999998,4.666666666666667,-3.3333333333333335,5.5,3.6666666666666665,3.75,-0.35,1.25,-3.3333333333333335,2,2026,10,2026_10,Charles Leclerc
16,18.0,-2.0,14.0,1.7320508075688763,16.333333333333332,2.3333333333333335,14.166666666666666,15.166666666666666,9.75,-0.35,2.75,2.3333333333333335,-1,2026,10,2026_10,Esteban Ocon
22,21.0,1.0,18.333333333333332,0.5773502691895885,21.666666666666668,3.3333333333333335,19.166666666666668,21.5,8.75,-0.35,1.25,3.0,3,2026,10,2026_10,Fernando Alonso
11,13.0,-2.0,11.333333333333334,3.2145502536643185,16.0,4.666666666666667,10.666666666666666,14.166666666666666,19.0,-0.35,-4.0,4.666666666666667,1,2026,10,2026_10,Franco Colapinto
8,9.0,-1.0,10.0,1.7320508075688772,11.666666666666666,1.6666666666666667,14.0,11.833333333333334,9.0,-0.35,1.0,1.6666666666666667,0,2026,10,2026_10,Gabriel Bortoleto
3,4.0,-1.0,1.6666666666666667,0.5773502691896257,2.0,0.3333333333333333,6.5,2.3333333333333335,8.75,-0.35,-2.5,0.3333333333333333,-19,2026,10,2026_10,George Russell
21,10.0,11.0,5.666666666666667,0.5773502691896258,6.333333333333333,0.6666666666666666,7.166666666666667,6.0,20.0,-0.35,-12.0,0.6666666666666666,15,2026,10,2026_10,Isack Hadjar
20,22.0,-2.0,20.0,1.7320508075688785,21.333333333333332,1.3333333333333333,19.166666666666668,21.5,11.25,-0.35,1.25,1.6666666666666667,0,2026,10,2026_10,Lance Stroll
13,3.0,10.0,4.666666666666667,2.081665999466129,5.333333333333333,0.6666666666666666,5.666666666666667,6.333333333333333,6.5,-0.35,0.75,0.6666666666666666,6,2026,10,2026_10,Lando Norris
5,6.0,-1.0,3.0,1.9999999999999998,2.6666666666666665,-0.3333333333333333,5.5,3.6666666666666665,8.0,-0.35,-1.0,-0.3333333333333333,1,2026,10,2026_10,Lewis Hamilton
9,11.0,-2.0,7.666666666666667,1.5275252316519385,9.0,1.3333333333333333,8.166666666666666,9.5,8.0,-0.35,1.0,1.3333333333333333,-3,2026,10,2026_10,Liam Lawson
2,2.0,0.0,8.666666666666666,9.865765724632494,5.666666666666667,-3.0,7.166666666666667,6.0,2.5,-0.35,6.25,-3.0,-1,2026,10,2026_10,Max Verstappen
12,14.0,-2.0,18.0,5.291502622129181,12.0,-6.0,14.0,11.833333333333334,16.0,-0.35,0.6666666666666666,-6.333333333333333,-1,2026,10,2026_10,Nico Hülkenberg
14,16.0,-2.0,14.333333333333334,2.5166114784235885,14.0,-0.3333333333333333,14.166666666666666,15.166666666666666,11.0,-0.35,1.0,-0.6666666666666666,0,2026,10,2026_10,Oliver Bearman
6,7.0,-1.0,6.666666666666667,3.7859388972001744,7.333333333333333,0.6666666666666666,5.666666666666667,6.333333333333333,7.666666666666667,-0.35,-3.6666666666666665,0.6666666666666666,1,2026,10,2026_10,Oscar Piastri
10,12.0,-2.0,10.0,3.0,12.333333333333334,2.3333333333333335,10.666666666666666,14.166666666666666,10.75,-0.35,-1.5,3.3333333333333335,-1,2026,10,2026_10,Pierre Gasly
18,20.0,-2.0,16.333333333333332,4.04145188432738,19.333333333333332,3.0,18.0,19.333333333333332,3.6666666666666665,-0.35,-1.6666666666666667,3.0,-3,2026,10,2026_10,Sergio Pérez
17,19.0,-2.0,19.666666666666668,3.214550253664319,19.333333333333332,-0.3333333333333333,18.0,19.333333333333332,15.333333333333334,-0.35,-2.0,-0.3333333333333333,-1,2026,10,2026_10,Valtteri Bottas
19,19.0,0.0,17.666666666666668,3.0550504633038904,17.0,-0.6666666666666666,17.666666666666668,16.333333333333332,14.25,-0.25,2.0,-1.3333333333333333,2,2026,11,2026_11,Alexander Albon
7,4.0,3.0,6.333333333333333,7.571877794400365,2.0,-4.333333333333333,7.333333333333333,2.5,10.0,-0.25,5.0,-4.333333333333333,4,2026,11,2026_11,Andrea Kimi Antonelli
9,9.0,0.0,8.666666666666666,1.5275252316519459,9.0,0.3333333333333333,8.833333333333334,9.5,10.0,-0.25,0.0,0.0,-1,2026,11,2026_11,Arvid Lindblad
18,18.0,0.0,17.666666666666668,2.081665999466133,15.666666666666666,-2.0,17.666666666666668,16.333333333333332,8.0,-0.25,-0.5,-1.0,0,2026,11,2026_11,Carlos Sainz
2,3.0,-1.0,3.6666666666666665,3.785938897200187,3.0,-0.6666666666666666,3.8333333333333335,3.5,5.25,-0.25,-1.25,-1.0,-2,2026,11,2026_11,Charles Leclerc
15,15.0,0.0,15.333333333333334,2.0816659994661317,16.666666666666668,1.3333333333333333,14.333333333333334,15.5,15.5,-0.25,-2.25,0.6666666666666666,-1,2026,11,2026_11,Esteban Ocon
16,16.0,0.0,18.333333333333332,0.5773502691896263,21.333333333333332,3.0,18.833333333333332,21.5,8.25,-0.25,-1.75,3.0,2,2026,11,2026_11,Fernando Alonso
13,13.0,0.0,11.333333333333334,3.2145502536643185,16.0,4.666666666666667,11.333333333333334,13.833333333333334,18.0,-0.25,-4.0,4.0,-2,2026,11,2026_11,Franco Colapinto
14,14.0,0.0,9.0,1.7320508075688772,10.666666666666666,1.6666666666666667,12.333333333333334,12.166666666666666,6.0,-0.25,1.0,1.3333333333333333,3,2026,11,2026_11,Gabriel Bortoleto
6,7.0,-1.0,8.333333333333334,11.846237095944574,3.0,-5.333333333333333,7.333333333333333,2.5,5.0,-0.25,5.0,-5.666666666666667,-1,2026,11,2026_11,George Russell
8,8.0,0.0,5.666666666666667,0.5773502691896258,7.666666666666667,2.0,7.0,6.166666666666667,11.0,-0.25,-1.0,5.666666666666667,2,2026,11,2026_11,Isack Hadjar
20,20.0,0.0,19.333333333333332,0.5773502691896263,21.666666666666668,2.3333333333333335,18.833333333333332,21.5,9.5,-0.25,1.0,2.0,7,2026,11,2026_11,Lance Stroll
1,1.0,0.0,6.0,1.7320508075688739,5.0,-1.0,6.333333333333333,6.166666666666667,3.0,-0.25,-0.25,2.3333333333333335,0,2026,11,2026_11,Lando Norris
5,2.0,3.0,4.0,0.9999999999999989,4.0,0.0,3.8333333333333335,3.5,5.25,-0.25,1.0,-0.3333333333333333,0,2026,11,2026_11,Lewis Hamilton
11,11.0,0.0,9.0,2.999999999999996,10.0,1.0,8.833333333333334,9.5,8.0,-0.25,1.0,0.3333333333333333,3,2026,11,2026_11,Liam Lawson
4,6.0,-2.0,8.333333333333334,10.115993936995677,4.666666666666667,-3.6666666666666665,7.0,6.166666666666667,4.0,-0.25,1.75,-3.6666666666666665,2,2026,11,2026_11,Max Verstappen
10,10.0,0.0,15.666666666666666,5.507570547286102,13.666666666666666,-2.0,12.333333333333334,12.166666666666666,13.333333333333334,-0.25,-0.3333333333333333,-3.0,1,2026,11,2026_11,Nico Hülkenberg
17,17.0,0.0,13.333333333333334,1.154700538379263,14.333333333333334,1.0,14.333333333333334,15.5,20.0,-0.25,-9.0,0.0,-2,2026,11,2026_11,Oliver Bearman
3,5.0,-2.0,6.666666666666667,3.7859388972001744,7.333333333333333,0.6666666666666666,6.333333333333333,6.166666666666667,2.6666666666666665,-0.25,0.0,0.3333333333333333,-17,2026,11,2026_11,Oscar Piastri
12,12.0,0.0,11.333333333333334,1.5275252316519468,11.666666666666666,0.3333333333333333,11.333333333333334,13.833333333333334,17.75,-0.25,-5.0,0.6666666666666666,0,2026,11,2026_11,Pierre Gasly
22,22.0,0.0,18.666666666666668,4.04145188432738,19.666666666666668,1.0,18.666666666666668,19.333333333333332,5.0,-0.25,7.0,0.3333333333333333,1,2026,11,2026_11,Sergio Pérez
21,21.0,0.0,18.666666666666668,3.055050463303894,19.0,0.3333333333333333,18.666666666666668,19.333333333333332,16.0,-0.25,-7.0,-0.3333333333333333,-1,2026,11,2026_11,Valtteri Bottas
16,16.0,0.0,17.666666666666668,3.0550504633038904,17.333333333333332,-0.3333333333333333,17.333333333333332,16.666666666666668,9.75,-0.25,3.5,-1.0,-1,2026,12,2026_12,Alexander Albon
3,3.0,0.0,6.333333333333333,7.571877794400365,2.0,-4.333333333333333,8.333333333333334,3.5,16.0,-0.25,-5.0,-3.3333333333333335,1,2026,12,2026_12,Andrea Kimi Antonelli
10,10.0,0.0,8.666666666666666,1.5275252316519459,8.666666666666666,0.0,8.666666666666666,9.666666666666666,10.0,-0.25,0.0,-0.3333333333333333,-2,2026,12,2026_12,Arvid Lindblad
17,17.0,0.0,17.0,1.0000000000000018,16.0,-1.0,17.333333333333332,16.666666666666668,7.75,-0.25,-0.75,0.0,1,2026,12,2026_12,Carlos Sainz
6,6.0,0.0,2.3333333333333335,1.527525231651964,3.3333333333333335,1.0,3.1666666666666665,3.5,11.0,-0.25,-5.25,0.3333333333333333,1,2026,12,2026_12,Charles Leclerc
15,15.0,0.0,15.333333333333334,2.0816659994661317,16.666666666666668,1.3333333333333333,15.166666666666666,16.166666666666668,11.0,-0.25,4.25,0.6666666666666666,-4,2026,12,2026_12,Esteban Ocon
18,18.0,0.0,17.0,2.6457513110645907,19.666666666666668,2.6666666666666665,17.166666666666668,20.333333333333332,6.5,-0.25,2.25,2.6666666666666665,9,2026,12,2026_12,Fernando Alonso
14,14.0,0.0,11.333333333333334,3.2145502536643185,15.0,3.6666666666666665,11.166666666666666,13.5,11.0,-0.25,5.0,3.0,0,2026,12,2026_12,Franco Colapinto
9,9.0,0.0,9.0,1.7320508075688772,11.333333333333334,2.3333333333333335,11.833333333333334,11.833333333333334,15.0,-0.25,-2.0,2.0,-4,2026,12,2026_12,Gabriel Bortoleto
2,2.0,0.0,10.333333333333334,10.408329997330664,5.0,-5.333333333333333,8.333333333333334,3.5,7.5,-0.25,-3.0,-6.0,-1,2026,12,2026_12,George Russell
19,19.0,0.0,17.333333333333332,3.785938897200182,21.0,3.6666666666666665,17.166666666666668,20.333333333333332,10.25,-0.25,1.75,3.3333333333333335,-1,2026,12,2026_12,Lance Stroll
1,1.0,0.0,4.0,2.999999999999997,3.3333333333333335,-0.6666666666666666,8.0,5.0,8.25,-0.25,-5.25,2.6666666666666665,0,2026,12,2026_12,Lando Norris
5,5.0,0.0,4.0,0.9999999999999989,3.6666666666666665,-0.3333333333333333,3.1666666666666665,3.5,9.5,-0.25,0.0,0.3333333333333333,1,2026,12,2026_12,Lewis Hamilton
8,8.0,0.0,8.666666666666666,3.055050463303889,10.666666666666666,2.0,7.0,6.333333333333333,12.5,-0.25,1.0,1.3333333333333333,1,2026,12,2026_12,Liam Lawson
7,7.0,0.0,8.333333333333334,10.115993936995677,5.0,-3.3333333333333335,7.0,6.333333333333333,1.5,-0.25,0.25,-4.0,-15,2026,12,2026_12,Max Verstappen
13,13.0,0.0,14.666666666666666,6.6583281184793925,12.333333333333334,-2.3333333333333335,11.833333333333334,11.833333333333334,12.333333333333334,-0.25,2.0,-3.3333333333333335,5,2026,12,2026_12,Nico Hülkenberg
20,20.0,0.0,15.0,3.605551275463993,15.666666666666666,0.6666666666666666,15.166666666666666,16.166666666666668,6.0,-0.25,14.0,-0.3333333333333333,-1,2026,12,2026_12,Oliver Bearman
4,4.0,0.0,12.0,7.549834435270749,6.666666666666667,-5.333333333333333,8.0,5.0,4.666666666666667,-0.25,-0.6666666666666666,-6.333333333333333,-2,2026,12,2026_12,Oscar Piastri
11,11.0,0.0,11.0,1.0000000000000004,12.0,1.0,11.166666666666666,13.5,10.0,-0.25,1.5,1.3333333333333333,1,2026,12,2026_12,Pierre Gasly
22,22.0,0.0,18.666666666666668,4.04145188432738,20.666666666666668,2.0,18.666666666666668,20.0,5.0,-0.25,0.6666666666666666,1.3333333333333333,7,2026,12,2026_12,Sergio Pérez
21,21.0,0.0,18.666666666666668,3.055050463303894,19.333333333333332,0.6666666666666666,18.666666666666668,20.0,17.333333333333332,-0.25,-0.6666666666666666,0.0,3,2026,12,2026_12,Valtteri Bottas
12,12.0,0.0,12.0,2.0,15.0,3.0,8.666666666666666,9.666666666666666,15.25,-0.25,-3.0,3.0,1,2026,12,2026_12,Yuki Tsunoda
20,18.0,2.0,16.333333333333332,1.1547005383792448,17.333333333333332,1.0,16.5,17.0,7.666666666666667,0.0,2.0,0.3333333333333333,3,2026,13,2026_13,Alexander Albon
19,7.0,12.0,2.0,0.9999999999999929,2.6666666666666665,0.6666666666666666,6.333333333333333,3.5,9.0,0.0,-3.0,1.6666666666666667,18,2026,13,2026_13,Andrea Kimi Antonelli
9,10.0,-1.0,10.333333333333334,1.5275252316519459,9.0,-1.3333333333333333,10.333333333333334,10.166666666666666,10.0,0.0,0.0,-1.6666666666666667,1,2026,13,2026_13,Arvid Lindblad
13,15.0,-2.0,16.666666666666668,1.1547005383792532,16.666666666666668,0.0,16.5,17.0,5.5,0.0,3.75,1.3333333333333333,0,2026,13,2026_13,Carlos Sainz
3,4.0,-1.0,3.6666666666666665,1.5275252316519574,4.666666666666667,1.0,4.0,4.5,2.75,0.0,0.25,0.3333333333333333,-19,2026,13,2026_13,Charles Leclerc
14,16.0,-2.0,17.333333333333332,1.5275252316519454,16.0,-1.3333333333333333,17.666666666666668,16.833333333333332,14.75,0.0,0.75,-2.0,-2,2026,13,2026_13,Esteban Ocon
21,21.0,0.0,14.0,5.0,18.333333333333332,4.333333333333333,15.833333333333334,19.333333333333332,14.5,0.0,-5.75,4.666666666666667,0,2026,13,2026_13,Fernando Alonso
7,8.0,-1.0,13.0,2.6457513110645907,13.333333333333334,0.3333333333333333,12.0,12.5,14.5,0.0,3.0,-0.3333333333333333,-2,2026,13,2026_13,Franco Colapinto
10,11.0,-1.0,10.666666666666666,2.5166114784235836,10.666666666666666,0.0,10.333333333333334,11.5,8.0,0.0,-1.0,-0.3333333333333333,-1,2026,13,2026_13,Gabriel Bortoleto
2,2.0,0.0,10.666666666666666,10.016652800877814,4.333333333333333,-6.333333333333333,6.333333333333333,3.5,5.0,0.0,-1.5,-7.0,0,2026,13,2026_13,George Russell
18,22.0,-4.0,17.666666666666668,4.04145188432738,20.333333333333332,2.6666666666666665,15.833333333333334,19.333333333333332,17.75,0.0,-1.5,2.0,-2,2026,13,2026_13,Lance Stroll
8,9.0,-1.0,3.0,3.4641016151377517,1.6666666666666667,-1.3333333333333333,6.666666666666667,3.5,5.0,0.0,-1.25,2.0,4,2026,13,2026_13,Lando Norris
4,5.0,-1.0,4.333333333333333,0.5773502691896231,4.333333333333333,0.0,4.0,4.5,5.5,0.0,5.25,0.6666666666666666,-2,2026,13,2026_13,Lewis Hamilton
22,14.0,8.0,9.0,2.645751311064586,10.0,1.0,7.666666666666667,6.833333333333333,12.5,0.0,2.5,0.3333333333333333,8,2026,13,2026_13,Liam Lawson
5,6.0,-1.0,9.0,11.269427669584644,5.0,-4.0,7.666666666666667,6.833333333333333,2.25,0.0,2.0,-4.666666666666667,2,2026,13,2026_13,Max Verstappen
12,13.0,-1.0,10.0,2.6457513110645894,12.333333333333334,2.3333333333333335,10.333333333333334,11.5,18.0,0.0,-6.333333333333333,1.6666666666666667,0,2026,13,2026_13,Nico Hülkenberg
11,12.0,-1.0,18.0,3.605551275463993,17.666666666666668,-0.3333333333333333,17.666666666666668,16.833333333333332,12.0,0.0,-1.0,-1.0,-4,2026,13,2026_13,Oliver Bearman
6,3.0,3.0,10.333333333333334,8.38649708360608,5.333333333333333,-5.0,6.666666666666667,3.5,5.666666666666667,0.0,-1.6666666666666667,-6.0,1,2026,13,2026_13,Oscar Piastri
1,1.0,0.0,11.0,1.0000000000000004,11.666666666666666,0.6666666666666666,12.0,12.5,13.5,0.0,0.5,0.0,-6,2026,13,2026_13,Pierre Gasly
17,20.0,-3.0,19.0,3.4641016151377544,21.333333333333332,2.3333333333333335,19.166666666666668,20.833333333333332,5.333333333333333,0.0,3.3333333333333335,1.6666666666666667,-1,2026,13,2026_13,Sergio Pérez
16,19.0,-3.0,19.333333333333332,2.3094010767585034,20.333333333333332,1.0,19.166666666666668,20.833333333333332,13.0,0.0,3.0,0.3333333333333333,-3,2026,13,2026_13,Valtteri Bottas
15,17.0,-2.0,11.666666666666666,2.0816659994661326,12.666666666666666,1.0,10.333333333333334,10.166666666666666,16.75,0.0,-2.75,0.6666666666666666,5,2026,13,2026_13,Yuki Tsunoda
